**********************
Windows PowerShell transcript start
Start time: 20260729155234
Username: FARHAN\Admin
RunAs User: FARHAN\Admin
Configuration Name: 
Machine: FARHAN (Microsoft Windows NT 10.0.26200.0)
Host Application: C:\WINDOWS\System32\WindowsPowerShell\v1.0\powershell.exe -ExecutionPolicy RemoteSigned -File C:\Users\Admin\Documents\GitHub\WinAurex\WinAurex-OS-Builder\WinAurexCoreMaker_auto.ps1
Process ID: 11148
PSVersion: 5.1.26100.8115
PSEdition: Desktop
PSCompatibleVersions: 1.0, 2.0, 3.0, 4.0, 5.0, 5.1.26100.8115
BuildVersion: 10.0.26100.8115
CLRVersion: 4.0.30319.42000
WSManStackVersion: 3.0
PSRemotingProtocolVersion: 2.3
SerializationVersion: 1.1.0.1
**********************
Transcript started, output file is C:\Users\Admin\Documents\GitHub\WinAurex\WinAurex-OS-Builder\WinAurex.log
Welcome to WinAurex Core builder! BETA 09-05-25
This script generates a significantly reduced Windows 11 image. However, it's not suitable for regular use due to its lack of serviceability - you can't add languages, updates, or features post-creation. WinAurex Core is not a full Windows 11 substitute but a rapid testing or development tool, potentially useful for VM environments.
Do you want to continue? (y/n)
Off we go...
Found install.esd, converting to install.wim...

Deployment Image Servicing and Management tool
Version: 10.0.26100.5074

Details for image : H:\sources\install.esd

Index : 1
Name : Windows 11 Pro
Description : Windows 11 Pro
Size : 10,214,395,540 bytes

The operation completed successfully.

Converting install.esd to install.wim. This may take a while...

Deployment Image Servicing and Management tool
Version: 10.0.26100.5074

Exporting image
[==========================100.0%==========================]
The operation completed successfully.
Copying Windows image...
Copy complete!
Getting image information:

Deployment Image Servicing and Management tool
Version: 10.0.26100.5074

Details for image : C:\WinAurex\sources\install.wim

Index : 1
Name : Windows 11 Pro
Description : Windows 11 Pro
Size : 10,214,395,540 bytes

The operation completed successfully.
Mounting Windows image. This may take a while.

SUCCESS: The file (or folder): "C:\WinAurex\sources\install.wim" now owned by user "FARHAN\Admin".
processed file: C:\WinAurex\sources\install.wim
Successfully processed 1 files; Failed processing 0 files

Deployment Image Servicing and Management tool
Version: 10.0.26100.5074

Mounting image
[==========================100.0%==========================]
The operation completed successfully.
Default system UI language code: en-GB
Architecture: amd64
Mounting complete! Performing removal of applications...
Removing Microsoft.DesktopAppInstaller_2025.926.104.0_neutral_~_8wekyb3d8bbwe :

Deployment Image Servicing and Management tool
Version: 10.0.26100.5074

Image Version: 10.0.26200.8037


Error: 15610

Removal failed. Please contact your software vendor.

The DISM log file can be found at C:\WINDOWS\Logs\DISM\dism.log
Removing Microsoft.SecHealthUI_1000.26100.8036.0_x64__8wekyb3d8bbwe :

Deployment Image Servicing and Management tool
Version: 10.0.26100.5074

Image Version: 10.0.26200.8037


Error: 15610

Removal failed. Please contact your software vendor.

The DISM log file can be found at C:\WINDOWS\Logs\DISM\dism.log
Removing of system apps complete! Now proceeding to removal of system packages...
Do you want to enable .NET 3.5? This cannot be done after the image has been created! (y/n)
Enabling .NET 3.5...

Deployment Image Servicing and Management tool
Version: 10.0.26100.5074

Image Version: 10.0.26200.8037

Enabling feature(s)
[==========================100.0%==========================]
The operation completed successfully.
.NET 3.5 has been enabled.
Removing Edge:
Remove-Item : Cannot find path 'C:\scratchdir\Program Files (x86)\Microsoft\Edge' because it does not exist.
At C:\Users\Admin\Documents\GitHub\WinAurex\WinAurex-OS-Builder\WinAurexCoreMaker_auto.ps1:186 char:1
+ Remove-Item -Path "$mainOSDrive\scratchdir\Program Files (x86)\Micros ...
+ ~~~~~~~~~~~~~~~~~~~~~~~~~~~~~~~~~~~~~~~~~~~~~~~~~~~~~~~~~~~~~~~~~~~~~
    + CategoryInfo          : ObjectNotFound: (C:\scratchdir\P...\Microsoft\Edge:String) [Remove-Item], 
ItemNotFoundException
    + FullyQualifiedErrorId : PathNotFound,Microsoft.PowerShell.Commands.RemoveItemCommand
Remove-Item : Cannot find path 'C:\scratchdir\Program Files (x86)\Microsoft\Edge' because it does not exist.
At C:\Users\Admin\Documents\GitHub\WinAurex\WinAurex-OS-Builder\WinAurexCoreMaker_auto.ps1:186 char:1
+ Remove-Item -Path "$mainOSDrive\scratchdir\Program Files (x86)\Micros ...
+ ~~~~~~~~~~~~~~~~~~~~~~~~~~~~~~~~~~~~~~~~~~~~~~~~~~~~~~~~~~~~~~~~~~~~~
    + CategoryInfo          : ObjectNotFound: (C:\scratchdir\P...\Microsoft\Edge:String) [Remove-Item], ItemNotFoundEx
   ception
    + FullyQualifiedErrorId : PathNotFound,Microsoft.PowerShell.Commands.RemoveItemCommand

Remove-Item : Cannot find path 'C:\scratchdir\Program Files (x86)\Microsoft\EdgeUpdate' because it does not exist.
At C:\Users\Admin\Documents\GitHub\WinAurex\WinAurex-OS-Builder\WinAurexCoreMaker_auto.ps1:187 char:1
+ Remove-Item -Path "$mainOSDrive\scratchdir\Program Files (x86)\Micros ...
+ ~~~~~~~~~~~~~~~~~~~~~~~~~~~~~~~~~~~~~~~~~~~~~~~~~~~~~~~~~~~~~~~~~~~~~
    + CategoryInfo          : ObjectNotFound: (C:\scratchdir\P...soft\EdgeUpdate:String) [Remove-Item], 
ItemNotFoundException
    + FullyQualifiedErrorId : PathNotFound,Microsoft.PowerShell.Commands.RemoveItemCommand
Remove-Item : Cannot find path 'C:\scratchdir\Program Files (x86)\Microsoft\EdgeUpdate' because it does not exist.
At C:\Users\Admin\Documents\GitHub\WinAurex\WinAurex-OS-Builder\WinAurexCoreMaker_auto.ps1:187 char:1
+ Remove-Item -Path "$mainOSDrive\scratchdir\Program Files (x86)\Micros ...
+ ~~~~~~~~~~~~~~~~~~~~~~~~~~~~~~~~~~~~~~~~~~~~~~~~~~~~~~~~~~~~~~~~~~~~~
    + CategoryInfo          : ObjectNotFound: (C:\scratchdir\P...soft\EdgeUpdate:String) [Remove-Item], ItemNotFoundEx
   ception
    + FullyQualifiedErrorId : PathNotFound,Microsoft.PowerShell.Commands.RemoveItemCommand

Remove-Item : Cannot find path 'C:\scratchdir\Program Files (x86)\Microsoft\EdgeCore' because it does not exist.
At C:\Users\Admin\Documents\GitHub\WinAurex\WinAurex-OS-Builder\WinAurexCoreMaker_auto.ps1:188 char:1
+ Remove-Item -Path "$mainOSDrive\scratchdir\Program Files (x86)\Micros ...
+ ~~~~~~~~~~~~~~~~~~~~~~~~~~~~~~~~~~~~~~~~~~~~~~~~~~~~~~~~~~~~~~~~~~~~~
    + CategoryInfo          : ObjectNotFound: (C:\scratchdir\P...rosoft\EdgeCore:String) [Remove-Item], 
ItemNotFoundException
    + FullyQualifiedErrorId : PathNotFound,Microsoft.PowerShell.Commands.RemoveItemCommand
Remove-Item : Cannot find path 'C:\scratchdir\Program Files (x86)\Microsoft\EdgeCore' because it does not exist.
At C:\Users\Admin\Documents\GitHub\WinAurex\WinAurex-OS-Builder\WinAurexCoreMaker_auto.ps1:188 char:1
+ Remove-Item -Path "$mainOSDrive\scratchdir\Program Files (x86)\Micros ...
+ ~~~~~~~~~~~~~~~~~~~~~~~~~~~~~~~~~~~~~~~~~~~~~~~~~~~~~~~~~~~~~~~~~~~~~
    + CategoryInfo          : ObjectNotFound: (C:\scratchdir\P...rosoft\EdgeCore:String) [Remove-Item], ItemNotFoundEx
   ception
    + FullyQualifiedErrorId : PathNotFound,Microsoft.PowerShell.Commands.RemoveItemCommand

Folder not found.
ERROR: The system cannot find the file specified.
C:\scratchdir\Windows\System32\LogFiles\WMI\RtBackup\*: Access is denied.
C:\scratchdir\Windows\System32\WebThreatDefSvc\*: Access is denied.
Successfully processed 0 files; Failed processing 2 files
Remove-Item : Cannot find path 'C:\scratchdir\Windows\System32\Microsoft-Edge-Webview' because it does not exist.
At C:\Users\Admin\Documents\GitHub\WinAurex\WinAurex-OS-Builder\WinAurexCoreMaker_auto.ps1:218 char:1
+ Remove-Item -Path "$mainOSDrive\scratchdir\Windows\System32\Microsoft ...
+ ~~~~~~~~~~~~~~~~~~~~~~~~~~~~~~~~~~~~~~~~~~~~~~~~~~~~~~~~~~~~~~~~~~~~~
    + CategoryInfo          : ObjectNotFound: (C:\scratchdir\W...ft-Edge-Webview:String) [Remove-Item], 
ItemNotFoundException
    + FullyQualifiedErrorId : PathNotFound,Microsoft.PowerShell.Commands.RemoveItemCommand
Remove-Item : Cannot find path 'C:\scratchdir\Windows\System32\Microsoft-Edge-Webview' because it does not exist.
At C:\Users\Admin\Documents\GitHub\WinAurex\WinAurex-OS-Builder\WinAurexCoreMaker_auto.ps1:218 char:1
+ Remove-Item -Path "$mainOSDrive\scratchdir\Windows\System32\Microsoft ...
+ ~~~~~~~~~~~~~~~~~~~~~~~~~~~~~~~~~~~~~~~~~~~~~~~~~~~~~~~~~~~~~~~~~~~~~
    + CategoryInfo          : ObjectNotFound: (C:\scratchdir\W...ft-Edge-Webview:String) [Remove-Item], ItemNotFoundEx
   ception
    + FullyQualifiedErrorId : PathNotFound,Microsoft.PowerShell.Commands.RemoveItemCommand

Removing WinRE

SUCCESS: The file (or folder): "C:\scratchdir\Windows\System32\Recovery" now owned by user "FARHAN\Admin".

SUCCESS: The file (or folder): "C:\scratchdir\Windows\System32\Recovery\ReAgent.xml" now owned by user "FARHAN\Admin".

SUCCESS: The file (or folder): "C:\scratchdir\Windows\System32\Recovery\winre.wim" now owned by user "FARHAN\Admin".
Administrators: No mapping between account names and security IDs was done.
Successfully processed 0 files; Failed processing 1 files


    Directory: C:\scratchdir\Windows\System32\Recovery


Mode                 LastWriteTime         Length Name
----                 -------------         ------ ----
-a----        29/07/2026  03:57 PM              0 winre.wim
Removing OneDrive:
Remove-Item : Cannot find path 'C:\scratchdir\Windows\System32\OneDriveSetup.exe' because it does not exist.
At C:\Users\Admin\Documents\GitHub\WinAurex\WinAurex-OS-Builder\WinAurexCoreMaker_auto.ps1:227 char:1
+ Remove-Item -Path "$mainOSDrive\scratchdir\Windows\System32\OneDriveS ...
+ ~~~~~~~~~~~~~~~~~~~~~~~~~~~~~~~~~~~~~~~~~~~~~~~~~~~~~~~~~~~~~~~~~~~~~
    + CategoryInfo          : ObjectNotFound: (C:\scratchdir\W...eDriveSetup.exe:String) [Remove-Item], 
ItemNotFoundException
    + FullyQualifiedErrorId : PathNotFound,Microsoft.PowerShell.Commands.RemoveItemCommand
Remove-Item : Cannot find path 'C:\scratchdir\Windows\System32\OneDriveSetup.exe' because it does not exist.
At C:\Users\Admin\Documents\GitHub\WinAurex\WinAurex-OS-Builder\WinAurexCoreMaker_auto.ps1:227 char:1
+ Remove-Item -Path "$mainOSDrive\scratchdir\Windows\System32\OneDriveS ...
+ ~~~~~~~~~~~~~~~~~~~~~~~~~~~~~~~~~~~~~~~~~~~~~~~~~~~~~~~~~~~~~~~~~~~~~
    + CategoryInfo          : ObjectNotFound: (C:\scratchdir\W...eDriveSetup.exe:String) [Remove-Item], ItemNotFoundEx
   ception
    + FullyQualifiedErrorId : PathNotFound,Microsoft.PowerShell.Commands.RemoveItemCommand

Removal complete!
Taking ownership of the WinSxS folder. This might take a while...

SUCCESS: The file (or folder): "C:\scratchdir\Windows\WinSxS\Manifests\Manifests\x86_netfx4-web_lowtrust_config_b03f5f7f
11d50a3a_4.0.15920.100_none_641144ce699a9abe.manifest" now owned by user "FARHAN\Admin".

SUCCESS: The file (or folder): "C:\scratchdir\Windows\WinSxS\Manifests\Manifests\x86_netfx4-web_lowtrust_config_default_
b03f5f7f11d50a3a_4.0.15912.0_none_66a5f1c923cbf298.manifest" now owned by user "FARHAN\Admin".

SUCCESS: The file (or folder): "C:\scratchdir\Windows\WinSxS\Manifests\Manifests\x86_netfx4-web_lowtrust_config_default_
b03f5f7f11d50a3a_4.0.15920.100_none_5b7f51a161dab970.manifest" now owned by user "FARHAN\Admin".

SUCCESS: The file (or folder): "C:\scratchdir\Windows\WinSxS\Manifests\Manifests\x86_netfx4-web_mediumtrust_config_b03f5
f7f11d50a3a_4.0.15912.0_none_122233dcdd02d8bb.manifest" now owned by user "FARHAN\Admin".

SUCCESS: The file (or folder): "C:\scratchdir\Windows\WinSxS\Manifests\Manifests\x86_netfx4-web_mediumtrust_config_b03f5
f7f11d50a3a_4.0.15920.100_none_06fb93b51b119f93.manifest" now owned by user "FARHAN\Admin".

SUCCESS: The file (or folder): "C:\scratchdir\Windows\WinSxS\Manifests\Manifests\x86_netfx4-web_mediumtrust_config_defau
lt_b03f5f7f11d50a3a_4.0.15912.0_none_92abcc02d6bf0459.manifest" now owned by user "FARHAN\Admin".

SUCCESS: The file (or folder): "C:\scratchdir\Windows\WinSxS\Manifests\Manifests\x86_netfx4-web_mediumtrust_config_defau
lt_b03f5f7f11d50a3a_4.0.15920.100_none_87852bdb14cdcb31.manifest" now owned by user "FARHAN\Admin".

SUCCESS: The file (or folder): "C:\scratchdir\Windows\WinSxS\Manifests\Manifests\x86_netfx4-web_minimaltrust_config_b03f
5f7f11d50a3a_4.0.15912.0_none_2beee1493a52be55.manifest" now owned by user "FARHAN\Admin".

SUCCESS: The file (or folder): "C:\scratchdir\Windows\WinSxS\Manifests\Manifests\x86_netfx4-web_minimaltrust_config_b03f
5f7f11d50a3a_4.0.15920.100_none_20c841217861852d.manifest" now owned by user "FARHAN\Admin".

SUCCESS: The file (or folder): "C:\scratchdir\Windows\WinSxS\Manifests\Manifests\x86_netfx4-web_minimaltrust_config_defa
ult_b03f5f7f11d50a3a_4.0.15912.0_none_010c384da0669587.manifest" now owned by user "FARHAN\Admin".

SUCCESS: The file (or folder): "C:\scratchdir\Windows\WinSxS\Manifests\Manifests\x86_netfx4-web_minimaltrust_config_defa
ult_b03f5f7f11d50a3a_4.0.15920.100_none_f5e59825de755c5f.manifest" now owned by user "FARHAN\Admin".

SUCCESS: The file (or folder): "C:\scratchdir\Windows\WinSxS\Manifests\Manifests\x86_netfx4-wminet_utils_dll_b03f5f7f11d
50a3a_4.0.15912.0_none_158faf39c915cc65.manifest" now owned by user "FARHAN\Admin".

SUCCESS: The file (or folder): "C:\scratchdir\Windows\WinSxS\Manifests\Manifests\x86_netfx4-wminet_utils_dll_b03f5f7f11d
50a3a_4.0.15920.100_none_0a690f120724933d.manifest" now owned by user "FARHAN\Admin".

SUCCESS: The file (or folder): "C:\scratchdir\Windows\WinSxS\Manifests\Manifests\x86_netfx4-workflowserv..ormancecounter
s_dll_b03f5f7f11d50a3a_4.0.15912.0_none_017c7b6055c423e2.manifest" now owned by user "FARHAN\Admin".

SUCCESS: The file (or folder): "C:\scratchdir\Windows\WinSxS\Manifests\Manifests\x86_netfx4-workflowserv..ormancecounter
s_dll_b03f5f7f11d50a3a_4.0.15920.100_none_f655db3893d2eaba.manifest" now owned by user "FARHAN\Admin".

SUCCESS: The file (or folder): "C:\scratchdir\Windows\WinSxS\Manifests\Manifests\x86_netfx4-workflowserv..ormancecounter
s_man_b03f5f7f11d50a3a_4.0.15912.0_none_0165f99e55d561c0.manifest" now owned by user "FARHAN\Admin".

SUCCESS: The file (or folder): "C:\scratchdir\Windows\WinSxS\Manifests\Manifests\x86_netfx4-workflowserv..ormancecounter
s_man_b03f5f7f11d50a3a_4.0.15920.100_none_f63f597693e42898.manifest" now owned by user "FARHAN\Admin".

SUCCESS: The file (or folder): "C:\scratchdir\Windows\WinSxS\Manifests\Manifests\x86_netfx4-workflow_targets_files_b03f5
f7f11d50a3a_4.0.15912.0_none_4665ea8ea482d14a.manifest" now owned by user "FARHAN\Admin".

SUCCESS: The file (or folder): "C:\scratchdir\Windows\WinSxS\Manifests\Manifests\x86_netfx4-workflow_targets_files_b03f5
f7f11d50a3a_4.0.15920.100_none_3b3f4a66e2919822.manifest" now owned by user "FARHAN\Admin".

SUCCESS: The file (or folder): "C:\scratchdir\Windows\WinSxS\Manifests\Manifests\x86_netfx4-wpfetwman_b03f5f7f11d50a3a_4
.0.15912.0_none_c3d2af80140e6971.manifest" now owned by user "FARHAN\Admin".

SUCCESS: The file (or folder): "C:\scratchdir\Windows\WinSxS\Manifests\Manifests\x86_netfx4-wpfetwman_b03f5f7f11d50a3a_4
.0.15920.100_none_b8ac0f58521d3049.manifest" now owned by user "FARHAN\Admin".

SUCCESS: The file (or folder): "C:\scratchdir\Windows\WinSxS\Manifests\Manifests\x86_netfx4-wpfgfx_b03f5f7f11d50a3a_4.0.
15912.0_none_7ef5fbe933797258.manifest" now owned by user "FARHAN\Admin".

SUCCESS: The file (or folder): "C:\scratchdir\Windows\WinSxS\Manifests\Manifests\x86_netfx4-wpfgfx_b03f5f7f11d50a3a_4.0.
15920.102_none_73d15c5571866bde.manifest" now owned by user "FARHAN\Admin".

SUCCESS: The file (or folder): "C:\scratchdir\Windows\WinSxS\Manifests\Manifests\x86_netfx4-xpthemes_manifest_b03f5f7f11
d50a3a_4.0.15912.0_none_4b34522b603fc0fa.manifest" now owned by user "FARHAN\Admin".

SUCCESS: The file (or folder): "C:\scratchdir\Windows\WinSxS\Manifests\Manifests\x86_netfx4-xpthemes_manifest_b03f5f7f11
d50a3a_4.0.15920.100_none_400db2039e4e87d2.manifest" now owned by user "FARHAN\Admin".

SUCCESS: The file (or folder): "C:\scratchdir\Windows\WinSxS\Manifests\Manifests\x86_ntprint.inf.resources_31bf3856ad364
e35_10.0.26100.1_en-us_a90cd45fc1af648d.manifest" now owned by user "FARHAN\Admin".

SUCCESS: The file (or folder): "C:\scratchdir\Windows\WinSxS\Manifests\Manifests\x86_policy.1.0.microsof..op.security.az
roles_31bf3856ad364e35_10.0.26100.1_none_3e59bc3d16f3fec8.manifest" now owned by user "FARHAN\Admin".

SUCCESS: The file (or folder): "C:\scratchdir\Windows\WinSxS\Manifests\Manifests\x86_policy.1.2.microsof..op.security.az
roles_31bf3856ad364e35_10.0.26100.1_none_8d8f1024db8ff2aa.manifest" now owned by user "FARHAN\Admin".

SUCCESS: The file (or folder): "C:\scratchdir\Windows\WinSxS\Manifests\Manifests\x86_policy.8.0.microsoft.vc80.crt_1fc8b
3b9a1e18e3b_8.0.50727.9680_none_51717c3d0f45b071.manifest" now owned by user "FARHAN\Admin".

SUCCESS: The file (or folder): "C:\scratchdir\Windows\WinSxS\Manifests\Manifests\x86_policy.9.0.microsoft.vc90.crt_1fc8b
3b9a1e18e3b_9.0.30729.9635_none_f47d68aef657a52e.manifest" now owned by user "FARHAN\Admin".

SUCCESS: The file (or folder): "C:\scratchdir\Windows\WinSxS\Manifests\Manifests\x86_presentationcore_31bf3856ad364e35_1
0.0.26100.1_none_4d061f1c402372cb.manifest" now owned by user "FARHAN\Admin".

SUCCESS: The file (or folder): "C:\scratchdir\Windows\WinSxS\Manifests\Manifests\x86_presentationcore_31bf3856ad364e35_1
0.0.27000.388_none_d93ac616dd324dd5.manifest" now owned by user "FARHAN\Admin".

SUCCESS: The file (or folder): "C:\scratchdir\Windows\WinSxS\Manifests\Manifests\x86_presentationframework.registry_31bf
3856ad364e35_10.0.26100.1_none_a1b8527ba96f976b.manifest" now owned by user "FARHAN\Admin".

SUCCESS: The file (or folder): "C:\scratchdir\Windows\WinSxS\Manifests\Manifests\x86_prnms003.inf.resources_31bf3856ad36
4e35_10.0.26100.1_en-us_86084e290c5bb16f.manifest" now owned by user "FARHAN\Admin".

SUCCESS: The file (or folder): "C:\scratchdir\Windows\WinSxS\Manifests\Manifests\x86_regasm_b03f5f7f11d50a3a_10.0.26100.
1_none_bb53ccdac90dda7a.manifest" now owned by user "FARHAN\Admin".

SUCCESS: The file (or folder): "C:\scratchdir\Windows\WinSxS\Manifests\Manifests\x86_regsvcs_b03f5f7f11d50a3a_10.0.26100
.1_none_8e6ef7811b80d32a.manifest" now owned by user "FARHAN\Admin".

SUCCESS: The file (or folder): "C:\scratchdir\Windows\WinSxS\Manifests\Manifests\x86_regsvcs_b03f5f7f11d50a3a_4.0.15912.
0_none_8ec56a4c64c63b5b.manifest" now owned by user "FARHAN\Admin".

SUCCESS: The file (or folder): "C:\scratchdir\Windows\WinSxS\Manifests\Manifests\x86_regsvcs_b03f5f7f11d50a3a_4.0.15920.
100_none_839eca24a2d50233.manifest" now owned by user "FARHAN\Admin".

SUCCESS: The file (or folder): "C:\scratchdir\Windows\WinSxS\Manifests\Manifests\x86_system.data.oracleclient_b77a5c5619
34e089_10.0.26100.1_none_9775841b90b13141.manifest" now owned by user "FARHAN\Admin".

SUCCESS: The file (or folder): "C:\scratchdir\Windows\WinSxS\Manifests\Manifests\x86_system.data_b77a5c561934e089_10.0.2
6100.1_none_38d608ab67b95c2a.manifest" now owned by user "FARHAN\Admin".

SUCCESS: The file (or folder): "C:\scratchdir\Windows\WinSxS\Manifests\Manifests\x86_system.data_b77a5c561934e089_10.0.2
7000.322_none_7787f93dc811d920.manifest" now owned by user "FARHAN\Admin".

SUCCESS: The file (or folder): "C:\scratchdir\Windows\WinSxS\Manifests\Manifests\x86_system.drawing.tlb_31bf3856ad364e35
_4.0.15912.0_none_91598c730cefa2c4.manifest" now owned by user "FARHAN\Admin".

SUCCESS: The file (or folder): "C:\scratchdir\Windows\WinSxS\Manifests\Manifests\x86_system.drawing.tlb_31bf3856ad364e35
_4.0.15920.100_none_71d2bb88de6aa52c.manifest" now owned by user "FARHAN\Admin".

SUCCESS: The file (or folder): "C:\scratchdir\Windows\WinSxS\Manifests\Manifests\x86_system.enterpriseservices.tlb_31bf3
856ad364e35_4.0.15912.0_none_e65af5155930327b.manifest" now owned by user "FARHAN\Admin".

SUCCESS: The file (or folder): "C:\scratchdir\Windows\WinSxS\Manifests\Manifests\x86_system.enterpriseservices.tlb_31bf3
856ad364e35_4.0.15920.100_none_c6d4242b2aab34e3.manifest" now owned by user "FARHAN\Admin".

SUCCESS: The file (or folder): "C:\scratchdir\Windows\WinSxS\Manifests\Manifests\x86_system.enterpriseservices_b03f5f7f1
1d50a3a_10.0.26100.1_none_79e6475b61a08ba9.manifest" now owned by user "FARHAN\Admin".

SUCCESS: The file (or folder): "C:\scratchdir\Windows\WinSxS\Manifests\Manifests\x86_system.printing_31bf3856ad364e35_10
.0.26100.1_none_14156f9a264b76f6.manifest" now owned by user "FARHAN\Admin".

SUCCESS: The file (or folder): "C:\scratchdir\Windows\WinSxS\Manifests\Manifests\x86_system.printing_31bf3856ad364e35_10
.0.27000.388_none_a04a1694c35a5200.manifest" now owned by user "FARHAN\Admin".

SUCCESS: The file (or folder): "C:\scratchdir\Windows\WinSxS\Manifests\Manifests\x86_system.tlb_31bf3856ad364e35_4.0.159
12.0_none_692fc7c3fe6ea282.manifest" now owned by user "FARHAN\Admin".

SUCCESS: The file (or folder): "C:\scratchdir\Windows\WinSxS\Manifests\Manifests\x86_system.tlb_31bf3856ad364e35_4.0.159
20.100_none_49a8f6d9cfe9a4ea.manifest" now owned by user "FARHAN\Admin".

SUCCESS: The file (or folder): "C:\scratchdir\Windows\WinSxS\Manifests\Manifests\x86_system.transactions_b77a5c561934e08
9_10.0.26100.1_none_b7ca5c041c1702d7.manifest" now owned by user "FARHAN\Admin".

SUCCESS: The file (or folder): "C:\scratchdir\Windows\WinSxS\Manifests\Manifests\x86_system.web_b03f5f7f11d50a3a_10.0.26
100.1_none_9b67544aca0cc578.manifest" now owned by user "FARHAN\Admin".

SUCCESS: The file (or folder): "C:\scratchdir\Windows\WinSxS\Manifests\Manifests\x86_system.web_b03f5f7f11d50a3a_10.0.27
000.313_none_da182dcb2a6642b8.manifest" now owned by user "FARHAN\Admin".

SUCCESS: The file (or folder): "C:\scratchdir\Windows\WinSxS\Manifests\Manifests\x86_system.windows.forms.tlb_31bf3856ad
364e35_4.0.15912.0_none_54a81ef349a84a3a.manifest" now owned by user "FARHAN\Admin".

SUCCESS: The file (or folder): "C:\scratchdir\Windows\WinSxS\Manifests\Manifests\x86_system.windows.forms.tlb_31bf3856ad
364e35_4.0.15920.100_none_35214e091b234ca2.manifest" now owned by user "FARHAN\Admin".

SUCCESS: The file (or folder): "C:\scratchdir\Windows\WinSxS\Manifests\Manifests\x86_wcf-genericcommands_31bf3856ad364e3
5_10.0.26100.1_none_3bf068e577c0ce3c.manifest" now owned by user "FARHAN\Admin".

SUCCESS: The file (or folder): "C:\scratchdir\Windows\WinSxS\Manifests\Manifests\x86_wcf-m_indigo_asm_ref_31bf3856ad364e
35_10.0.26100.1_none_ba97ac9a7285dbab.manifest" now owned by user "FARHAN\Admin".

SUCCESS: The file (or folder): "C:\scratchdir\Windows\WinSxS\Manifests\Manifests\x86_wcf-m_smsvchost_exe_cnf_31bf3856ad3
64e35_10.0.26100.1_none_95890ad9c93d114a.manifest" now owned by user "FARHAN\Admin".

SUCCESS: The file (or folder): "C:\scratchdir\Windows\WinSxS\Manifests\Manifests\x86_wcf-m_smsvchost_perf_c_reg_31bf3856
ad364e35_10.0.26100.1_none_d122b023bee02376.manifest" now owned by user "FARHAN\Admin".

SUCCESS: The file (or folder): "C:\scratchdir\Windows\WinSxS\Manifests\Manifests\x86_wcf-m_smsvchost_perf_c_vrg_31bf3856
ad364e35_10.0.26100.1_none_d6e63259bb2bc4d5.manifest" now owned by user "FARHAN\Admin".

SUCCESS: The file (or folder): "C:\scratchdir\Windows\WinSxS\Manifests\Manifests\x86_wcf-m_sm_cfg_ins_exe_31bf3856ad364e
35_10.0.26100.1_none_a0f668eccd5513ba.manifest" now owned by user "FARHAN\Admin".

SUCCESS: The file (or folder): "C:\scratchdir\Windows\WinSxS\Manifests\Manifests\x86_wcf-m_sm_evt_dll_vista_31bf3856ad36
4e35_10.0.26100.1_none_193f3dc14890c9e2.manifest" now owned by user "FARHAN\Admin".

SUCCESS: The file (or folder): "C:\scratchdir\Windows\WinSxS\Manifests\Manifests\x86_wcf-m_sm_ins_rc_dll_31bf3856ad364e3
5_10.0.26100.1_none_69d15233f9f3cc75.manifest" now owned by user "FARHAN\Admin".

SUCCESS: The file (or folder): "C:\scratchdir\Windows\WinSxS\Manifests\Manifests\x86_wcf-m_svc_mod_end_perf_reg_31bf3856
ad364e35_10.0.26100.1_none_67a9a932400ebaef.manifest" now owned by user "FARHAN\Admin".

SUCCESS: The file (or folder): "C:\scratchdir\Windows\WinSxS\Manifests\Manifests\x86_wcf-m_svc_mod_end_perf_vrg_31bf3856
ad364e35_10.0.26100.1_none_6d6d2b683c5a5c4e.manifest" now owned by user "FARHAN\Admin".

SUCCESS: The file (or folder): "C:\scratchdir\Windows\WinSxS\Manifests\Manifests\x86_wcf-m_svc_mod_op_perf_c_reg_31bf385
6ad364e35_10.0.26100.1_none_6894964fdcb02cfd.manifest" now owned by user "FARHAN\Admin".

SUCCESS: The file (or folder): "C:\scratchdir\Windows\WinSxS\Manifests\Manifests\x86_wcf-m_svc_mod_op_perf_c_vrg_31bf385
6ad364e35_10.0.26100.1_none_69ce240bdbf5aa56.manifest" now owned by user "FARHAN\Admin".

SUCCESS: The file (or folder): "C:\scratchdir\Windows\WinSxS\Manifests\Manifests\x86_wcf-m_svc_mod_svc_perf_reg_31bf3856
ad364e35_10.0.26100.1_none_17901eef3f6474b2.manifest" now owned by user "FARHAN\Admin".

SUCCESS: The file (or folder): "C:\scratchdir\Windows\WinSxS\Manifests\Manifests\x86_wcf-m_svc_mod_svc_perf_vrg_31bf3856
ad364e35_10.0.26100.1_none_1d53a1253bb01611.manifest" now owned by user "FARHAN\Admin".

SUCCESS: The file (or folder): "C:\scratchdir\Windows\WinSxS\Manifests\Manifests\x86_wcf-m_svc_mon_sup_dll_31bf3856ad364
e35_10.0.26100.1_none_46b31229fbcd942c.manifest" now owned by user "FARHAN\Admin".

SUCCESS: The file (or folder): "C:\scratchdir\Windows\WinSxS\Manifests\Manifests\x86_wcf-m_tx_bridge_perf_c_reg_31bf3856
ad364e35_10.0.26100.1_none_1d6b67d7e0f4dfde.manifest" now owned by user "FARHAN\Admin".

SUCCESS: The file (or folder): "C:\scratchdir\Windows\WinSxS\Manifests\Manifests\x86_wcf-m_tx_bridge_perf_c_vrg_31bf3856
ad364e35_10.0.26100.1_none_232eea0ddd40813d.manifest" now owned by user "FARHAN\Admin".

SUCCESS: The file (or folder): "C:\scratchdir\Windows\WinSxS\Manifests\Manifests\x86_wcf-m_wap_entry_31bf3856ad364e35_10
.0.26100.1_none_016ff5fd991adacc.manifest" now owned by user "FARHAN\Admin".

SUCCESS: The file (or folder): "C:\scratchdir\Windows\WinSxS\Manifests\Manifests\x86_wcf-system.identitymodel.selectors_
b03f5f7f11d50a3a_10.0.26100.1_none_07b0f7e8e49aeaa4.manifest" now owned by user "FARHAN\Admin".

SUCCESS: The file (or folder): "C:\scratchdir\Windows\WinSxS\Manifests\Manifests\x86_wcf-system.identitymodel_b03f5f7f11
d50a3a_10.0.26100.1_none_c9e80885f4073d36.manifest" now owned by user "FARHAN\Admin".

SUCCESS: The file (or folder): "C:\scratchdir\Windows\WinSxS\Manifests\Manifests\x86_wcf-system.io.log_b03f5f7f11d50a3a_
10.0.26100.1_none_7ead3dda6ea7094b.manifest" now owned by user "FARHAN\Admin".

SUCCESS: The file (or folder): "C:\scratchdir\Windows\WinSxS\Manifests\Manifests\x86_wcf-system.runtime.serialization_b0
3f5f7f11d50a3a_10.0.26100.1_none_ab804fced43dc39d.manifest" now owned by user "FARHAN\Admin".

SUCCESS: The file (or folder): "C:\scratchdir\Windows\WinSxS\Manifests\Manifests\x86_wcf-system.servicemodel_b03f5f7f11d
50a3a_10.0.26100.1_none_b9385fba9efd814f.manifest" now owned by user "FARHAN\Admin".

SUCCESS: The file (or folder): "C:\scratchdir\Windows\WinSxS\Manifests\Manifests\x86_windows-defender-management-powersh
ell_31bf3856ad364e35_10.0.26100.1_none_849867e751814e8b.manifest" now owned by user "FARHAN\Admin".

SUCCESS: The file (or folder): "C:\scratchdir\Windows\WinSxS\Manifests\Manifests\x86_windows-defender-management-powersh
ell_31bf3856ad364e35_10.0.26100.7309_none_2370ad0f98f42b4b.manifest" now owned by user "FARHAN\Admin".

SUCCESS: The file (or folder): "C:\scratchdir\Windows\WinSxS\Manifests\Manifests\x86_windowsbase.registry_31bf3856ad364e
35_10.0.26100.1_none_ba3d489a6013db41.manifest" now owned by user "FARHAN\Admin".

SUCCESS: The file (or folder): "C:\scratchdir\Windows\WinSxS\Manifests\Manifests\x86_windowsworkflowfoundation_31bf3856a
d364e35_10.0.26100.1_none_fc39043ac5140fd9.manifest" now owned by user "FARHAN\Admin".

SUCCESS: The file (or folder): "C:\scratchdir\Windows\WinSxS\Manifests\Manifests\x86_wpf-ngenpriorities_31bf3856ad364e35
_10.0.26100.1_none_86f8587f167cf4f4.manifest" now owned by user "FARHAN\Admin".

SUCCESS: The file (or folder): "C:\scratchdir\Windows\WinSxS\Manifests\Manifests\x86_wpf-penimc_31bf3856ad364e35_10.0.26
100.1_none_4c861fc4b4dcfd38.manifest" now owned by user "FARHAN\Admin".

SUCCESS: The file (or folder): "C:\scratchdir\Windows\WinSxS\Manifests\Manifests\x86_wpf-penimc_31bf3856ad364e35_10.0.27
000.388_none_d8bac6bf51ebd842.manifest" now owned by user "FARHAN\Admin".

SUCCESS: The file (or folder): "C:\scratchdir\Windows\WinSxS\Manifests\Manifests\x86_wpf-permregonly_31bf3856ad364e35_10
.0.26100.1_none_cc20950f73c3db3a.manifest" now owned by user "FARHAN\Admin".

SUCCESS: The file (or folder): "C:\scratchdir\Windows\WinSxS\Manifests\Manifests\x86_wpf-presentationbuildtasks_31bf3856
ad364e35_10.0.26100.1_none_f0e24bbafdaab190.manifest" now owned by user "FARHAN\Admin".

SUCCESS: The file (or folder): "C:\scratchdir\Windows\WinSxS\Manifests\Manifests\x86_wpf-presentationcffrasterizernative
_31bf3856ad364e35_10.0.26100.1_none_6a6a6bf83e819a85.manifest" now owned by user "FARHAN\Admin".

SUCCESS: The file (or folder): "C:\scratchdir\Windows\WinSxS\Manifests\Manifests\x86_wpf-presentationframework.aero_31bf
3856ad364e35_10.0.26100.1_none_d358cc73b8c0772b.manifest" now owned by user "FARHAN\Admin".

SUCCESS: The file (or folder): "C:\scratchdir\Windows\WinSxS\Manifests\Manifests\x86_wpf-presentationframework.classic_3
1bf3856ad364e35_10.0.26100.1_none_953e5216d9f4d508.manifest" now owned by user "FARHAN\Admin".

SUCCESS: The file (or folder): "C:\scratchdir\Windows\WinSxS\Manifests\Manifests\x86_wpf-presentationframework.luna_31bf
3856ad364e35_10.0.26100.1_none_d233a551b96a8eae.manifest" now owned by user "FARHAN\Admin".

SUCCESS: The file (or folder): "C:\scratchdir\Windows\WinSxS\Manifests\Manifests\x86_wpf-presentationframework.royale_31
bf3856ad364e35_10.0.26100.1_none_8b8a3dd65a71a83e.manifest" now owned by user "FARHAN\Admin".

SUCCESS: The file (or folder): "C:\scratchdir\Windows\WinSxS\Manifests\Manifests\x86_wpf-presentationframework_31bf3856a
d364e35_10.0.26100.1_none_0f5b68e3062590f8.manifest" now owned by user "FARHAN\Admin".

SUCCESS: The file (or folder): "C:\scratchdir\Windows\WinSxS\Manifests\Manifests\x86_wpf-presentationframework_31bf3856a
d364e35_10.0.27000.388_none_9b900fdda3346c02.manifest" now owned by user "FARHAN\Admin".

SUCCESS: The file (or folder): "C:\scratchdir\Windows\WinSxS\Manifests\Manifests\x86_wpf-presentationhostdll_31bf3856ad3
64e35_10.0.26100.1_none_10e07a15d02e6516.manifest" now owned by user "FARHAN\Admin".

SUCCESS: The file (or folder): "C:\scratchdir\Windows\WinSxS\Manifests\Manifests\x86_wpf-presentationhostdll_31bf3856ad3
64e35_10.0.27000.388_none_9d1521106d3d4020.manifest" now owned by user "FARHAN\Admin".

SUCCESS: The file (or folder): "C:\scratchdir\Windows\WinSxS\Manifests\Manifests\x86_wpf-presentationhostexe_31bf3856ad3
64e35_10.0.26100.1_none_10c9402dd04d0788.manifest" now owned by user "FARHAN\Admin".

SUCCESS: The file (or folder): "C:\scratchdir\Windows\WinSxS\Manifests\Manifests\x86_wpf-presentationhostexe_31bf3856ad3
64e35_10.0.26100.3624_none_af83807617d5f608.manifest" now owned by user "FARHAN\Admin".

SUCCESS: The file (or folder): "C:\scratchdir\Windows\WinSxS\Manifests\Manifests\x86_wpf-presentationhostproxy_31bf3856a
d364e35_10.0.26100.1_none_cb60238929fe46ba.manifest" now owned by user "FARHAN\Admin".

SUCCESS: The file (or folder): "C:\scratchdir\Windows\WinSxS\Manifests\Manifests\x86_wpf-presentationhostproxy_31bf3856a
d364e35_10.0.26100.5074_none_6a60489771520695.manifest" now owned by user "FARHAN\Admin".

SUCCESS: The file (or folder): "C:\scratchdir\Windows\WinSxS\Manifests\Manifests\x86_wpf-presentationnative_31bf3856ad36
4e35_10.0.26100.1_none_f79b18b6f6af7237.manifest" now owned by user "FARHAN\Admin".

SUCCESS: The file (or folder): "C:\scratchdir\Windows\WinSxS\Manifests\Manifests\x86_wpf-presentationnative_31bf3856ad36
4e35_10.0.27000.351_none_83e92d6f93ac480d.manifest" now owned by user "FARHAN\Admin".

SUCCESS: The file (or folder): "C:\scratchdir\Windows\WinSxS\Manifests\Manifests\x86_wpf-reachframework_31bf3856ad364e35
_10.0.26100.1_none_a0ff380cd8e8a9b3.manifest" now owned by user "FARHAN\Admin".

SUCCESS: The file (or folder): "C:\scratchdir\Windows\WinSxS\Manifests\Manifests\x86_wpf-reachframework_31bf3856ad364e35
_10.0.27000.388_none_2d33df0775f784bd.manifest" now owned by user "FARHAN\Admin".

SUCCESS: The file (or folder): "C:\scratchdir\Windows\WinSxS\Manifests\Manifests\x86_wpf-servicing_key_productfamily_31b
f3856ad364e35_10.0.26100.1_none_a1586832e95916a2.manifest" now owned by user "FARHAN\Admin".

SUCCESS: The file (or folder): "C:\scratchdir\Windows\WinSxS\Manifests\Manifests\x86_wpf-servicing_key_product_31bf3856a
d364e35_10.0.26100.1_none_47196f60a1d797c2.manifest" now owned by user "FARHAN\Admin".

SUCCESS: The file (or folder): "C:\scratchdir\Windows\WinSxS\Manifests\Manifests\x86_wpf-system.speech_31bf3856ad364e35_
10.0.26100.1_none_2291fd17ccbcf955.manifest" now owned by user "FARHAN\Admin".

SUCCESS: The file (or folder): "C:\scratchdir\Windows\WinSxS\Manifests\Manifests\x86_wpf-terminalserverwpfwrapperexe_31b
f3856ad364e35_10.0.26100.1_none_c5344c677bcead1d.manifest" now owned by user "FARHAN\Admin".

SUCCESS: The file (or folder): "C:\scratchdir\Windows\WinSxS\Manifests\Manifests\x86_wpf-uiautomationclientsideproviders
_31bf3856ad364e35_10.0.26100.1_none_f5911d41fe9585c7.manifest" now owned by user "FARHAN\Admin".

SUCCESS: The file (or folder): "C:\scratchdir\Windows\WinSxS\Manifests\Manifests\x86_wpf-uiautomationclient_31bf3856ad36
4e35_10.0.26100.1_none_7b4e050cf1779858.manifest" now owned by user "FARHAN\Admin".

SUCCESS: The file (or folder): "C:\scratchdir\Windows\WinSxS\Manifests\Manifests\x86_wpf-uiautomationprovider_31bf3856ad
364e35_10.0.26100.1_none_a571de323b210c66.manifest" now owned by user "FARHAN\Admin".

SUCCESS: The file (or folder): "C:\scratchdir\Windows\WinSxS\Manifests\Manifests\x86_wpf-uiautomationtypes_31bf3856ad364
e35_10.0.26100.1_none_fde72e4a4b1fb5c0.manifest" now owned by user "FARHAN\Admin".

SUCCESS: The file (or folder): "C:\scratchdir\Windows\WinSxS\Manifests\Manifests\x86_wpf-windowsbase_31bf3856ad364e35_10
.0.26100.1_none_f84219c0f7f548ce.manifest" now owned by user "FARHAN\Admin".

SUCCESS: The file (or folder): "C:\scratchdir\Windows\WinSxS\Manifests\Manifests\x86_wpf-windowsbase_31bf3856ad364e35_10
.0.27000.388_none_8476c0bb950423d8.manifest" now owned by user "FARHAN\Admin".

SUCCESS: The file (or folder): "C:\scratchdir\Windows\WinSxS\Manifests\Manifests\x86_wpf-windowsformsintegration_31bf385
6ad364e35_10.0.26100.1_none_9af11c402bff3ada.manifest" now owned by user "FARHAN\Admin".

SUCCESS: The file (or folder): "C:\scratchdir\Windows\WinSxS\Manifests\Manifests\x86_wpf-winfxlist_31bf3856ad364e35_10.0
.26100.1_none_e1b1e041a0383e22.manifest" now owned by user "FARHAN\Admin".

SUCCESS: The file (or folder): "C:\scratchdir\Windows\WinSxS\Manifests\Manifests\x86_wpf-winfxtargets_31bf3856ad364e35_1
0.0.26100.1_none_6a0ca177521260c4.manifest" now owned by user "FARHAN\Admin".

SUCCESS: The file (or folder): "C:\scratchdir\Windows\WinSxS\Manifests\Manifests\x86_wpf-xamlviewerapplicationmanifest_3
1bf3856ad364e35_10.0.26100.1_none_095a448b810ba607.manifest" now owned by user "FARHAN\Admin".

SUCCESS: The file (or folder): "C:\scratchdir\Windows\WinSxS\Manifests\Manifests\x86_wpf-xamlviewerdeploymentmanifest_31
bf3856ad364e35_10.0.26100.1_none_0842c09d7e8bd454.manifest" now owned by user "FARHAN\Admin".

SUCCESS: The file (or folder): "C:\scratchdir\Windows\WinSxS\Manifests\Manifests\x86_wpf-xamlviewer_31bf3856ad364e35_10.
0.26100.1_none_f6e3595e2d1c0bde.manifest" now owned by user "FARHAN\Admin".

SUCCESS: The file (or folder): "C:\scratchdir\Windows\WinSxS\Manifests\Manifests\x86_wwf-cperfcnt_31bf3856ad364e35_10.0.
26100.1_none_c0722a77b0b689f2.manifest" now owned by user "FARHAN\Admin".

SUCCESS: The file (or folder): "C:\scratchdir\Windows\WinSxS\Manifests\Manifests\x86_wwf-cwetargets_i_31bf3856ad364e35_1
0.0.26100.1_none_4130d3df8907c690.manifest" now owned by user "FARHAN\Admin".

SUCCESS: The file (or folder): "C:\scratchdir\Windows\WinSxS\Manifests\Manifests\x86_wwf-cwevbtargets_i_31bf3856ad364e35
_10.0.26100.1_none_6689486d247f2bac.manifest" now owned by user "FARHAN\Admin".

SUCCESS: The file (or folder): "C:\scratchdir\Windows\WinSxS\Manifests\Manifests\x86_wwf-netfx3reg_31bf3856ad364e35_10.0
.26100.1_none_8c7e81c32f04dff1.manifest" now owned by user "FARHAN\Admin".

SUCCESS: The file (or folder): "C:\scratchdir\Windows\WinSxS\Manifests\Manifests\x86_wwf-ngenpriorities_31bf3856ad364e35
_10.0.26100.1_none_559f74c2fb7ec18b.manifest" now owned by user "FARHAN\Admin".

SUCCESS: The file (or folder): "C:\scratchdir\Windows\WinSxS\Manifests\Manifests\x86_wwf-perfcnt_ini_31bf3856ad364e35_10
.0.26100.1_none_14997206ab80820e.manifest" now owned by user "FARHAN\Admin".

SUCCESS: The file (or folder): "C:\scratchdir\Windows\WinSxS\Manifests\Manifests\x86_wwf-servicing_key_productfamily_31b
f3856ad364e35_10.0.26100.1_none_91e1055874f56b4b.manifest" now owned by user "FARHAN\Admin".

SUCCESS: The file (or folder): "C:\scratchdir\Windows\WinSxS\Manifests\Manifests\x86_wwf-servicing_key_product_31bf3856a
d364e35_10.0.26100.1_none_670b1c89c9dff0eb.manifest" now owned by user "FARHAN\Admin".

SUCCESS: The file (or folder): "C:\scratchdir\Windows\WinSxS\Manifests\Manifests\x86_wwf-system.workflow.activities_31bf
3856ad364e35_10.0.26100.1_none_d33affbf282dd6a8.manifest" now owned by user "FARHAN\Admin".

SUCCESS: The file (or folder): "C:\scratchdir\Windows\WinSxS\Manifests\Manifests\x86_wwf-system.workflow.componentmodel_
31bf3856ad364e35_10.0.26100.1_none_2cb92655be44d219.manifest" now owned by user "FARHAN\Admin".

SUCCESS: The file (or folder): "C:\scratchdir\Windows\WinSxS\Manifests\Manifests\x86_wwf-system.workflow.runtime_31bf385
6ad364e35_10.0.26100.1_none_05efea765036232d.manifest" now owned by user "FARHAN\Admin".

SUCCESS: The file (or folder): "C:\scratchdir\Windows\WinSxS\x86_microsoft-windows-s..ngstack-onecorebase_31bf3856ad364e
35_10.0.26100.1_none_915a02a692134624\grouptrusteeai.dll" now owned by user "FARHAN\Admin".

SUCCESS: The file (or folder): "C:\scratchdir\Windows\WinSxS\x86_microsoft-windows-s..ngstack-onecorebase_31bf3856ad364e
35_10.0.26100.1_none_915a02a692134624\x86_microsoft-windows-s..ngstack-onecorebase_31bf3856ad364e35_10.0.26100.1_none_91
5a02a692134624" now owned by user "FARHAN\Admin".

SUCCESS: The file (or folder): "C:\scratchdir\Windows\WinSxS\x86_microsoft-windows-s..ngstack-onecorebase_31bf3856ad364e
35_10.0.26100.1_none_915a02a692134624\x86_microsoft-windows-s..ngstack-onecorebase_31bf3856ad364e35_10.0.26100.1_none_91
5a02a692134624\grouptrusteeai.dll" now owned by user "FARHAN\Admin".

SUCCESS: The file (or folder): "C:\scratchdir\Windows\WinSxS\x86_microsoft-windows-s..ngstack-onecorebase_31bf3856ad364e
35_10.0.26100.8035_none_30561576d96ab1b9\grouptrusteeai.dll" now owned by user "FARHAN\Admin".

SUCCESS: The file (or folder): "C:\scratchdir\Windows\WinSxS\x86_microsoft-windows-s..ngstack-onecorebase_31bf3856ad364e
35_10.0.26100.8035_none_30561576d96ab1b9\x86_microsoft-windows-s..ngstack-onecorebase_31bf3856ad364e35_10.0.26100.8035_n
one_30561576d96ab1b9" now owned by user "FARHAN\Admin".

SUCCESS: The file (or folder): "C:\scratchdir\Windows\WinSxS\x86_microsoft-windows-s..ngstack-onecorebase_31bf3856ad364e
35_10.0.26100.8035_none_30561576d96ab1b9\x86_microsoft-windows-s..ngstack-onecorebase_31bf3856ad364e35_10.0.26100.8035_n
one_30561576d96ab1b9\grouptrusteeai.dll" now owned by user "FARHAN\Admin".

SUCCESS: The file (or folder): "C:\scratchdir\Windows\WinSxS\x86_microsoft-windows-s..stack-termsrv-extra_31bf3856ad364e
35_10.0.26100.1_none_b3a5df5befe29a8a\appserverai.dll" now owned by user "FARHAN\Admin".

SUCCESS: The file (or folder): "C:\scratchdir\Windows\WinSxS\x86_microsoft-windows-s..stack-termsrv-extra_31bf3856ad364e
35_10.0.26100.1_none_b3a5df5befe29a8a\RDWebAI.dll" now owned by user "FARHAN\Admin".

SUCCESS: The file (or folder): "C:\scratchdir\Windows\WinSxS\x86_microsoft-windows-s..stack-termsrv-extra_31bf3856ad364e
35_10.0.26100.1_none_b3a5df5befe29a8a\tssdisai.dll" now owned by user "FARHAN\Admin".

SUCCESS: The file (or folder): "C:\scratchdir\Windows\WinSxS\x86_microsoft-windows-s..stack-termsrv-extra_31bf3856ad364e
35_10.0.26100.1_none_b3a5df5befe29a8a\VmHostAI.dll" now owned by user "FARHAN\Admin".

SUCCESS: The file (or folder): "C:\scratchdir\Windows\WinSxS\x86_microsoft-windows-s..stack-termsrv-extra_31bf3856ad364e
35_10.0.26100.1_none_b3a5df5befe29a8a\x86_microsoft-windows-s..stack-termsrv-extra_31bf3856ad364e35_10.0.26100.1_none_b3
a5df5befe29a8a" now owned by user "FARHAN\Admin".

SUCCESS: The file (or folder): "C:\scratchdir\Windows\WinSxS\x86_microsoft-windows-s..stack-termsrv-extra_31bf3856ad364e
35_10.0.26100.1_none_b3a5df5befe29a8a\x86_microsoft-windows-s..stack-termsrv-extra_31bf3856ad364e35_10.0.26100.1_none_b3
a5df5befe29a8a\appserverai.dll" now owned by user "FARHAN\Admin".

SUCCESS: The file (or folder): "C:\scratchdir\Windows\WinSxS\x86_microsoft-windows-s..stack-termsrv-extra_31bf3856ad364e
35_10.0.26100.1_none_b3a5df5befe29a8a\x86_microsoft-windows-s..stack-termsrv-extra_31bf3856ad364e35_10.0.26100.1_none_b3
a5df5befe29a8a\RDWebAI.dll" now owned by user "FARHAN\Admin".

SUCCESS: The file (or folder): "C:\scratchdir\Windows\WinSxS\x86_microsoft-windows-s..stack-termsrv-extra_31bf3856ad364e
35_10.0.26100.1_none_b3a5df5befe29a8a\x86_microsoft-windows-s..stack-termsrv-extra_31bf3856ad364e35_10.0.26100.1_none_b3
a5df5befe29a8a\tssdisai.dll" now owned by user "FARHAN\Admin".

SUCCESS: The file (or folder): "C:\scratchdir\Windows\WinSxS\x86_microsoft-windows-s..stack-termsrv-extra_31bf3856ad364e
35_10.0.26100.1_none_b3a5df5befe29a8a\x86_microsoft-windows-s..stack-termsrv-extra_31bf3856ad364e35_10.0.26100.1_none_b3
a5df5befe29a8a\VmHostAI.dll" now owned by user "FARHAN\Admin".

SUCCESS: The file (or folder): "C:\scratchdir\Windows\WinSxS\x86_microsoft-windows-s..stack-termsrv-extra_31bf3856ad364e
35_10.0.26100.8035_none_52a1f22c373a061f\appserverai.dll" now owned by user "FARHAN\Admin".

SUCCESS: The file (or folder): "C:\scratchdir\Windows\WinSxS\x86_microsoft-windows-s..stack-termsrv-extra_31bf3856ad364e
35_10.0.26100.8035_none_52a1f22c373a061f\RDWebAI.dll" now owned by user "FARHAN\Admin".

SUCCESS: The file (or folder): "C:\scratchdir\Windows\WinSxS\x86_microsoft-windows-s..stack-termsrv-extra_31bf3856ad364e
35_10.0.26100.8035_none_52a1f22c373a061f\tssdisai.dll" now owned by user "FARHAN\Admin".

SUCCESS: The file (or folder): "C:\scratchdir\Windows\WinSxS\x86_microsoft-windows-s..stack-termsrv-extra_31bf3856ad364e
35_10.0.26100.8035_none_52a1f22c373a061f\VmHostAI.dll" now owned by user "FARHAN\Admin".

SUCCESS: The file (or folder): "C:\scratchdir\Windows\WinSxS\x86_microsoft-windows-s..stack-termsrv-extra_31bf3856ad364e
35_10.0.26100.8035_none_52a1f22c373a061f\x86_microsoft-windows-s..stack-termsrv-extra_31bf3856ad364e35_10.0.26100.8035_n
one_52a1f22c373a061f" now owned by user "FARHAN\Admin".

SUCCESS: The file (or folder): "C:\scratchdir\Windows\WinSxS\x86_microsoft-windows-s..stack-termsrv-extra_31bf3856ad364e
35_10.0.26100.8035_none_52a1f22c373a061f\x86_microsoft-windows-s..stack-termsrv-extra_31bf3856ad364e35_10.0.26100.8035_n
one_52a1f22c373a061f\appserverai.dll" now owned by user "FARHAN\Admin".

SUCCESS: The file (or folder): "C:\scratchdir\Windows\WinSxS\x86_microsoft-windows-s..stack-termsrv-extra_31bf3856ad364e
35_10.0.26100.8035_none_52a1f22c373a061f\x86_microsoft-windows-s..stack-termsrv-extra_31bf3856ad364e35_10.0.26100.8035_n
one_52a1f22c373a061f\RDWebAI.dll" now owned by user "FARHAN\Admin".

SUCCESS: The file (or folder): "C:\scratchdir\Windows\WinSxS\x86_microsoft-windows-s..stack-termsrv-extra_31bf3856ad364e
35_10.0.26100.8035_none_52a1f22c373a061f\x86_microsoft-windows-s..stack-termsrv-extra_31bf3856ad364e35_10.0.26100.8035_n
one_52a1f22c373a061f\tssdisai.dll" now owned by user "FARHAN\Admin".

SUCCESS: The file (or folder): "C:\scratchdir\Windows\WinSxS\x86_microsoft-windows-s..stack-termsrv-extra_31bf3856ad364e
35_10.0.26100.8035_none_52a1f22c373a061f\x86_microsoft-windows-s..stack-termsrv-extra_31bf3856ad364e35_10.0.26100.8035_n
one_52a1f22c373a061f\VmHostAI.dll" now owned by user "FARHAN\Admin".

SUCCESS: The file (or folder): "C:\scratchdir\Windows\WinSxS\x86_microsoft-windows-servicingstack-inetsrv_31bf3856ad364e
35_10.0.26100.1_none_d6023c941726efdb\iissetupai.dll" now owned by user "FARHAN\Admin".

SUCCESS: The file (or folder): "C:\scratchdir\Windows\WinSxS\x86_microsoft-windows-servicingstack-inetsrv_31bf3856ad364e
35_10.0.26100.1_none_d6023c941726efdb\x86_microsoft-windows-servicingstack-inetsrv_31bf3856ad364e35_10.0.26100.1_none_d6
023c941726efdb" now owned by user "FARHAN\Admin".

SUCCESS: The file (or folder): "C:\scratchdir\Windows\WinSxS\x86_microsoft-windows-servicingstack-inetsrv_31bf3856ad364e
35_10.0.26100.1_none_d6023c941726efdb\x86_microsoft-windows-servicingstack-inetsrv_31bf3856ad364e35_10.0.26100.1_none_d6
023c941726efdb\iissetupai.dll" now owned by user "FARHAN\Admin".

SUCCESS: The file (or folder): "C:\scratchdir\Windows\WinSxS\x86_microsoft-windows-servicingstack-inetsrv_31bf3856ad364e
35_10.0.26100.8035_none_74fe4f645e7e5b70\iissetupai.dll" now owned by user "FARHAN\Admin".

SUCCESS: The file (or folder): "C:\scratchdir\Windows\WinSxS\x86_microsoft-windows-servicingstack-inetsrv_31bf3856ad364e
35_10.0.26100.8035_none_74fe4f645e7e5b70\x86_microsoft-windows-servicingstack-inetsrv_31bf3856ad364e35_10.0.26100.8035_n
one_74fe4f645e7e5b70" now owned by user "FARHAN\Admin".

SUCCESS: The file (or folder): "C:\scratchdir\Windows\WinSxS\x86_microsoft-windows-servicingstack-inetsrv_31bf3856ad364e
35_10.0.26100.8035_none_74fe4f645e7e5b70\x86_microsoft-windows-servicingstack-inetsrv_31bf3856ad364e35_10.0.26100.8035_n
one_74fe4f645e7e5b70\iissetupai.dll" now owned by user "FARHAN\Admin".

SUCCESS: The file (or folder): "C:\scratchdir\Windows\WinSxS\x86_microsoft-windows-servicingstack-onecore_31bf3856ad364e
35_10.0.26100.1_none_df260336cf7cc149\cleanupai.dll" now owned by user "FARHAN\Admin".

SUCCESS: The file (or folder): "C:\scratchdir\Windows\WinSxS\x86_microsoft-windows-servicingstack-onecore_31bf3856ad364e
35_10.0.26100.1_none_df260336cf7cc149\x86_microsoft-windows-servicingstack-onecore_31bf3856ad364e35_10.0.26100.1_none_df
260336cf7cc149" now owned by user "FARHAN\Admin".

SUCCESS: The file (or folder): "C:\scratchdir\Windows\WinSxS\x86_microsoft-windows-servicingstack-onecore_31bf3856ad364e
35_10.0.26100.1_none_df260336cf7cc149\x86_microsoft-windows-servicingstack-onecore_31bf3856ad364e35_10.0.26100.1_none_df
260336cf7cc149\cleanupai.dll" now owned by user "FARHAN\Admin".

SUCCESS: The file (or folder): "C:\scratchdir\Windows\WinSxS\x86_microsoft-windows-servicingstack-onecore_31bf3856ad364e
35_10.0.26100.8035_none_7e22160716d42cde\cleanupai.dll" now owned by user "FARHAN\Admin".

SUCCESS: The file (or folder): "C:\scratchdir\Windows\WinSxS\x86_microsoft-windows-servicingstack-onecore_31bf3856ad364e
35_10.0.26100.8035_none_7e22160716d42cde\x86_microsoft-windows-servicingstack-onecore_31bf3856ad364e35_10.0.26100.8035_n
one_7e22160716d42cde" now owned by user "FARHAN\Admin".

SUCCESS: The file (or folder): "C:\scratchdir\Windows\WinSxS\x86_microsoft-windows-servicingstack-onecore_31bf3856ad364e
35_10.0.26100.8035_none_7e22160716d42cde\x86_microsoft-windows-servicingstack-onecore_31bf3856ad364e35_10.0.26100.8035_n
one_7e22160716d42cde\cleanupai.dll" now owned by user "FARHAN\Admin".

SUCCESS: The file (or folder): "C:\scratchdir\Windows\WinSxS\x86_microsoft-windows-servicingstack_31bf3856ad364e35_10.0.
26100.1_none_aa346e257779a3b3\CbsCore.dll" now owned by user "FARHAN\Admin".

SUCCESS: The file (or folder): "C:\scratchdir\Windows\WinSxS\x86_microsoft-windows-servicingstack_31bf3856ad364e35_10.0.
26100.1_none_aa346e257779a3b3\CbsMsg.dll" now owned by user "FARHAN\Admin".

SUCCESS: The file (or folder): "C:\scratchdir\Windows\WinSxS\x86_microsoft-windows-servicingstack_31bf3856ad364e35_10.0.
26100.1_none_aa346e257779a3b3\containerworker.exe" now owned by user "FARHAN\Admin".

SUCCESS: The file (or folder): "C:\scratchdir\Windows\WinSxS\x86_microsoft-windows-servicingstack_31bf3856ad364e35_10.0.
26100.1_none_aa346e257779a3b3\dpx.dll" now owned by user "FARHAN\Admin".

SUCCESS: The file (or folder): "C:\scratchdir\Windows\WinSxS\x86_microsoft-windows-servicingstack_31bf3856ad364e35_10.0.
26100.1_none_aa346e257779a3b3\drupdate.dll" now owned by user "FARHAN\Admin".

SUCCESS: The file (or folder): "C:\scratchdir\Windows\WinSxS\x86_microsoft-windows-servicingstack_31bf3856ad364e35_10.0.
26100.1_none_aa346e257779a3b3\drvstore.dll" now owned by user "FARHAN\Admin".

SUCCESS: The file (or folder): "C:\scratchdir\Windows\WinSxS\x86_microsoft-windows-servicingstack_31bf3856ad364e35_10.0.
26100.1_none_aa346e257779a3b3\fstx.dll" now owned by user "FARHAN\Admin".

SUCCESS: The file (or folder): "C:\scratchdir\Windows\WinSxS\x86_microsoft-windows-servicingstack_31bf3856ad364e35_10.0.
26100.1_none_aa346e257779a3b3\GlobalInstallOrder.xml" now owned by user "FARHAN\Admin".

SUCCESS: The file (or folder): "C:\scratchdir\Windows\WinSxS\x86_microsoft-windows-servicingstack_31bf3856ad364e35_10.0.
26100.1_none_aa346e257779a3b3\GlobMerger.dll" now owned by user "FARHAN\Admin".

SUCCESS: The file (or folder): "C:\scratchdir\Windows\WinSxS\x86_microsoft-windows-servicingstack_31bf3856ad364e35_10.0.
26100.1_none_aa346e257779a3b3\mspatcha.dll" now owned by user "FARHAN\Admin".

SUCCESS: The file (or folder): "C:\scratchdir\Windows\WinSxS\x86_microsoft-windows-servicingstack_31bf3856ad364e35_10.0.
26100.1_none_aa346e257779a3b3\poqexec.exe" now owned by user "FARHAN\Admin".

SUCCESS: The file (or folder): "C:\scratchdir\Windows\WinSxS\x86_microsoft-windows-servicingstack_31bf3856ad364e35_10.0.
26100.1_none_aa346e257779a3b3\ReserveManager.dll" now owned by user "FARHAN\Admin".

SUCCESS: The file (or folder): "C:\scratchdir\Windows\WinSxS\x86_microsoft-windows-servicingstack_31bf3856ad364e35_10.0.
26100.1_none_aa346e257779a3b3\smiengine.dll" now owned by user "FARHAN\Admin".

SUCCESS: The file (or folder): "C:\scratchdir\Windows\WinSxS\x86_microsoft-windows-servicingstack_31bf3856ad364e35_10.0.
26100.1_none_aa346e257779a3b3\smipi.dll" now owned by user "FARHAN\Admin".

SUCCESS: The file (or folder): "C:\scratchdir\Windows\WinSxS\x86_microsoft-windows-servicingstack_31bf3856ad364e35_10.0.
26100.1_none_aa346e257779a3b3\TiFileFetcher.exe" now owned by user "FARHAN\Admin".

SUCCESS: The file (or folder): "C:\scratchdir\Windows\WinSxS\x86_microsoft-windows-servicingstack_31bf3856ad364e35_10.0.
26100.1_none_aa346e257779a3b3\TiWorker.exe" now owned by user "FARHAN\Admin".

SUCCESS: The file (or folder): "C:\scratchdir\Windows\WinSxS\x86_microsoft-windows-servicingstack_31bf3856ad364e35_10.0.
26100.1_none_aa346e257779a3b3\turbocontainer.dll" now owned by user "FARHAN\Admin".

SUCCESS: The file (or folder): "C:\scratchdir\Windows\WinSxS\x86_microsoft-windows-servicingstack_31bf3856ad364e35_10.0.
26100.1_none_aa346e257779a3b3\turbostack.dll" now owned by user "FARHAN\Admin".

SUCCESS: The file (or folder): "C:\scratchdir\Windows\WinSxS\x86_microsoft-windows-servicingstack_31bf3856ad364e35_10.0.
26100.1_none_aa346e257779a3b3\updateagent.dll" now owned by user "FARHAN\Admin".

SUCCESS: The file (or folder): "C:\scratchdir\Windows\WinSxS\x86_microsoft-windows-servicingstack_31bf3856ad364e35_10.0.
26100.1_none_aa346e257779a3b3\UpdateCompression.dll" now owned by user "FARHAN\Admin".

SUCCESS: The file (or folder): "C:\scratchdir\Windows\WinSxS\x86_microsoft-windows-servicingstack_31bf3856ad364e35_10.0.
26100.1_none_aa346e257779a3b3\WcmTypes.xsd" now owned by user "FARHAN\Admin".

SUCCESS: The file (or folder): "C:\scratchdir\Windows\WinSxS\x86_microsoft-windows-servicingstack_31bf3856ad364e35_10.0.
26100.1_none_aa346e257779a3b3\wcp.dll" now owned by user "FARHAN\Admin".

SUCCESS: The file (or folder): "C:\scratchdir\Windows\WinSxS\x86_microsoft-windows-servicingstack_31bf3856ad364e35_10.0.
26100.1_none_aa346e257779a3b3\wdscore.dll" now owned by user "FARHAN\Admin".

SUCCESS: The file (or folder): "C:\scratchdir\Windows\WinSxS\x86_microsoft-windows-servicingstack_31bf3856ad364e35_10.0.
26100.1_none_aa346e257779a3b3\wimgapi.dll" now owned by user "FARHAN\Admin".

SUCCESS: The file (or folder): "C:\scratchdir\Windows\WinSxS\x86_microsoft-windows-servicingstack_31bf3856ad364e35_10.0.
26100.1_none_aa346e257779a3b3\wrpint.dll" now owned by user "FARHAN\Admin".

SUCCESS: The file (or folder): "C:\scratchdir\Windows\WinSxS\x86_microsoft-windows-servicingstack_31bf3856ad364e35_10.0.
26100.1_none_aa346e257779a3b3\x86_installed" now owned by user "FARHAN\Admin".

SUCCESS: The file (or folder): "C:\scratchdir\Windows\WinSxS\x86_microsoft-windows-servicingstack_31bf3856ad364e35_10.0.
26100.1_none_aa346e257779a3b3\x86_microsoft-windows-servicingstack_31bf3856ad364e35_10.0.26100.1_none_aa346e257779a3b3"
now owned by user "FARHAN\Admin".

SUCCESS: The file (or folder): "C:\scratchdir\Windows\WinSxS\x86_microsoft-windows-servicingstack_31bf3856ad364e35_10.0.
26100.1_none_aa346e257779a3b3\x86_microsoft-windows-servicingstack_31bf3856ad364e35_10.0.26100.1_none_aa346e257779a3b3\C
bsCore.dll" now owned by user "FARHAN\Admin".

SUCCESS: The file (or folder): "C:\scratchdir\Windows\WinSxS\x86_microsoft-windows-servicingstack_31bf3856ad364e35_10.0.
26100.1_none_aa346e257779a3b3\x86_microsoft-windows-servicingstack_31bf3856ad364e35_10.0.26100.1_none_aa346e257779a3b3\C
bsMsg.dll" now owned by user "FARHAN\Admin".

SUCCESS: The file (or folder): "C:\scratchdir\Windows\WinSxS\x86_microsoft-windows-servicingstack_31bf3856ad364e35_10.0.
26100.1_none_aa346e257779a3b3\x86_microsoft-windows-servicingstack_31bf3856ad364e35_10.0.26100.1_none_aa346e257779a3b3\c
ontainerworker.exe" now owned by user "FARHAN\Admin".

SUCCESS: The file (or folder): "C:\scratchdir\Windows\WinSxS\x86_microsoft-windows-servicingstack_31bf3856ad364e35_10.0.
26100.1_none_aa346e257779a3b3\x86_microsoft-windows-servicingstack_31bf3856ad364e35_10.0.26100.1_none_aa346e257779a3b3\d
px.dll" now owned by user "FARHAN\Admin".

SUCCESS: The file (or folder): "C:\scratchdir\Windows\WinSxS\x86_microsoft-windows-servicingstack_31bf3856ad364e35_10.0.
26100.1_none_aa346e257779a3b3\x86_microsoft-windows-servicingstack_31bf3856ad364e35_10.0.26100.1_none_aa346e257779a3b3\d
rupdate.dll" now owned by user "FARHAN\Admin".

SUCCESS: The file (or folder): "C:\scratchdir\Windows\WinSxS\x86_microsoft-windows-servicingstack_31bf3856ad364e35_10.0.
26100.1_none_aa346e257779a3b3\x86_microsoft-windows-servicingstack_31bf3856ad364e35_10.0.26100.1_none_aa346e257779a3b3\d
rvstore.dll" now owned by user "FARHAN\Admin".

SUCCESS: The file (or folder): "C:\scratchdir\Windows\WinSxS\x86_microsoft-windows-servicingstack_31bf3856ad364e35_10.0.
26100.1_none_aa346e257779a3b3\x86_microsoft-windows-servicingstack_31bf3856ad364e35_10.0.26100.1_none_aa346e257779a3b3\f
stx.dll" now owned by user "FARHAN\Admin".

SUCCESS: The file (or folder): "C:\scratchdir\Windows\WinSxS\x86_microsoft-windows-servicingstack_31bf3856ad364e35_10.0.
26100.1_none_aa346e257779a3b3\x86_microsoft-windows-servicingstack_31bf3856ad364e35_10.0.26100.1_none_aa346e257779a3b3\G
lobalInstallOrder.xml" now owned by user "FARHAN\Admin".

SUCCESS: The file (or folder): "C:\scratchdir\Windows\WinSxS\x86_microsoft-windows-servicingstack_31bf3856ad364e35_10.0.
26100.1_none_aa346e257779a3b3\x86_microsoft-windows-servicingstack_31bf3856ad364e35_10.0.26100.1_none_aa346e257779a3b3\G
lobMerger.dll" now owned by user "FARHAN\Admin".

SUCCESS: The file (or folder): "C:\scratchdir\Windows\WinSxS\x86_microsoft-windows-servicingstack_31bf3856ad364e35_10.0.
26100.1_none_aa346e257779a3b3\x86_microsoft-windows-servicingstack_31bf3856ad364e35_10.0.26100.1_none_aa346e257779a3b3\m
spatcha.dll" now owned by user "FARHAN\Admin".

SUCCESS: The file (or folder): "C:\scratchdir\Windows\WinSxS\x86_microsoft-windows-servicingstack_31bf3856ad364e35_10.0.
26100.1_none_aa346e257779a3b3\x86_microsoft-windows-servicingstack_31bf3856ad364e35_10.0.26100.1_none_aa346e257779a3b3\p
oqexec.exe" now owned by user "FARHAN\Admin".

SUCCESS: The file (or folder): "C:\scratchdir\Windows\WinSxS\x86_microsoft-windows-servicingstack_31bf3856ad364e35_10.0.
26100.1_none_aa346e257779a3b3\x86_microsoft-windows-servicingstack_31bf3856ad364e35_10.0.26100.1_none_aa346e257779a3b3\R
eserveManager.dll" now owned by user "FARHAN\Admin".

SUCCESS: The file (or folder): "C:\scratchdir\Windows\WinSxS\x86_microsoft-windows-servicingstack_31bf3856ad364e35_10.0.
26100.1_none_aa346e257779a3b3\x86_microsoft-windows-servicingstack_31bf3856ad364e35_10.0.26100.1_none_aa346e257779a3b3\s
miengine.dll" now owned by user "FARHAN\Admin".

SUCCESS: The file (or folder): "C:\scratchdir\Windows\WinSxS\x86_microsoft-windows-servicingstack_31bf3856ad364e35_10.0.
26100.1_none_aa346e257779a3b3\x86_microsoft-windows-servicingstack_31bf3856ad364e35_10.0.26100.1_none_aa346e257779a3b3\s
mipi.dll" now owned by user "FARHAN\Admin".

SUCCESS: The file (or folder): "C:\scratchdir\Windows\WinSxS\x86_microsoft-windows-servicingstack_31bf3856ad364e35_10.0.
26100.1_none_aa346e257779a3b3\x86_microsoft-windows-servicingstack_31bf3856ad364e35_10.0.26100.1_none_aa346e257779a3b3\T
iFileFetcher.exe" now owned by user "FARHAN\Admin".

SUCCESS: The file (or folder): "C:\scratchdir\Windows\WinSxS\x86_microsoft-windows-servicingstack_31bf3856ad364e35_10.0.
26100.1_none_aa346e257779a3b3\x86_microsoft-windows-servicingstack_31bf3856ad364e35_10.0.26100.1_none_aa346e257779a3b3\T
iWorker.exe" now owned by user "FARHAN\Admin".

SUCCESS: The file (or folder): "C:\scratchdir\Windows\WinSxS\x86_microsoft-windows-servicingstack_31bf3856ad364e35_10.0.
26100.1_none_aa346e257779a3b3\x86_microsoft-windows-servicingstack_31bf3856ad364e35_10.0.26100.1_none_aa346e257779a3b3\t
urbocontainer.dll" now owned by user "FARHAN\Admin".

SUCCESS: The file (or folder): "C:\scratchdir\Windows\WinSxS\x86_microsoft-windows-servicingstack_31bf3856ad364e35_10.0.
26100.1_none_aa346e257779a3b3\x86_microsoft-windows-servicingstack_31bf3856ad364e35_10.0.26100.1_none_aa346e257779a3b3\t
urbostack.dll" now owned by user "FARHAN\Admin".

SUCCESS: The file (or folder): "C:\scratchdir\Windows\WinSxS\x86_microsoft-windows-servicingstack_31bf3856ad364e35_10.0.
26100.1_none_aa346e257779a3b3\x86_microsoft-windows-servicingstack_31bf3856ad364e35_10.0.26100.1_none_aa346e257779a3b3\u
pdateagent.dll" now owned by user "FARHAN\Admin".

SUCCESS: The file (or folder): "C:\scratchdir\Windows\WinSxS\x86_microsoft-windows-servicingstack_31bf3856ad364e35_10.0.
26100.1_none_aa346e257779a3b3\x86_microsoft-windows-servicingstack_31bf3856ad364e35_10.0.26100.1_none_aa346e257779a3b3\U
pdateCompression.dll" now owned by user "FARHAN\Admin".

SUCCESS: The file (or folder): "C:\scratchdir\Windows\WinSxS\x86_microsoft-windows-servicingstack_31bf3856ad364e35_10.0.
26100.1_none_aa346e257779a3b3\x86_microsoft-windows-servicingstack_31bf3856ad364e35_10.0.26100.1_none_aa346e257779a3b3\W
cmTypes.xsd" now owned by user "FARHAN\Admin".

SUCCESS: The file (or folder): "C:\scratchdir\Windows\WinSxS\x86_microsoft-windows-servicingstack_31bf3856ad364e35_10.0.
26100.1_none_aa346e257779a3b3\x86_microsoft-windows-servicingstack_31bf3856ad364e35_10.0.26100.1_none_aa346e257779a3b3\w
cp.dll" now owned by user "FARHAN\Admin".

SUCCESS: The file (or folder): "C:\scratchdir\Windows\WinSxS\x86_microsoft-windows-servicingstack_31bf3856ad364e35_10.0.
26100.1_none_aa346e257779a3b3\x86_microsoft-windows-servicingstack_31bf3856ad364e35_10.0.26100.1_none_aa346e257779a3b3\w
dscore.dll" now owned by user "FARHAN\Admin".

SUCCESS: The file (or folder): "C:\scratchdir\Windows\WinSxS\x86_microsoft-windows-servicingstack_31bf3856ad364e35_10.0.
26100.1_none_aa346e257779a3b3\x86_microsoft-windows-servicingstack_31bf3856ad364e35_10.0.26100.1_none_aa346e257779a3b3\w
imgapi.dll" now owned by user "FARHAN\Admin".

SUCCESS: The file (or folder): "C:\scratchdir\Windows\WinSxS\x86_microsoft-windows-servicingstack_31bf3856ad364e35_10.0.
26100.1_none_aa346e257779a3b3\x86_microsoft-windows-servicingstack_31bf3856ad364e35_10.0.26100.1_none_aa346e257779a3b3\w
rpint.dll" now owned by user "FARHAN\Admin".

SUCCESS: The file (or folder): "C:\scratchdir\Windows\WinSxS\x86_microsoft-windows-servicingstack_31bf3856ad364e35_10.0.
26100.1_none_aa346e257779a3b3\x86_microsoft-windows-servicingstack_31bf3856ad364e35_10.0.26100.1_none_aa346e257779a3b3\x
86_installed" now owned by user "FARHAN\Admin".

SUCCESS: The file (or folder): "C:\scratchdir\Windows\WinSxS\x86_microsoft-windows-servicingstack_31bf3856ad364e35_10.0.
26100.8035_none_493080f5bed10f48\CbsCore.dll" now owned by user "FARHAN\Admin".

SUCCESS: The file (or folder): "C:\scratchdir\Windows\WinSxS\x86_microsoft-windows-servicingstack_31bf3856ad364e35_10.0.
26100.8035_none_493080f5bed10f48\CbsMsg.dll" now owned by user "FARHAN\Admin".

SUCCESS: The file (or folder): "C:\scratchdir\Windows\WinSxS\x86_microsoft-windows-servicingstack_31bf3856ad364e35_10.0.
26100.8035_none_493080f5bed10f48\containerworker.exe" now owned by user "FARHAN\Admin".

SUCCESS: The file (or folder): "C:\scratchdir\Windows\WinSxS\x86_microsoft-windows-servicingstack_31bf3856ad364e35_10.0.
26100.8035_none_493080f5bed10f48\dpx.dll" now owned by user "FARHAN\Admin".

SUCCESS: The file (or folder): "C:\scratchdir\Windows\WinSxS\x86_microsoft-windows-servicingstack_31bf3856ad364e35_10.0.
26100.8035_none_493080f5bed10f48\drupdate.dll" now owned by user "FARHAN\Admin".

SUCCESS: The file (or folder): "C:\scratchdir\Windows\WinSxS\x86_microsoft-windows-servicingstack_31bf3856ad364e35_10.0.
26100.8035_none_493080f5bed10f48\drvstore.dll" now owned by user "FARHAN\Admin".

SUCCESS: The file (or folder): "C:\scratchdir\Windows\WinSxS\x86_microsoft-windows-servicingstack_31bf3856ad364e35_10.0.
26100.8035_none_493080f5bed10f48\fstx.dll" now owned by user "FARHAN\Admin".

SUCCESS: The file (or folder): "C:\scratchdir\Windows\WinSxS\x86_microsoft-windows-servicingstack_31bf3856ad364e35_10.0.
26100.8035_none_493080f5bed10f48\GlobalInstallOrder.xml" now owned by user "FARHAN\Admin".

SUCCESS: The file (or folder): "C:\scratchdir\Windows\WinSxS\x86_microsoft-windows-servicingstack_31bf3856ad364e35_10.0.
26100.8035_none_493080f5bed10f48\GlobMerger.dll" now owned by user "FARHAN\Admin".

SUCCESS: The file (or folder): "C:\scratchdir\Windows\WinSxS\x86_microsoft-windows-servicingstack_31bf3856ad364e35_10.0.
26100.8035_none_493080f5bed10f48\mspatcha.dll" now owned by user "FARHAN\Admin".

SUCCESS: The file (or folder): "C:\scratchdir\Windows\WinSxS\x86_microsoft-windows-servicingstack_31bf3856ad364e35_10.0.
26100.8035_none_493080f5bed10f48\poqexec.exe" now owned by user "FARHAN\Admin".

SUCCESS: The file (or folder): "C:\scratchdir\Windows\WinSxS\x86_microsoft-windows-servicingstack_31bf3856ad364e35_10.0.
26100.8035_none_493080f5bed10f48\ReserveManager.dll" now owned by user "FARHAN\Admin".

SUCCESS: The file (or folder): "C:\scratchdir\Windows\WinSxS\x86_microsoft-windows-servicingstack_31bf3856ad364e35_10.0.
26100.8035_none_493080f5bed10f48\smiengine.dll" now owned by user "FARHAN\Admin".

SUCCESS: The file (or folder): "C:\scratchdir\Windows\WinSxS\x86_microsoft-windows-servicingstack_31bf3856ad364e35_10.0.
26100.8035_none_493080f5bed10f48\smipi.dll" now owned by user "FARHAN\Admin".

SUCCESS: The file (or folder): "C:\scratchdir\Windows\WinSxS\x86_microsoft-windows-servicingstack_31bf3856ad364e35_10.0.
26100.8035_none_493080f5bed10f48\TiFileFetcher.exe" now owned by user "FARHAN\Admin".

SUCCESS: The file (or folder): "C:\scratchdir\Windows\WinSxS\x86_microsoft-windows-servicingstack_31bf3856ad364e35_10.0.
26100.8035_none_493080f5bed10f48\TiWorker.exe" now owned by user "FARHAN\Admin".

SUCCESS: The file (or folder): "C:\scratchdir\Windows\WinSxS\x86_microsoft-windows-servicingstack_31bf3856ad364e35_10.0.
26100.8035_none_493080f5bed10f48\turbocontainer.dll" now owned by user "FARHAN\Admin".

SUCCESS: The file (or folder): "C:\scratchdir\Windows\WinSxS\x86_microsoft-windows-servicingstack_31bf3856ad364e35_10.0.
26100.8035_none_493080f5bed10f48\turbostack.dll" now owned by user "FARHAN\Admin".

SUCCESS: The file (or folder): "C:\scratchdir\Windows\WinSxS\x86_microsoft-windows-servicingstack_31bf3856ad364e35_10.0.
26100.8035_none_493080f5bed10f48\updateagent.dll" now owned by user "FARHAN\Admin".

SUCCESS: The file (or folder): "C:\scratchdir\Windows\WinSxS\x86_microsoft-windows-servicingstack_31bf3856ad364e35_10.0.
26100.8035_none_493080f5bed10f48\UpdateCompression.dll" now owned by user "FARHAN\Admin".

SUCCESS: The file (or folder): "C:\scratchdir\Windows\WinSxS\x86_microsoft-windows-servicingstack_31bf3856ad364e35_10.0.
26100.8035_none_493080f5bed10f48\WcmTypes.xsd" now owned by user "FARHAN\Admin".

SUCCESS: The file (or folder): "C:\scratchdir\Windows\WinSxS\x86_microsoft-windows-servicingstack_31bf3856ad364e35_10.0.
26100.8035_none_493080f5bed10f48\wcp.dll" now owned by user "FARHAN\Admin".

SUCCESS: The file (or folder): "C:\scratchdir\Windows\WinSxS\x86_microsoft-windows-servicingstack_31bf3856ad364e35_10.0.
26100.8035_none_493080f5bed10f48\wdscore.dll" now owned by user "FARHAN\Admin".

SUCCESS: The file (or folder): "C:\scratchdir\Windows\WinSxS\x86_microsoft-windows-servicingstack_31bf3856ad364e35_10.0.
26100.8035_none_493080f5bed10f48\wimgapi.dll" now owned by user "FARHAN\Admin".

SUCCESS: The file (or folder): "C:\scratchdir\Windows\WinSxS\x86_microsoft-windows-servicingstack_31bf3856ad364e35_10.0.
26100.8035_none_493080f5bed10f48\wrpint.dll" now owned by user "FARHAN\Admin".

SUCCESS: The file (or folder): "C:\scratchdir\Windows\WinSxS\x86_microsoft-windows-servicingstack_31bf3856ad364e35_10.0.
26100.8035_none_493080f5bed10f48\x86_installed" now owned by user "FARHAN\Admin".

SUCCESS: The file (or folder): "C:\scratchdir\Windows\WinSxS\x86_microsoft-windows-servicingstack_31bf3856ad364e35_10.0.
26100.8035_none_493080f5bed10f48\x86_microsoft-windows-servicingstack_31bf3856ad364e35_10.0.26100.8035_none_493080f5bed1
0f48" now owned by user "FARHAN\Admin".

SUCCESS: The file (or folder): "C:\scratchdir\Windows\WinSxS\x86_microsoft-windows-servicingstack_31bf3856ad364e35_10.0.
26100.8035_none_493080f5bed10f48\x86_microsoft-windows-servicingstack_31bf3856ad364e35_10.0.26100.8035_none_493080f5bed1
0f48\CbsCore.dll" now owned by user "FARHAN\Admin".

SUCCESS: The file (or folder): "C:\scratchdir\Windows\WinSxS\x86_microsoft-windows-servicingstack_31bf3856ad364e35_10.0.
26100.8035_none_493080f5bed10f48\x86_microsoft-windows-servicingstack_31bf3856ad364e35_10.0.26100.8035_none_493080f5bed1
0f48\CbsMsg.dll" now owned by user "FARHAN\Admin".

SUCCESS: The file (or folder): "C:\scratchdir\Windows\WinSxS\x86_microsoft-windows-servicingstack_31bf3856ad364e35_10.0.
26100.8035_none_493080f5bed10f48\x86_microsoft-windows-servicingstack_31bf3856ad364e35_10.0.26100.8035_none_493080f5bed1
0f48\containerworker.exe" now owned by user "FARHAN\Admin".

SUCCESS: The file (or folder): "C:\scratchdir\Windows\WinSxS\x86_microsoft-windows-servicingstack_31bf3856ad364e35_10.0.
26100.8035_none_493080f5bed10f48\x86_microsoft-windows-servicingstack_31bf3856ad364e35_10.0.26100.8035_none_493080f5bed1
0f48\dpx.dll" now owned by user "FARHAN\Admin".

SUCCESS: The file (or folder): "C:\scratchdir\Windows\WinSxS\x86_microsoft-windows-servicingstack_31bf3856ad364e35_10.0.
26100.8035_none_493080f5bed10f48\x86_microsoft-windows-servicingstack_31bf3856ad364e35_10.0.26100.8035_none_493080f5bed1
0f48\drupdate.dll" now owned by user "FARHAN\Admin".

SUCCESS: The file (or folder): "C:\scratchdir\Windows\WinSxS\x86_microsoft-windows-servicingstack_31bf3856ad364e35_10.0.
26100.8035_none_493080f5bed10f48\x86_microsoft-windows-servicingstack_31bf3856ad364e35_10.0.26100.8035_none_493080f5bed1
0f48\drvstore.dll" now owned by user "FARHAN\Admin".

SUCCESS: The file (or folder): "C:\scratchdir\Windows\WinSxS\x86_microsoft-windows-servicingstack_31bf3856ad364e35_10.0.
26100.8035_none_493080f5bed10f48\x86_microsoft-windows-servicingstack_31bf3856ad364e35_10.0.26100.8035_none_493080f5bed1
0f48\fstx.dll" now owned by user "FARHAN\Admin".

SUCCESS: The file (or folder): "C:\scratchdir\Windows\WinSxS\x86_microsoft-windows-servicingstack_31bf3856ad364e35_10.0.
26100.8035_none_493080f5bed10f48\x86_microsoft-windows-servicingstack_31bf3856ad364e35_10.0.26100.8035_none_493080f5bed1
0f48\GlobalInstallOrder.xml" now owned by user "FARHAN\Admin".

SUCCESS: The file (or folder): "C:\scratchdir\Windows\WinSxS\x86_microsoft-windows-servicingstack_31bf3856ad364e35_10.0.
26100.8035_none_493080f5bed10f48\x86_microsoft-windows-servicingstack_31bf3856ad364e35_10.0.26100.8035_none_493080f5bed1
0f48\GlobMerger.dll" now owned by user "FARHAN\Admin".

SUCCESS: The file (or folder): "C:\scratchdir\Windows\WinSxS\x86_microsoft-windows-servicingstack_31bf3856ad364e35_10.0.
26100.8035_none_493080f5bed10f48\x86_microsoft-windows-servicingstack_31bf3856ad364e35_10.0.26100.8035_none_493080f5bed1
0f48\mspatcha.dll" now owned by user "FARHAN\Admin".

SUCCESS: The file (or folder): "C:\scratchdir\Windows\WinSxS\x86_microsoft-windows-servicingstack_31bf3856ad364e35_10.0.
26100.8035_none_493080f5bed10f48\x86_microsoft-windows-servicingstack_31bf3856ad364e35_10.0.26100.8035_none_493080f5bed1
0f48\poqexec.exe" now owned by user "FARHAN\Admin".

SUCCESS: The file (or folder): "C:\scratchdir\Windows\WinSxS\x86_microsoft-windows-servicingstack_31bf3856ad364e35_10.0.
26100.8035_none_493080f5bed10f48\x86_microsoft-windows-servicingstack_31bf3856ad364e35_10.0.26100.8035_none_493080f5bed1
0f48\ReserveManager.dll" now owned by user "FARHAN\Admin".

SUCCESS: The file (or folder): "C:\scratchdir\Windows\WinSxS\x86_microsoft-windows-servicingstack_31bf3856ad364e35_10.0.
26100.8035_none_493080f5bed10f48\x86_microsoft-windows-servicingstack_31bf3856ad364e35_10.0.26100.8035_none_493080f5bed1
0f48\smiengine.dll" now owned by user "FARHAN\Admin".

SUCCESS: The file (or folder): "C:\scratchdir\Windows\WinSxS\x86_microsoft-windows-servicingstack_31bf3856ad364e35_10.0.
26100.8035_none_493080f5bed10f48\x86_microsoft-windows-servicingstack_31bf3856ad364e35_10.0.26100.8035_none_493080f5bed1
0f48\smipi.dll" now owned by user "FARHAN\Admin".

SUCCESS: The file (or folder): "C:\scratchdir\Windows\WinSxS\x86_microsoft-windows-servicingstack_31bf3856ad364e35_10.0.
26100.8035_none_493080f5bed10f48\x86_microsoft-windows-servicingstack_31bf3856ad364e35_10.0.26100.8035_none_493080f5bed1
0f48\TiFileFetcher.exe" now owned by user "FARHAN\Admin".

SUCCESS: The file (or folder): "C:\scratchdir\Windows\WinSxS\x86_microsoft-windows-servicingstack_31bf3856ad364e35_10.0.
26100.8035_none_493080f5bed10f48\x86_microsoft-windows-servicingstack_31bf3856ad364e35_10.0.26100.8035_none_493080f5bed1
0f48\TiWorker.exe" now owned by user "FARHAN\Admin".

SUCCESS: The file (or folder): "C:\scratchdir\Windows\WinSxS\x86_microsoft-windows-servicingstack_31bf3856ad364e35_10.0.
26100.8035_none_493080f5bed10f48\x86_microsoft-windows-servicingstack_31bf3856ad364e35_10.0.26100.8035_none_493080f5bed1
0f48\turbocontainer.dll" now owned by user "FARHAN\Admin".

SUCCESS: The file (or folder): "C:\scratchdir\Windows\WinSxS\x86_microsoft-windows-servicingstack_31bf3856ad364e35_10.0.
26100.8035_none_493080f5bed10f48\x86_microsoft-windows-servicingstack_31bf3856ad364e35_10.0.26100.8035_none_493080f5bed1
0f48\turbostack.dll" now owned by user "FARHAN\Admin".

SUCCESS: The file (or folder): "C:\scratchdir\Windows\WinSxS\x86_microsoft-windows-servicingstack_31bf3856ad364e35_10.0.
26100.8035_none_493080f5bed10f48\x86_microsoft-windows-servicingstack_31bf3856ad364e35_10.0.26100.8035_none_493080f5bed1
0f48\updateagent.dll" now owned by user "FARHAN\Admin".

SUCCESS: The file (or folder): "C:\scratchdir\Windows\WinSxS\x86_microsoft-windows-servicingstack_31bf3856ad364e35_10.0.
26100.8035_none_493080f5bed10f48\x86_microsoft-windows-servicingstack_31bf3856ad364e35_10.0.26100.8035_none_493080f5bed1
0f48\UpdateCompression.dll" now owned by user "FARHAN\Admin".

SUCCESS: The file (or folder): "C:\scratchdir\Windows\WinSxS\x86_microsoft-windows-servicingstack_31bf3856ad364e35_10.0.
26100.8035_none_493080f5bed10f48\x86_microsoft-windows-servicingstack_31bf3856ad364e35_10.0.26100.8035_none_493080f5bed1
0f48\WcmTypes.xsd" now owned by user "FARHAN\Admin".

SUCCESS: The file (or folder): "C:\scratchdir\Windows\WinSxS\x86_microsoft-windows-servicingstack_31bf3856ad364e35_10.0.
26100.8035_none_493080f5bed10f48\x86_microsoft-windows-servicingstack_31bf3856ad364e35_10.0.26100.8035_none_493080f5bed1
0f48\wcp.dll" now owned by user "FARHAN\Admin".

SUCCESS: The file (or folder): "C:\scratchdir\Windows\WinSxS\x86_microsoft-windows-servicingstack_31bf3856ad364e35_10.0.
26100.8035_none_493080f5bed10f48\x86_microsoft-windows-servicingstack_31bf3856ad364e35_10.0.26100.8035_none_493080f5bed1
0f48\wdscore.dll" now owned by user "FARHAN\Admin".

SUCCESS: The file (or folder): "C:\scratchdir\Windows\WinSxS\x86_microsoft-windows-servicingstack_31bf3856ad364e35_10.0.
26100.8035_none_493080f5bed10f48\x86_microsoft-windows-servicingstack_31bf3856ad364e35_10.0.26100.8035_none_493080f5bed1
0f48\wimgapi.dll" now owned by user "FARHAN\Admin".

SUCCESS: The file (or folder): "C:\scratchdir\Windows\WinSxS\x86_microsoft-windows-servicingstack_31bf3856ad364e35_10.0.
26100.8035_none_493080f5bed10f48\x86_microsoft-windows-servicingstack_31bf3856ad364e35_10.0.26100.8035_none_493080f5bed1
0f48\wrpint.dll" now owned by user "FARHAN\Admin".

SUCCESS: The file (or folder): "C:\scratchdir\Windows\WinSxS\x86_microsoft-windows-servicingstack_31bf3856ad364e35_10.0.
26100.8035_none_493080f5bed10f48\x86_microsoft-windows-servicingstack_31bf3856ad364e35_10.0.26100.8035_none_493080f5bed1
0f48\x86_installed" now owned by user "FARHAN\Admin".

SUCCESS: The file (or folder): "C:\scratchdir\Windows\WinSxS\x86_microsoft.vc80.crt_1fc8b3b9a1e18e3b_8.0.50727.9680_none
_d090cb7c44278b28\msvcm80.dll" now owned by user "FARHAN\Admin".

SUCCESS: The file (or folder): "C:\scratchdir\Windows\WinSxS\x86_microsoft.vc80.crt_1fc8b3b9a1e18e3b_8.0.50727.9680_none
_d090cb7c44278b28\msvcp80.dll" now owned by user "FARHAN\Admin".

SUCCESS: The file (or folder): "C:\scratchdir\Windows\WinSxS\x86_microsoft.vc80.crt_1fc8b3b9a1e18e3b_8.0.50727.9680_none
_d090cb7c44278b28\msvcr80.dll" now owned by user "FARHAN\Admin".

SUCCESS: The file (or folder): "C:\scratchdir\Windows\WinSxS\x86_microsoft.vc80.crt_1fc8b3b9a1e18e3b_8.0.50727.9680_none
_d090cb7c44278b28\x86_microsoft.vc80.crt_1fc8b3b9a1e18e3b_8.0.50727.9680_none_d090cb7c44278b28" now owned by user "FARHA
N\Admin".

SUCCESS: The file (or folder): "C:\scratchdir\Windows\WinSxS\x86_microsoft.vc80.crt_1fc8b3b9a1e18e3b_8.0.50727.9680_none
_d090cb7c44278b28\x86_microsoft.vc80.crt_1fc8b3b9a1e18e3b_8.0.50727.9680_none_d090cb7c44278b28\msvcm80.dll" now owned by
 user "FARHAN\Admin".

SUCCESS: The file (or folder): "C:\scratchdir\Windows\WinSxS\x86_microsoft.vc80.crt_1fc8b3b9a1e18e3b_8.0.50727.9680_none
_d090cb7c44278b28\x86_microsoft.vc80.crt_1fc8b3b9a1e18e3b_8.0.50727.9680_none_d090cb7c44278b28\msvcp80.dll" now owned by
 user "FARHAN\Admin".

SUCCESS: The file (or folder): "C:\scratchdir\Windows\WinSxS\x86_microsoft.vc80.crt_1fc8b3b9a1e18e3b_8.0.50727.9680_none
_d090cb7c44278b28\x86_microsoft.vc80.crt_1fc8b3b9a1e18e3b_8.0.50727.9680_none_d090cb7c44278b28\msvcr80.dll" now owned by
 user "FARHAN\Admin".

SUCCESS: The file (or folder): "C:\scratchdir\Windows\WinSxS\x86_microsoft.vc90.crt_1fc8b3b9a1e18e3b_9.0.30729.9635_none
_508ff82ebcbafee0\msvcm90.dll" now owned by user "FARHAN\Admin".

SUCCESS: The file (or folder): "C:\scratchdir\Windows\WinSxS\x86_microsoft.vc90.crt_1fc8b3b9a1e18e3b_9.0.30729.9635_none
_508ff82ebcbafee0\msvcp90.dll" now owned by user "FARHAN\Admin".

SUCCESS: The file (or folder): "C:\scratchdir\Windows\WinSxS\x86_microsoft.vc90.crt_1fc8b3b9a1e18e3b_9.0.30729.9635_none
_508ff82ebcbafee0\msvcr90.dll" now owned by user "FARHAN\Admin".

SUCCESS: The file (or folder): "C:\scratchdir\Windows\WinSxS\x86_microsoft.vc90.crt_1fc8b3b9a1e18e3b_9.0.30729.9635_none
_508ff82ebcbafee0\x86_microsoft.vc90.crt_1fc8b3b9a1e18e3b_9.0.30729.9635_none_508ff82ebcbafee0" now owned by user "FARHA
N\Admin".

SUCCESS: The file (or folder): "C:\scratchdir\Windows\WinSxS\x86_microsoft.vc90.crt_1fc8b3b9a1e18e3b_9.0.30729.9635_none
_508ff82ebcbafee0\x86_microsoft.vc90.crt_1fc8b3b9a1e18e3b_9.0.30729.9635_none_508ff82ebcbafee0\msvcm90.dll" now owned by
 user "FARHAN\Admin".

SUCCESS: The file (or folder): "C:\scratchdir\Windows\WinSxS\x86_microsoft.vc90.crt_1fc8b3b9a1e18e3b_9.0.30729.9635_none
_508ff82ebcbafee0\x86_microsoft.vc90.crt_1fc8b3b9a1e18e3b_9.0.30729.9635_none_508ff82ebcbafee0\msvcp90.dll" now owned by
 user "FARHAN\Admin".

SUCCESS: The file (or folder): "C:\scratchdir\Windows\WinSxS\x86_microsoft.vc90.crt_1fc8b3b9a1e18e3b_9.0.30729.9635_none
_508ff82ebcbafee0\x86_microsoft.vc90.crt_1fc8b3b9a1e18e3b_9.0.30729.9635_none_508ff82ebcbafee0\msvcr90.dll" now owned by
 user "FARHAN\Admin".

SUCCESS: The file (or folder): "C:\scratchdir\Windows\WinSxS\x86_microsoft.windows.c..-controls.resources_6595b64144ccf1
df_5.82.26100.1591_af-za_518a2f37f5eafad8\comctl32.dll.mui" now owned by user "FARHAN\Admin".

SUCCESS: The file (or folder): "C:\scratchdir\Windows\WinSxS\x86_microsoft.windows.c..-controls.resources_6595b64144ccf1
df_5.82.26100.1591_af-za_518a2f37f5eafad8\x86_microsoft.windows.c..-controls.resources_6595b64144ccf1df_5.82.26100.1591_
af-za_518a2f37f5eafad8" now owned by user "FARHAN\Admin".

SUCCESS: The file (or folder): "C:\scratchdir\Windows\WinSxS\x86_microsoft.windows.c..-controls.resources_6595b64144ccf1
df_5.82.26100.1591_af-za_518a2f37f5eafad8\x86_microsoft.windows.c..-controls.resources_6595b64144ccf1df_5.82.26100.1591_
af-za_518a2f37f5eafad8\comctl32.dll.mui" now owned by user "FARHAN\Admin".

SUCCESS: The file (or folder): "C:\scratchdir\Windows\WinSxS\x86_microsoft.windows.c..-controls.resources_6595b64144ccf1
df_5.82.26100.1591_am-et_59ad6695f0b6fa3f\comctl32.dll.mui" now owned by user "FARHAN\Admin".

SUCCESS: The file (or folder): "C:\scratchdir\Windows\WinSxS\x86_microsoft.windows.c..-controls.resources_6595b64144ccf1
df_5.82.26100.1591_am-et_59ad6695f0b6fa3f\x86_microsoft.windows.c..-controls.resources_6595b64144ccf1df_5.82.26100.1591_
am-et_59ad6695f0b6fa3f" now owned by user "FARHAN\Admin".

SUCCESS: The file (or folder): "C:\scratchdir\Windows\WinSxS\x86_microsoft.windows.c..-controls.resources_6595b64144ccf1
df_5.82.26100.1591_am-et_59ad6695f0b6fa3f\x86_microsoft.windows.c..-controls.resources_6595b64144ccf1df_5.82.26100.1591_
am-et_59ad6695f0b6fa3f\comctl32.dll.mui" now owned by user "FARHAN\Admin".

SUCCESS: The file (or folder): "C:\scratchdir\Windows\WinSxS\x86_microsoft.windows.c..-controls.resources_6595b64144ccf1
df_5.82.26100.1591_ar-sa_51090f9ff64b96bd\comctl32.dll.mui" now owned by user "FARHAN\Admin".

SUCCESS: The file (or folder): "C:\scratchdir\Windows\WinSxS\x86_microsoft.windows.c..-controls.resources_6595b64144ccf1
df_5.82.26100.1591_ar-sa_51090f9ff64b96bd\x86_microsoft.windows.c..-controls.resources_6595b64144ccf1df_5.82.26100.1591_
ar-sa_51090f9ff64b96bd" now owned by user "FARHAN\Admin".

SUCCESS: The file (or folder): "C:\scratchdir\Windows\WinSxS\x86_microsoft.windows.c..-controls.resources_6595b64144ccf1
df_5.82.26100.1591_ar-sa_51090f9ff64b96bd\x86_microsoft.windows.c..-controls.resources_6595b64144ccf1df_5.82.26100.1591_
ar-sa_51090f9ff64b96bd\comctl32.dll.mui" now owned by user "FARHAN\Admin".

SUCCESS: The file (or folder): "C:\scratchdir\Windows\WinSxS\x86_microsoft.windows.c..-controls.resources_6595b64144ccf1
df_5.82.26100.1591_as-in_56c300d9f29ded3f\comctl32.dll.mui" now owned by user "FARHAN\Admin".

SUCCESS: The file (or folder): "C:\scratchdir\Windows\WinSxS\x86_microsoft.windows.c..-controls.resources_6595b64144ccf1
df_5.82.26100.1591_as-in_56c300d9f29ded3f\x86_microsoft.windows.c..-controls.resources_6595b64144ccf1df_5.82.26100.1591_
as-in_56c300d9f29ded3f" now owned by user "FARHAN\Admin".

SUCCESS: The file (or folder): "C:\scratchdir\Windows\WinSxS\x86_microsoft.windows.c..-controls.resources_6595b64144ccf1
df_5.82.26100.1591_as-in_56c300d9f29ded3f\x86_microsoft.windows.c..-controls.resources_6595b64144ccf1df_5.82.26100.1591_
as-in_56c300d9f29ded3f\comctl32.dll.mui" now owned by user "FARHAN\Admin".

SUCCESS: The file (or folder): "C:\scratchdir\Windows\WinSxS\x86_microsoft.windows.c..-controls.resources_6595b64144ccf1
df_5.82.26100.1591_az-..-az_1f30e434e212682c\comctl32.dll.mui" now owned by user "FARHAN\Admin".

SUCCESS: The file (or folder): "C:\scratchdir\Windows\WinSxS\x86_microsoft.windows.c..-controls.resources_6595b64144ccf1
df_5.82.26100.1591_az-..-az_1f30e434e212682c\x86_microsoft.windows.c..-controls.resources_6595b64144ccf1df_5.82.26100.15
91_az-..-az_1f30e434e212682c" now owned by user "FARHAN\Admin".

SUCCESS: The file (or folder): "C:\scratchdir\Windows\WinSxS\x86_microsoft.windows.c..-controls.resources_6595b64144ccf1
df_5.82.26100.1591_az-..-az_1f30e434e212682c\x86_microsoft.windows.c..-controls.resources_6595b64144ccf1df_5.82.26100.15
91_az-..-az_1f30e434e212682c\comctl32.dll.mui" now owned by user "FARHAN\Admin".

SUCCESS: The file (or folder): "C:\scratchdir\Windows\WinSxS\x86_microsoft.windows.c..-controls.resources_6595b64144ccf1
df_5.82.26100.1591_be-by_ff5a123ce19a01b0\comctl32.dll.mui" now owned by user "FARHAN\Admin".

SUCCESS: The file (or folder): "C:\scratchdir\Windows\WinSxS\x86_microsoft.windows.c..-controls.resources_6595b64144ccf1
df_5.82.26100.1591_be-by_ff5a123ce19a01b0\x86_microsoft.windows.c..-controls.resources_6595b64144ccf1df_5.82.26100.1591_
be-by_ff5a123ce19a01b0" now owned by user "FARHAN\Admin".

SUCCESS: The file (or folder): "C:\scratchdir\Windows\WinSxS\x86_microsoft.windows.c..-controls.resources_6595b64144ccf1
df_5.82.26100.1591_be-by_ff5a123ce19a01b0\x86_microsoft.windows.c..-controls.resources_6595b64144ccf1df_5.82.26100.1591_
be-by_ff5a123ce19a01b0\comctl32.dll.mui" now owned by user "FARHAN\Admin".

SUCCESS: The file (or folder): "C:\scratchdir\Windows\WinSxS\x86_microsoft.windows.c..-controls.resources_6595b64144ccf1
df_5.82.26100.1591_bg-bg_f748f128e6cbe814\comctl32.dll.mui" now owned by user "FARHAN\Admin".

SUCCESS: The file (or folder): "C:\scratchdir\Windows\WinSxS\x86_microsoft.windows.c..-controls.resources_6595b64144ccf1
df_5.82.26100.1591_bg-bg_f748f128e6cbe814\x86_microsoft.windows.c..-controls.resources_6595b64144ccf1df_5.82.26100.1591_
bg-bg_f748f128e6cbe814" now owned by user "FARHAN\Admin".

SUCCESS: The file (or folder): "C:\scratchdir\Windows\WinSxS\x86_microsoft.windows.c..-controls.resources_6595b64144ccf1
df_5.82.26100.1591_bg-bg_f748f128e6cbe814\x86_microsoft.windows.c..-controls.resources_6595b64144ccf1df_5.82.26100.1591_
bg-bg_f748f128e6cbe814\comctl32.dll.mui" now owned by user "FARHAN\Admin".

SUCCESS: The file (or folder): "C:\scratchdir\Windows\WinSxS\x86_microsoft.windows.c..-controls.resources_6595b64144ccf1
df_5.82.26100.1591_bn-in_fa17547ee5067ec3\comctl32.dll.mui" now owned by user "FARHAN\Admin".

SUCCESS: The file (or folder): "C:\scratchdir\Windows\WinSxS\x86_microsoft.windows.c..-controls.resources_6595b64144ccf1
df_5.82.26100.1591_bn-in_fa17547ee5067ec3\x86_microsoft.windows.c..-controls.resources_6595b64144ccf1df_5.82.26100.1591_
bn-in_fa17547ee5067ec3" now owned by user "FARHAN\Admin".

SUCCESS: The file (or folder): "C:\scratchdir\Windows\WinSxS\x86_microsoft.windows.c..-controls.resources_6595b64144ccf1
df_5.82.26100.1591_bn-in_fa17547ee5067ec3\x86_microsoft.windows.c..-controls.resources_6595b64144ccf1df_5.82.26100.1591_
bn-in_fa17547ee5067ec3\comctl32.dll.mui" now owned by user "FARHAN\Admin".

SUCCESS: The file (or folder): "C:\scratchdir\Windows\WinSxS\x86_microsoft.windows.c..-controls.resources_6595b64144ccf1
df_5.82.26100.1591_bs-..-ba_79f87f2cfb8b7b1a\comctl32.dll.mui" now owned by user "FARHAN\Admin".

SUCCESS: The file (or folder): "C:\scratchdir\Windows\WinSxS\x86_microsoft.windows.c..-controls.resources_6595b64144ccf1
df_5.82.26100.1591_bs-..-ba_79f87f2cfb8b7b1a\x86_microsoft.windows.c..-controls.resources_6595b64144ccf1df_5.82.26100.15
91_bs-..-ba_79f87f2cfb8b7b1a" now owned by user "FARHAN\Admin".

SUCCESS: The file (or folder): "C:\scratchdir\Windows\WinSxS\x86_microsoft.windows.c..-controls.resources_6595b64144ccf1
df_5.82.26100.1591_bs-..-ba_79f87f2cfb8b7b1a\x86_microsoft.windows.c..-controls.resources_6595b64144ccf1df_5.82.26100.15
91_bs-..-ba_79f87f2cfb8b7b1a\comctl32.dll.mui" now owned by user "FARHAN\Admin".

SUCCESS: The file (or folder): "C:\scratchdir\Windows\WinSxS\x86_microsoft.windows.c..-controls.resources_6595b64144ccf1
df_5.82.26100.1591_ca-..cia_f112ff8a0557c00a\comctl32.dll.mui" now owned by user "FARHAN\Admin".

SUCCESS: The file (or folder): "C:\scratchdir\Windows\WinSxS\x86_microsoft.windows.c..-controls.resources_6595b64144ccf1
df_5.82.26100.1591_ca-..cia_f112ff8a0557c00a\x86_microsoft.windows.c..-controls.resources_6595b64144ccf1df_5.82.26100.15
91_ca-..cia_f112ff8a0557c00a" now owned by user "FARHAN\Admin".

SUCCESS: The file (or folder): "C:\scratchdir\Windows\WinSxS\x86_microsoft.windows.c..-controls.resources_6595b64144ccf1
df_5.82.26100.1591_ca-..cia_f112ff8a0557c00a\x86_microsoft.windows.c..-controls.resources_6595b64144ccf1df_5.82.26100.15
91_ca-..cia_f112ff8a0557c00a\comctl32.dll.mui" now owned by user "FARHAN\Admin".

SUCCESS: The file (or folder): "C:\scratchdir\Windows\WinSxS\x86_microsoft.windows.c..-controls.resources_6595b64144ccf1
df_5.82.26100.1591_ca-es_9ffa2689d5c0e0de\comctl32.dll.mui" now owned by user "FARHAN\Admin".

SUCCESS: The file (or folder): "C:\scratchdir\Windows\WinSxS\x86_microsoft.windows.c..-controls.resources_6595b64144ccf1
df_5.82.26100.1591_ca-es_9ffa2689d5c0e0de\x86_microsoft.windows.c..-controls.resources_6595b64144ccf1df_5.82.26100.1591_
ca-es_9ffa2689d5c0e0de" now owned by user "FARHAN\Admin".

SUCCESS: The file (or folder): "C:\scratchdir\Windows\WinSxS\x86_microsoft.windows.c..-controls.resources_6595b64144ccf1
df_5.82.26100.1591_ca-es_9ffa2689d5c0e0de\x86_microsoft.windows.c..-controls.resources_6595b64144ccf1df_5.82.26100.1591_
ca-es_9ffa2689d5c0e0de\comctl32.dll.mui" now owned by user "FARHAN\Admin".

SUCCESS: The file (or folder): "C:\scratchdir\Windows\WinSxS\x86_microsoft.windows.c..-controls.resources_6595b64144ccf1
df_5.82.26100.1591_chr..-us_b364ae956dd57a92\comctl32.dll.mui" now owned by user "FARHAN\Admin".

SUCCESS: The file (or folder): "C:\scratchdir\Windows\WinSxS\x86_microsoft.windows.c..-controls.resources_6595b64144ccf1
df_5.82.26100.1591_chr..-us_b364ae956dd57a92\x86_microsoft.windows.c..-controls.resources_6595b64144ccf1df_5.82.26100.15
91_chr..-us_b364ae956dd57a92" now owned by user "FARHAN\Admin".

SUCCESS: The file (or folder): "C:\scratchdir\Windows\WinSxS\x86_microsoft.windows.c..-controls.resources_6595b64144ccf1
df_5.82.26100.1591_chr..-us_b364ae956dd57a92\x86_microsoft.windows.c..-controls.resources_6595b64144ccf1df_5.82.26100.15
91_chr..-us_b364ae956dd57a92\comctl32.dll.mui" now owned by user "FARHAN\Admin".

SUCCESS: The file (or folder): "C:\scratchdir\Windows\WinSxS\x86_microsoft.windows.c..-controls.resources_6595b64144ccf1
df_5.82.26100.1591_cs-cz_a25267c3d453c43f\comctl32.dll.mui" now owned by user "FARHAN\Admin".

SUCCESS: The file (or folder): "C:\scratchdir\Windows\WinSxS\x86_microsoft.windows.c..-controls.resources_6595b64144ccf1
df_5.82.26100.1591_cs-cz_a25267c3d453c43f\x86_microsoft.windows.c..-controls.resources_6595b64144ccf1df_5.82.26100.1591_
cs-cz_a25267c3d453c43f" now owned by user "FARHAN\Admin".

SUCCESS: The file (or folder): "C:\scratchdir\Windows\WinSxS\x86_microsoft.windows.c..-controls.resources_6595b64144ccf1
df_5.82.26100.1591_cs-cz_a25267c3d453c43f\x86_microsoft.windows.c..-controls.resources_6595b64144ccf1df_5.82.26100.1591_
cs-cz_a25267c3d453c43f\comctl32.dll.mui" now owned by user "FARHAN\Admin".

SUCCESS: The file (or folder): "C:\scratchdir\Windows\WinSxS\x86_microsoft.windows.c..-controls.resources_6595b64144ccf1
df_5.82.26100.1591_cy-gb_976c80cbdb5c65c1\comctl32.dll.mui" now owned by user "FARHAN\Admin".

SUCCESS: The file (or folder): "C:\scratchdir\Windows\WinSxS\x86_microsoft.windows.c..-controls.resources_6595b64144ccf1
df_5.82.26100.1591_cy-gb_976c80cbdb5c65c1\x86_microsoft.windows.c..-controls.resources_6595b64144ccf1df_5.82.26100.1591_
cy-gb_976c80cbdb5c65c1" now owned by user "FARHAN\Admin".

SUCCESS: The file (or folder): "C:\scratchdir\Windows\WinSxS\x86_microsoft.windows.c..-controls.resources_6595b64144ccf1
df_5.82.26100.1591_cy-gb_976c80cbdb5c65c1\x86_microsoft.windows.c..-controls.resources_6595b64144ccf1df_5.82.26100.1591_
cy-gb_976c80cbdb5c65c1\comctl32.dll.mui" now owned by user "FARHAN\Admin".

SUCCESS: The file (or folder): "C:\scratchdir\Windows\WinSxS\x86_microsoft.windows.c..-controls.resources_6595b64144ccf1
df_5.82.26100.1591_da-dk_3f8c47eaca99c03e\comctl32.dll.mui" now owned by user "FARHAN\Admin".

SUCCESS: The file (or folder): "C:\scratchdir\Windows\WinSxS\x86_microsoft.windows.c..-controls.resources_6595b64144ccf1
df_5.82.26100.1591_da-dk_3f8c47eaca99c03e\x86_microsoft.windows.c..-controls.resources_6595b64144ccf1df_5.82.26100.1591_
da-dk_3f8c47eaca99c03e" now owned by user "FARHAN\Admin".

SUCCESS: The file (or folder): "C:\scratchdir\Windows\WinSxS\x86_microsoft.windows.c..-controls.resources_6595b64144ccf1
df_5.82.26100.1591_da-dk_3f8c47eaca99c03e\x86_microsoft.windows.c..-controls.resources_6595b64144ccf1df_5.82.26100.1591_
da-dk_3f8c47eaca99c03e\comctl32.dll.mui" now owned by user "FARHAN\Admin".

SUCCESS: The file (or folder): "C:\scratchdir\Windows\WinSxS\x86_microsoft.windows.c..-controls.resources_6595b64144ccf1
df_5.82.26100.1591_de-de_3cb7dd26cc7014d8\comctl32.dll.mui" now owned by user "FARHAN\Admin".

SUCCESS: The file (or folder): "C:\scratchdir\Windows\WinSxS\x86_microsoft.windows.c..-controls.resources_6595b64144ccf1
df_5.82.26100.1591_de-de_3cb7dd26cc7014d8\x86_microsoft.windows.c..-controls.resources_6595b64144ccf1df_5.82.26100.1591_
de-de_3cb7dd26cc7014d8" now owned by user "FARHAN\Admin".

SUCCESS: The file (or folder): "C:\scratchdir\Windows\WinSxS\x86_microsoft.windows.c..-controls.resources_6595b64144ccf1
df_5.82.26100.1591_de-de_3cb7dd26cc7014d8\x86_microsoft.windows.c..-controls.resources_6595b64144ccf1df_5.82.26100.1591_
de-de_3cb7dd26cc7014d8\comctl32.dll.mui" now owned by user "FARHAN\Admin".

SUCCESS: The file (or folder): "C:\scratchdir\Windows\WinSxS\x86_microsoft.windows.c..-controls.resources_6595b64144ccf1
df_5.82.26100.1591_el-gr_e54e0ab9bb857d66\comctl32.dll.mui" now owned by user "FARHAN\Admin".

SUCCESS: The file (or folder): "C:\scratchdir\Windows\WinSxS\x86_microsoft.windows.c..-controls.resources_6595b64144ccf1
df_5.82.26100.1591_el-gr_e54e0ab9bb857d66\x86_microsoft.windows.c..-controls.resources_6595b64144ccf1df_5.82.26100.1591_
el-gr_e54e0ab9bb857d66" now owned by user "FARHAN\Admin".

SUCCESS: The file (or folder): "C:\scratchdir\Windows\WinSxS\x86_microsoft.windows.c..-controls.resources_6595b64144ccf1
df_5.82.26100.1591_el-gr_e54e0ab9bb857d66\x86_microsoft.windows.c..-controls.resources_6595b64144ccf1df_5.82.26100.1591_
el-gr_e54e0ab9bb857d66\comctl32.dll.mui" now owned by user "FARHAN\Admin".

SUCCESS: The file (or folder): "C:\scratchdir\Windows\WinSxS\x86_microsoft.windows.c..-controls.resources_6595b64144ccf1
df_5.82.26100.1591_en-gb_de1ff801c0256cd8\comctl32.dll.mui" now owned by user "FARHAN\Admin".

SUCCESS: The file (or folder): "C:\scratchdir\Windows\WinSxS\x86_microsoft.windows.c..-controls.resources_6595b64144ccf1
df_5.82.26100.1591_en-gb_de1ff801c0256cd8\x86_microsoft.windows.c..-controls.resources_6595b64144ccf1df_5.82.26100.1591_
en-gb_de1ff801c0256cd8" now owned by user "FARHAN\Admin".

SUCCESS: The file (or folder): "C:\scratchdir\Windows\WinSxS\x86_microsoft.windows.c..-controls.resources_6595b64144ccf1
df_5.82.26100.1591_en-gb_de1ff801c0256cd8\x86_microsoft.windows.c..-controls.resources_6595b64144ccf1df_5.82.26100.1591_
en-gb_de1ff801c0256cd8\comctl32.dll.mui" now owned by user "FARHAN\Admin".

SUCCESS: The file (or folder): "C:\scratchdir\Windows\WinSxS\x86_microsoft.windows.c..-controls.resources_6595b64144ccf1
df_5.82.26100.1591_en-us_e5a8b31fbb4e209d\comctl32.dll.mui" now owned by user "FARHAN\Admin".

SUCCESS: The file (or folder): "C:\scratchdir\Windows\WinSxS\x86_microsoft.windows.c..-controls.resources_6595b64144ccf1
df_5.82.26100.1591_en-us_e5a8b31fbb4e209d\x86_microsoft.windows.c..-controls.resources_6595b64144ccf1df_5.82.26100.1591_
en-us_e5a8b31fbb4e209d" now owned by user "FARHAN\Admin".

SUCCESS: The file (or folder): "C:\scratchdir\Windows\WinSxS\x86_microsoft.windows.c..-controls.resources_6595b64144ccf1
df_5.82.26100.1591_en-us_e5a8b31fbb4e209d\x86_microsoft.windows.c..-controls.resources_6595b64144ccf1df_5.82.26100.1591_
en-us_e5a8b31fbb4e209d\comctl32.dll.mui" now owned by user "FARHAN\Admin".

SUCCESS: The file (or folder): "C:\scratchdir\Windows\WinSxS\x86_microsoft.windows.c..-controls.resources_6595b64144ccf1
df_5.82.26100.1591_es-es_e5741003bb751242\comctl32.dll.mui" now owned by user "FARHAN\Admin".

SUCCESS: The file (or folder): "C:\scratchdir\Windows\WinSxS\x86_microsoft.windows.c..-controls.resources_6595b64144ccf1
df_5.82.26100.1591_es-es_e5741003bb751242\x86_microsoft.windows.c..-controls.resources_6595b64144ccf1df_5.82.26100.1591_
es-es_e5741003bb751242" now owned by user "FARHAN\Admin".

SUCCESS: The file (or folder): "C:\scratchdir\Windows\WinSxS\x86_microsoft.windows.c..-controls.resources_6595b64144ccf1
df_5.82.26100.1591_es-es_e5741003bb751242\x86_microsoft.windows.c..-controls.resources_6595b64144ccf1df_5.82.26100.1591_
es-es_e5741003bb751242\comctl32.dll.mui" now owned by user "FARHAN\Admin".

SUCCESS: The file (or folder): "C:\scratchdir\Windows\WinSxS\x86_microsoft.windows.c..-controls.resources_6595b64144ccf1
df_5.82.26100.1591_es-mx_e7aafda9ba08f5ed\comctl32.dll.mui" now owned by user "FARHAN\Admin".

SUCCESS: The file (or folder): "C:\scratchdir\Windows\WinSxS\x86_microsoft.windows.c..-controls.resources_6595b64144ccf1
df_5.82.26100.1591_es-mx_e7aafda9ba08f5ed\x86_microsoft.windows.c..-controls.resources_6595b64144ccf1df_5.82.26100.1591_
es-mx_e7aafda9ba08f5ed" now owned by user "FARHAN\Admin".

SUCCESS: The file (or folder): "C:\scratchdir\Windows\WinSxS\x86_microsoft.windows.c..-controls.resources_6595b64144ccf1
df_5.82.26100.1591_es-mx_e7aafda9ba08f5ed\x86_microsoft.windows.c..-controls.resources_6595b64144ccf1df_5.82.26100.1591_
es-mx_e7aafda9ba08f5ed\comctl32.dll.mui" now owned by user "FARHAN\Admin".

SUCCESS: The file (or folder): "C:\scratchdir\Windows\WinSxS\x86_microsoft.windows.c..-controls.resources_6595b64144ccf1
df_5.82.26100.1591_et-ee_df33db93bf7aeed1\comctl32.dll.mui" now owned by user "FARHAN\Admin".

SUCCESS: The file (or folder): "C:\scratchdir\Windows\WinSxS\x86_microsoft.windows.c..-controls.resources_6595b64144ccf1
df_5.82.26100.1591_et-ee_df33db93bf7aeed1\x86_microsoft.windows.c..-controls.resources_6595b64144ccf1df_5.82.26100.1591_
et-ee_df33db93bf7aeed1" now owned by user "FARHAN\Admin".

SUCCESS: The file (or folder): "C:\scratchdir\Windows\WinSxS\x86_microsoft.windows.c..-controls.resources_6595b64144ccf1
df_5.82.26100.1591_et-ee_df33db93bf7aeed1\x86_microsoft.windows.c..-controls.resources_6595b64144ccf1df_5.82.26100.1591_
et-ee_df33db93bf7aeed1\comctl32.dll.mui" now owned by user "FARHAN\Admin".

SUCCESS: The file (or folder): "C:\scratchdir\Windows\WinSxS\x86_microsoft.windows.c..-controls.resources_6595b64144ccf1
df_5.82.26100.1591_eu-es_e55e702bbb854a24\comctl32.dll.mui" now owned by user "FARHAN\Admin".

SUCCESS: The file (or folder): "C:\scratchdir\Windows\WinSxS\x86_microsoft.windows.c..-controls.resources_6595b64144ccf1
df_5.82.26100.1591_eu-es_e55e702bbb854a24\x86_microsoft.windows.c..-controls.resources_6595b64144ccf1df_5.82.26100.1591_
eu-es_e55e702bbb854a24" now owned by user "FARHAN\Admin".

SUCCESS: The file (or folder): "C:\scratchdir\Windows\WinSxS\x86_microsoft.windows.c..-controls.resources_6595b64144ccf1
df_5.82.26100.1591_eu-es_e55e702bbb854a24\x86_microsoft.windows.c..-controls.resources_6595b64144ccf1df_5.82.26100.1591_
eu-es_e55e702bbb854a24\comctl32.dll.mui" now owned by user "FARHAN\Admin".

SUCCESS: The file (or folder): "C:\scratchdir\Windows\WinSxS\x86_microsoft.windows.c..-controls.resources_6595b64144ccf1
df_5.82.26100.1591_fa-ir_88e31056adbd9a86\comctl32.dll.mui" now owned by user "FARHAN\Admin".

SUCCESS: The file (or folder): "C:\scratchdir\Windows\WinSxS\x86_microsoft.windows.c..-controls.resources_6595b64144ccf1
df_5.82.26100.1591_fa-ir_88e31056adbd9a86\x86_microsoft.windows.c..-controls.resources_6595b64144ccf1df_5.82.26100.1591_
fa-ir_88e31056adbd9a86" now owned by user "FARHAN\Admin".

SUCCESS: The file (or folder): "C:\scratchdir\Windows\WinSxS\x86_microsoft.windows.c..-controls.resources_6595b64144ccf1
df_5.82.26100.1591_fa-ir_88e31056adbd9a86\x86_microsoft.windows.c..-controls.resources_6595b64144ccf1df_5.82.26100.1591_
fa-ir_88e31056adbd9a86\comctl32.dll.mui" now owned by user "FARHAN\Admin".

SUCCESS: The file (or folder): "C:\scratchdir\Windows\WinSxS\x86_microsoft.windows.c..-controls.resources_6595b64144ccf1
df_5.82.26100.1591_fi-fi_848f14b0b08f046c\comctl32.dll.mui" now owned by user "FARHAN\Admin".

SUCCESS: The file (or folder): "C:\scratchdir\Windows\WinSxS\x86_microsoft.windows.c..-controls.resources_6595b64144ccf1
df_5.82.26100.1591_fi-fi_848f14b0b08f046c\x86_microsoft.windows.c..-controls.resources_6595b64144ccf1df_5.82.26100.1591_
fi-fi_848f14b0b08f046c" now owned by user "FARHAN\Admin".

SUCCESS: The file (or folder): "C:\scratchdir\Windows\WinSxS\x86_microsoft.windows.c..-controls.resources_6595b64144ccf1
df_5.82.26100.1591_fi-fi_848f14b0b08f046c\x86_microsoft.windows.c..-controls.resources_6595b64144ccf1df_5.82.26100.1591_
fi-fi_848f14b0b08f046c\comctl32.dll.mui" now owned by user "FARHAN\Admin".

SUCCESS: The file (or folder): "C:\scratchdir\Windows\WinSxS\x86_microsoft.windows.c..-controls.resources_6595b64144ccf1
df_5.82.26100.1591_fil-ph_28ca13bcf5ac9023\comctl32.dll.mui" now owned by user "FARHAN\Admin".

SUCCESS: The file (or folder): "C:\scratchdir\Windows\WinSxS\x86_microsoft.windows.c..-controls.resources_6595b64144ccf1
df_5.82.26100.1591_fil-ph_28ca13bcf5ac9023\x86_microsoft.windows.c..-controls.resources_6595b64144ccf1df_5.82.26100.1591
_fil-ph_28ca13bcf5ac9023" now owned by user "FARHAN\Admin".

SUCCESS: The file (or folder): "C:\scratchdir\Windows\WinSxS\x86_microsoft.windows.c..-controls.resources_6595b64144ccf1
df_5.82.26100.1591_fil-ph_28ca13bcf5ac9023\x86_microsoft.windows.c..-controls.resources_6595b64144ccf1df_5.82.26100.1591
_fil-ph_28ca13bcf5ac9023\comctl32.dll.mui" now owned by user "FARHAN\Admin".

SUCCESS: The file (or folder): "C:\scratchdir\Windows\WinSxS\x86_microsoft.windows.c..-controls.resources_6595b64144ccf1
df_5.82.26100.1591_fr-ca_80a1d04cb31f8eca\comctl32.dll.mui" now owned by user "FARHAN\Admin".

SUCCESS: The file (or folder): "C:\scratchdir\Windows\WinSxS\x86_microsoft.windows.c..-controls.resources_6595b64144ccf1
df_5.82.26100.1591_fr-ca_80a1d04cb31f8eca\x86_microsoft.windows.c..-controls.resources_6595b64144ccf1df_5.82.26100.1591_
fr-ca_80a1d04cb31f8eca" now owned by user "FARHAN\Admin".

SUCCESS: The file (or folder): "C:\scratchdir\Windows\WinSxS\x86_microsoft.windows.c..-controls.resources_6595b64144ccf1
df_5.82.26100.1591_fr-ca_80a1d04cb31f8eca\x86_microsoft.windows.c..-controls.resources_6595b64144ccf1df_5.82.26100.1591_
fr-ca_80a1d04cb31f8eca\comctl32.dll.mui" now owned by user "FARHAN\Admin".

SUCCESS: The file (or folder): "C:\scratchdir\Windows\WinSxS\x86_microsoft.windows.c..-controls.resources_6595b64144ccf1
df_5.82.26100.1591_fr-fr_882b8602ae4728a4\comctl32.dll.mui" now owned by user "FARHAN\Admin".

SUCCESS: The file (or folder): "C:\scratchdir\Windows\WinSxS\x86_microsoft.windows.c..-controls.resources_6595b64144ccf1
df_5.82.26100.1591_fr-fr_882b8602ae4728a4\x86_microsoft.windows.c..-controls.resources_6595b64144ccf1df_5.82.26100.1591_
fr-fr_882b8602ae4728a4" now owned by user "FARHAN\Admin".

SUCCESS: The file (or folder): "C:\scratchdir\Windows\WinSxS\x86_microsoft.windows.c..-controls.resources_6595b64144ccf1
df_5.82.26100.1591_fr-fr_882b8602ae4728a4\x86_microsoft.windows.c..-controls.resources_6595b64144ccf1df_5.82.26100.1591_
fr-fr_882b8602ae4728a4\comctl32.dll.mui" now owned by user "FARHAN\Admin".

SUCCESS: The file (or folder): "C:\scratchdir\Windows\WinSxS\x86_microsoft.windows.c..-controls.resources_6595b64144ccf1
df_5.82.26100.1591_ga-ie_263d7709a4037ce4\comctl32.dll.mui" now owned by user "FARHAN\Admin".

SUCCESS: The file (or folder): "C:\scratchdir\Windows\WinSxS\x86_microsoft.windows.c..-controls.resources_6595b64144ccf1
df_5.82.26100.1591_ga-ie_263d7709a4037ce4\x86_microsoft.windows.c..-controls.resources_6595b64144ccf1df_5.82.26100.1591_
ga-ie_263d7709a4037ce4" now owned by user "FARHAN\Admin".

SUCCESS: The file (or folder): "C:\scratchdir\Windows\WinSxS\x86_microsoft.windows.c..-controls.resources_6595b64144ccf1
df_5.82.26100.1591_ga-ie_263d7709a4037ce4\x86_microsoft.windows.c..-controls.resources_6595b64144ccf1df_5.82.26100.1591_
ga-ie_263d7709a4037ce4\comctl32.dll.mui" now owned by user "FARHAN\Admin".

SUCCESS: The file (or folder): "C:\scratchdir\Windows\WinSxS\x86_microsoft.windows.c..-controls.resources_6595b64144ccf1
df_5.82.26100.1591_gd-gb_24c89f4ba4f68fe0\comctl32.dll.mui" now owned by user "FARHAN\Admin".

SUCCESS: The file (or folder): "C:\scratchdir\Windows\WinSxS\x86_microsoft.windows.c..-controls.resources_6595b64144ccf1
df_5.82.26100.1591_gd-gb_24c89f4ba4f68fe0\x86_microsoft.windows.c..-controls.resources_6595b64144ccf1df_5.82.26100.1591_
gd-gb_24c89f4ba4f68fe0" now owned by user "FARHAN\Admin".

SUCCESS: The file (or folder): "C:\scratchdir\Windows\WinSxS\x86_microsoft.windows.c..-controls.resources_6595b64144ccf1
df_5.82.26100.1591_gd-gb_24c89f4ba4f68fe0\x86_microsoft.windows.c..-controls.resources_6595b64144ccf1df_5.82.26100.1591_
gd-gb_24c89f4ba4f68fe0\comctl32.dll.mui" now owned by user "FARHAN\Admin".

SUCCESS: The file (or folder): "C:\scratchdir\Windows\WinSxS\x86_microsoft.windows.c..-controls.resources_6595b64144ccf1
df_5.82.26100.1591_gl-es_2bfc4789a05e891d\comctl32.dll.mui" now owned by user "FARHAN\Admin".

SUCCESS: The file (or folder): "C:\scratchdir\Windows\WinSxS\x86_microsoft.windows.c..-controls.resources_6595b64144ccf1
df_5.82.26100.1591_gl-es_2bfc4789a05e891d\x86_microsoft.windows.c..-controls.resources_6595b64144ccf1df_5.82.26100.1591_
gl-es_2bfc4789a05e891d" now owned by user "FARHAN\Admin".

SUCCESS: The file (or folder): "C:\scratchdir\Windows\WinSxS\x86_microsoft.windows.c..-controls.resources_6595b64144ccf1
df_5.82.26100.1591_gl-es_2bfc4789a05e891d\x86_microsoft.windows.c..-controls.resources_6595b64144ccf1df_5.82.26100.1591_
gl-es_2bfc4789a05e891d\comctl32.dll.mui" now owned by user "FARHAN\Admin".

SUCCESS: The file (or folder): "C:\scratchdir\Windows\WinSxS\x86_microsoft.windows.c..-controls.resources_6595b64144ccf1
df_5.82.26100.1591_gu-in_2962f937a214d477\comctl32.dll.mui" now owned by user "FARHAN\Admin".

SUCCESS: The file (or folder): "C:\scratchdir\Windows\WinSxS\x86_microsoft.windows.c..-controls.resources_6595b64144ccf1
df_5.82.26100.1591_gu-in_2962f937a214d477\x86_microsoft.windows.c..-controls.resources_6595b64144ccf1df_5.82.26100.1591_
gu-in_2962f937a214d477" now owned by user "FARHAN\Admin".

SUCCESS: The file (or folder): "C:\scratchdir\Windows\WinSxS\x86_microsoft.windows.c..-controls.resources_6595b64144ccf1
df_5.82.26100.1591_gu-in_2962f937a214d477\x86_microsoft.windows.c..-controls.resources_6595b64144ccf1df_5.82.26100.1591_
gu-in_2962f937a214d477\comctl32.dll.mui" now owned by user "FARHAN\Admin".

SUCCESS: The file (or folder): "C:\scratchdir\Windows\WinSxS\x86_microsoft.windows.c..-controls.resources_6595b64144ccf1
df_5.82.26100.1591_he-il_cc4b2da494b62992\comctl32.dll.mui" now owned by user "FARHAN\Admin".

SUCCESS: The file (or folder): "C:\scratchdir\Windows\WinSxS\x86_microsoft.windows.c..-controls.resources_6595b64144ccf1
df_5.82.26100.1591_he-il_cc4b2da494b62992\x86_microsoft.windows.c..-controls.resources_6595b64144ccf1df_5.82.26100.1591_
he-il_cc4b2da494b62992" now owned by user "FARHAN\Admin".

SUCCESS: The file (or folder): "C:\scratchdir\Windows\WinSxS\x86_microsoft.windows.c..-controls.resources_6595b64144ccf1
df_5.82.26100.1591_he-il_cc4b2da494b62992\x86_microsoft.windows.c..-controls.resources_6595b64144ccf1df_5.82.26100.1591_
he-il_cc4b2da494b62992\comctl32.dll.mui" now owned by user "FARHAN\Admin".

SUCCESS: The file (or folder): "C:\scratchdir\Windows\WinSxS\x86_microsoft.windows.c..-controls.resources_6595b64144ccf1
df_5.82.26100.1591_hi-in_cd02fc509444a264\comctl32.dll.mui" now owned by user "FARHAN\Admin".

SUCCESS: The file (or folder): "C:\scratchdir\Windows\WinSxS\x86_microsoft.windows.c..-controls.resources_6595b64144ccf1
df_5.82.26100.1591_hi-in_cd02fc509444a264\x86_microsoft.windows.c..-controls.resources_6595b64144ccf1df_5.82.26100.1591_
hi-in_cd02fc509444a264" now owned by user "FARHAN\Admin".

SUCCESS: The file (or folder): "C:\scratchdir\Windows\WinSxS\x86_microsoft.windows.c..-controls.resources_6595b64144ccf1
df_5.82.26100.1591_hi-in_cd02fc509444a264\x86_microsoft.windows.c..-controls.resources_6595b64144ccf1df_5.82.26100.1591_
hi-in_cd02fc509444a264\comctl32.dll.mui" now owned by user "FARHAN\Admin".

SUCCESS: The file (or folder): "C:\scratchdir\Windows\WinSxS\x86_microsoft.windows.c..-controls.resources_6595b64144ccf1
df_5.82.26100.1591_hr-hr_ce67e08493699658\comctl32.dll.mui" now owned by user "FARHAN\Admin".

SUCCESS: The file (or folder): "C:\scratchdir\Windows\WinSxS\x86_microsoft.windows.c..-controls.resources_6595b64144ccf1
df_5.82.26100.1591_hr-hr_ce67e08493699658\x86_microsoft.windows.c..-controls.resources_6595b64144ccf1df_5.82.26100.1591_
hr-hr_ce67e08493699658" now owned by user "FARHAN\Admin".

SUCCESS: The file (or folder): "C:\scratchdir\Windows\WinSxS\x86_microsoft.windows.c..-controls.resources_6595b64144ccf1
df_5.82.26100.1591_hr-hr_ce67e08493699658\x86_microsoft.windows.c..-controls.resources_6595b64144ccf1df_5.82.26100.1591_
hr-hr_ce67e08493699658\comctl32.dll.mui" now owned by user "FARHAN\Admin".

SUCCESS: The file (or folder): "C:\scratchdir\Windows\WinSxS\x86_microsoft.windows.c..-controls.resources_6595b64144ccf1
df_5.82.26100.1591_hu-hu_cf9c064a92a6f7c0\comctl32.dll.mui" now owned by user "FARHAN\Admin".

SUCCESS: The file (or folder): "C:\scratchdir\Windows\WinSxS\x86_microsoft.windows.c..-controls.resources_6595b64144ccf1
df_5.82.26100.1591_hu-hu_cf9c064a92a6f7c0\x86_microsoft.windows.c..-controls.resources_6595b64144ccf1df_5.82.26100.1591_
hu-hu_cf9c064a92a6f7c0" now owned by user "FARHAN\Admin".

SUCCESS: The file (or folder): "C:\scratchdir\Windows\WinSxS\x86_microsoft.windows.c..-controls.resources_6595b64144ccf1
df_5.82.26100.1591_hu-hu_cf9c064a92a6f7c0\x86_microsoft.windows.c..-controls.resources_6595b64144ccf1df_5.82.26100.1591_
hu-hu_cf9c064a92a6f7c0\comctl32.dll.mui" now owned by user "FARHAN\Admin".

SUCCESS: The file (or folder): "C:\scratchdir\Windows\WinSxS\x86_microsoft.windows.c..-controls.resources_6595b64144ccf1
df_5.82.26100.1591_hy-am_cbe52ca2950e8fe5\comctl32.dll.mui" now owned by user "FARHAN\Admin".

SUCCESS: The file (or folder): "C:\scratchdir\Windows\WinSxS\x86_microsoft.windows.c..-controls.resources_6595b64144ccf1
df_5.82.26100.1591_hy-am_cbe52ca2950e8fe5\x86_microsoft.windows.c..-controls.resources_6595b64144ccf1df_5.82.26100.1591_
hy-am_cbe52ca2950e8fe5" now owned by user "FARHAN\Admin".

SUCCESS: The file (or folder): "C:\scratchdir\Windows\WinSxS\x86_microsoft.windows.c..-controls.resources_6595b64144ccf1
df_5.82.26100.1591_hy-am_cbe52ca2950e8fe5\x86_microsoft.windows.c..-controls.resources_6595b64144ccf1df_5.82.26100.1591_
hy-am_cbe52ca2950e8fe5\comctl32.dll.mui" now owned by user "FARHAN\Admin".

SUCCESS: The file (or folder): "C:\scratchdir\Windows\WinSxS\x86_microsoft.windows.c..-controls.resources_6595b64144ccf1
df_5.82.26100.1591_id-id_6be80829898706a2\comctl32.dll.mui" now owned by user "FARHAN\Admin".

SUCCESS: The file (or folder): "C:\scratchdir\Windows\WinSxS\x86_microsoft.windows.c..-controls.resources_6595b64144ccf1
df_5.82.26100.1591_id-id_6be80829898706a2\x86_microsoft.windows.c..-controls.resources_6595b64144ccf1df_5.82.26100.1591_
id-id_6be80829898706a2" now owned by user "FARHAN\Admin".

SUCCESS: The file (or folder): "C:\scratchdir\Windows\WinSxS\x86_microsoft.windows.c..-controls.resources_6595b64144ccf1
df_5.82.26100.1591_id-id_6be80829898706a2\x86_microsoft.windows.c..-controls.resources_6595b64144ccf1df_5.82.26100.1591_
id-id_6be80829898706a2\comctl32.dll.mui" now owned by user "FARHAN\Admin".

SUCCESS: The file (or folder): "C:\scratchdir\Windows\WinSxS\x86_microsoft.windows.c..-controls.resources_6595b64144ccf1
df_5.82.26100.1591_is-is_71ecc50785b9edaa\comctl32.dll.mui" now owned by user "FARHAN\Admin".

SUCCESS: The file (or folder): "C:\scratchdir\Windows\WinSxS\x86_microsoft.windows.c..-controls.resources_6595b64144ccf1
df_5.82.26100.1591_is-is_71ecc50785b9edaa\x86_microsoft.windows.c..-controls.resources_6595b64144ccf1df_5.82.26100.1591_
is-is_71ecc50785b9edaa" now owned by user "FARHAN\Admin".

SUCCESS: The file (or folder): "C:\scratchdir\Windows\WinSxS\x86_microsoft.windows.c..-controls.resources_6595b64144ccf1
df_5.82.26100.1591_is-is_71ecc50785b9edaa\x86_microsoft.windows.c..-controls.resources_6595b64144ccf1df_5.82.26100.1591_
is-is_71ecc50785b9edaa\comctl32.dll.mui" now owned by user "FARHAN\Admin".

SUCCESS: The file (or folder): "C:\scratchdir\Windows\WinSxS\x86_microsoft.windows.c..-controls.resources_6595b64144ccf1
df_5.82.26100.1591_it-it_72537c4985790e22\comctl32.dll.mui" now owned by user "FARHAN\Admin".

SUCCESS: The file (or folder): "C:\scratchdir\Windows\WinSxS\x86_microsoft.windows.c..-controls.resources_6595b64144ccf1
df_5.82.26100.1591_it-it_72537c4985790e22\x86_microsoft.windows.c..-controls.resources_6595b64144ccf1df_5.82.26100.1591_
it-it_72537c4985790e22" now owned by user "FARHAN\Admin".

SUCCESS: The file (or folder): "C:\scratchdir\Windows\WinSxS\x86_microsoft.windows.c..-controls.resources_6595b64144ccf1
df_5.82.26100.1591_it-it_72537c4985790e22\x86_microsoft.windows.c..-controls.resources_6595b64144ccf1df_5.82.26100.1591_
it-it_72537c4985790e22\comctl32.dll.mui" now owned by user "FARHAN\Admin".

SUCCESS: The file (or folder): "C:\scratchdir\Windows\WinSxS\x86_microsoft.windows.c..-controls.resources_6595b64144ccf1
df_5.82.26100.1591_ja-jp_1478fb5678941ffd\comctl32.dll.mui" now owned by user "FARHAN\Admin".

SUCCESS: The file (or folder): "C:\scratchdir\Windows\WinSxS\x86_microsoft.windows.c..-controls.resources_6595b64144ccf1
df_5.82.26100.1591_ja-jp_1478fb5678941ffd\x86_microsoft.windows.c..-controls.resources_6595b64144ccf1df_5.82.26100.1591_
ja-jp_1478fb5678941ffd" now owned by user "FARHAN\Admin".

SUCCESS: The file (or folder): "C:\scratchdir\Windows\WinSxS\x86_microsoft.windows.c..-controls.resources_6595b64144ccf1
df_5.82.26100.1591_ja-jp_1478fb5678941ffd\x86_microsoft.windows.c..-controls.resources_6595b64144ccf1df_5.82.26100.1591_
ja-jp_1478fb5678941ffd\comctl32.dll.mui" now owned by user "FARHAN\Admin".

SUCCESS: The file (or folder): "C:\scratchdir\Windows\WinSxS\x86_microsoft.windows.c..-controls.resources_6595b64144ccf1
df_5.82.26100.1591_ka-ge_b2b6b4bd6e47be86\comctl32.dll.mui" now owned by user "FARHAN\Admin".

SUCCESS: The file (or folder): "C:\scratchdir\Windows\WinSxS\x86_microsoft.windows.c..-controls.resources_6595b64144ccf1
df_5.82.26100.1591_ka-ge_b2b6b4bd6e47be86\x86_microsoft.windows.c..-controls.resources_6595b64144ccf1df_5.82.26100.1591_
ka-ge_b2b6b4bd6e47be86" now owned by user "FARHAN\Admin".

SUCCESS: The file (or folder): "C:\scratchdir\Windows\WinSxS\x86_microsoft.windows.c..-controls.resources_6595b64144ccf1
df_5.82.26100.1591_ka-ge_b2b6b4bd6e47be86\x86_microsoft.windows.c..-controls.resources_6595b64144ccf1df_5.82.26100.1591_
ka-ge_b2b6b4bd6e47be86\comctl32.dll.mui" now owned by user "FARHAN\Admin".

SUCCESS: The file (or folder): "C:\scratchdir\Windows\WinSxS\x86_microsoft.windows.c..-controls.resources_6595b64144ccf1
df_5.82.26100.1591_kk-kz_bb9a512b689c9b87\comctl32.dll.mui" now owned by user "FARHAN\Admin".

SUCCESS: The file (or folder): "C:\scratchdir\Windows\WinSxS\x86_microsoft.windows.c..-controls.resources_6595b64144ccf1
df_5.82.26100.1591_kk-kz_bb9a512b689c9b87\x86_microsoft.windows.c..-controls.resources_6595b64144ccf1df_5.82.26100.1591_
kk-kz_bb9a512b689c9b87" now owned by user "FARHAN\Admin".

SUCCESS: The file (or folder): "C:\scratchdir\Windows\WinSxS\x86_microsoft.windows.c..-controls.resources_6595b64144ccf1
df_5.82.26100.1591_kk-kz_bb9a512b689c9b87\x86_microsoft.windows.c..-controls.resources_6595b64144ccf1df_5.82.26100.1591_
kk-kz_bb9a512b689c9b87\comctl32.dll.mui" now owned by user "FARHAN\Admin".

SUCCESS: The file (or folder): "C:\scratchdir\Windows\WinSxS\x86_microsoft.windows.c..-controls.resources_6595b64144ccf1
df_5.82.26100.1591_km-kh_b38930176dce81eb\comctl32.dll.mui" now owned by user "FARHAN\Admin".

SUCCESS: The file (or folder): "C:\scratchdir\Windows\WinSxS\x86_microsoft.windows.c..-controls.resources_6595b64144ccf1
df_5.82.26100.1591_km-kh_b38930176dce81eb\x86_microsoft.windows.c..-controls.resources_6595b64144ccf1df_5.82.26100.1591_
km-kh_b38930176dce81eb" now owned by user "FARHAN\Admin".

SUCCESS: The file (or folder): "C:\scratchdir\Windows\WinSxS\x86_microsoft.windows.c..-controls.resources_6595b64144ccf1
df_5.82.26100.1591_km-kh_b38930176dce81eb\x86_microsoft.windows.c..-controls.resources_6595b64144ccf1df_5.82.26100.1591_
km-kh_b38930176dce81eb\comctl32.dll.mui" now owned by user "FARHAN\Admin".

SUCCESS: The file (or folder): "C:\scratchdir\Windows\WinSxS\x86_microsoft.windows.c..-controls.resources_6595b64144ccf1
df_5.82.26100.1591_kn-in_b627b8cf6c2085c4\comctl32.dll.mui" now owned by user "FARHAN\Admin".

SUCCESS: The file (or folder): "C:\scratchdir\Windows\WinSxS\x86_microsoft.windows.c..-controls.resources_6595b64144ccf1
df_5.82.26100.1591_kn-in_b627b8cf6c2085c4\x86_microsoft.windows.c..-controls.resources_6595b64144ccf1df_5.82.26100.1591_
kn-in_b627b8cf6c2085c4" now owned by user "FARHAN\Admin".

SUCCESS: The file (or folder): "C:\scratchdir\Windows\WinSxS\x86_microsoft.windows.c..-controls.resources_6595b64144ccf1
df_5.82.26100.1591_kn-in_b627b8cf6c2085c4\x86_microsoft.windows.c..-controls.resources_6595b64144ccf1df_5.82.26100.1591_
kn-in_b627b8cf6c2085c4\comctl32.dll.mui" now owned by user "FARHAN\Admin".

SUCCESS: The file (or folder): "C:\scratchdir\Windows\WinSxS\x86_microsoft.windows.c..-controls.resources_6595b64144ccf1
df_5.82.26100.1591_ko-kr_b7e2d80b6b04e713\comctl32.dll.mui" now owned by user "FARHAN\Admin".

SUCCESS: The file (or folder): "C:\scratchdir\Windows\WinSxS\x86_microsoft.windows.c..-controls.resources_6595b64144ccf1
df_5.82.26100.1591_ko-kr_b7e2d80b6b04e713\x86_microsoft.windows.c..-controls.resources_6595b64144ccf1df_5.82.26100.1591_
ko-kr_b7e2d80b6b04e713" now owned by user "FARHAN\Admin".

SUCCESS: The file (or folder): "C:\scratchdir\Windows\WinSxS\x86_microsoft.windows.c..-controls.resources_6595b64144ccf1
df_5.82.26100.1591_ko-kr_b7e2d80b6b04e713\x86_microsoft.windows.c..-controls.resources_6595b64144ccf1df_5.82.26100.1591_
ko-kr_b7e2d80b6b04e713\comctl32.dll.mui" now owned by user "FARHAN\Admin".

SUCCESS: The file (or folder): "C:\scratchdir\Windows\WinSxS\x86_microsoft.windows.c..-controls.resources_6595b64144ccf1
df_5.82.26100.1591_kok-in_6585d38e6851d2b8\comctl32.dll.mui" now owned by user "FARHAN\Admin".

SUCCESS: The file (or folder): "C:\scratchdir\Windows\WinSxS\x86_microsoft.windows.c..-controls.resources_6595b64144ccf1
df_5.82.26100.1591_kok-in_6585d38e6851d2b8\x86_microsoft.windows.c..-controls.resources_6595b64144ccf1df_5.82.26100.1591
_kok-in_6585d38e6851d2b8" now owned by user "FARHAN\Admin".

SUCCESS: The file (or folder): "C:\scratchdir\Windows\WinSxS\x86_microsoft.windows.c..-controls.resources_6595b64144ccf1
df_5.82.26100.1591_kok-in_6585d38e6851d2b8\x86_microsoft.windows.c..-controls.resources_6595b64144ccf1df_5.82.26100.1591
_kok-in_6585d38e6851d2b8\comctl32.dll.mui" now owned by user "FARHAN\Admin".

SUCCESS: The file (or folder): "C:\scratchdir\Windows\WinSxS\x86_microsoft.windows.c..-controls.resources_6595b64144ccf1
df_5.82.26100.1591_lb-lu_5ce229d25c51c045\comctl32.dll.mui" now owned by user "FARHAN\Admin".

SUCCESS: The file (or folder): "C:\scratchdir\Windows\WinSxS\x86_microsoft.windows.c..-controls.resources_6595b64144ccf1
df_5.82.26100.1591_lb-lu_5ce229d25c51c045\x86_microsoft.windows.c..-controls.resources_6595b64144ccf1df_5.82.26100.1591_
lb-lu_5ce229d25c51c045" now owned by user "FARHAN\Admin".

SUCCESS: The file (or folder): "C:\scratchdir\Windows\WinSxS\x86_microsoft.windows.c..-controls.resources_6595b64144ccf1
df_5.82.26100.1591_lb-lu_5ce229d25c51c045\x86_microsoft.windows.c..-controls.resources_6595b64144ccf1df_5.82.26100.1591_
lb-lu_5ce229d25c51c045\comctl32.dll.mui" now owned by user "FARHAN\Admin".

SUCCESS: The file (or folder): "C:\scratchdir\Windows\WinSxS\x86_microsoft.windows.c..-controls.resources_6595b64144ccf1
df_5.82.26100.1591_lo-la_53770b3e626ed0f6\comctl32.dll.mui" now owned by user "FARHAN\Admin".

SUCCESS: The file (or folder): "C:\scratchdir\Windows\WinSxS\x86_microsoft.windows.c..-controls.resources_6595b64144ccf1
df_5.82.26100.1591_lo-la_53770b3e626ed0f6\x86_microsoft.windows.c..-controls.resources_6595b64144ccf1df_5.82.26100.1591_
lo-la_53770b3e626ed0f6" now owned by user "FARHAN\Admin".

SUCCESS: The file (or folder): "C:\scratchdir\Windows\WinSxS\x86_microsoft.windows.c..-controls.resources_6595b64144ccf1
df_5.82.26100.1591_lo-la_53770b3e626ed0f6\x86_microsoft.windows.c..-controls.resources_6595b64144ccf1df_5.82.26100.1591_
lo-la_53770b3e626ed0f6\comctl32.dll.mui" now owned by user "FARHAN\Admin".

SUCCESS: The file (or folder): "C:\scratchdir\Windows\WinSxS\x86_microsoft.windows.c..-controls.resources_6595b64144ccf1
df_5.82.26100.1591_lt-lt_5bae040c5d2cb2b0\comctl32.dll.mui" now owned by user "FARHAN\Admin".

SUCCESS: The file (or folder): "C:\scratchdir\Windows\WinSxS\x86_microsoft.windows.c..-controls.resources_6595b64144ccf1
df_5.82.26100.1591_lt-lt_5bae040c5d2cb2b0\x86_microsoft.windows.c..-controls.resources_6595b64144ccf1df_5.82.26100.1591_
lt-lt_5bae040c5d2cb2b0" now owned by user "FARHAN\Admin".

SUCCESS: The file (or folder): "C:\scratchdir\Windows\WinSxS\x86_microsoft.windows.c..-controls.resources_6595b64144ccf1
df_5.82.26100.1591_lt-lt_5bae040c5d2cb2b0\x86_microsoft.windows.c..-controls.resources_6595b64144ccf1df_5.82.26100.1591_
lt-lt_5bae040c5d2cb2b0\comctl32.dll.mui" now owned by user "FARHAN\Admin".

SUCCESS: The file (or folder): "C:\scratchdir\Windows\WinSxS\x86_microsoft.windows.c..-controls.resources_6595b64144ccf1
df_5.82.26100.1591_lv-lv_5c7b72905caaf3a0\comctl32.dll.mui" now owned by user "FARHAN\Admin".

SUCCESS: The file (or folder): "C:\scratchdir\Windows\WinSxS\x86_microsoft.windows.c..-controls.resources_6595b64144ccf1
df_5.82.26100.1591_lv-lv_5c7b72905caaf3a0\x86_microsoft.windows.c..-controls.resources_6595b64144ccf1df_5.82.26100.1591_
lv-lv_5c7b72905caaf3a0" now owned by user "FARHAN\Admin".

SUCCESS: The file (or folder): "C:\scratchdir\Windows\WinSxS\x86_microsoft.windows.c..-controls.resources_6595b64144ccf1
df_5.82.26100.1591_lv-lv_5c7b72905caaf3a0\x86_microsoft.windows.c..-controls.resources_6595b64144ccf1df_5.82.26100.1591_
lv-lv_5c7b72905caaf3a0\comctl32.dll.mui" now owned by user "FARHAN\Admin".

SUCCESS: The file (or folder): "C:\scratchdir\Windows\WinSxS\x86_microsoft.windows.c..-controls.resources_6595b64144ccf1
df_5.82.26100.1591_mi-nz_01ec34bd4daeeafa\comctl32.dll.mui" now owned by user "FARHAN\Admin".

SUCCESS: The file (or folder): "C:\scratchdir\Windows\WinSxS\x86_microsoft.windows.c..-controls.resources_6595b64144ccf1
df_5.82.26100.1591_mi-nz_01ec34bd4daeeafa\x86_microsoft.windows.c..-controls.resources_6595b64144ccf1df_5.82.26100.1591_
mi-nz_01ec34bd4daeeafa" now owned by user "FARHAN\Admin".

SUCCESS: The file (or folder): "C:\scratchdir\Windows\WinSxS\x86_microsoft.windows.c..-controls.resources_6595b64144ccf1
df_5.82.26100.1591_mi-nz_01ec34bd4daeeafa\x86_microsoft.windows.c..-controls.resources_6595b64144ccf1df_5.82.26100.1591_
mi-nz_01ec34bd4daeeafa\comctl32.dll.mui" now owned by user "FARHAN\Admin".

SUCCESS: The file (or folder): "C:\scratchdir\Windows\WinSxS\x86_microsoft.windows.c..-controls.resources_6595b64144ccf1
df_5.82.26100.1591_mk-mk_fb2fbffb5205c552\comctl32.dll.mui" now owned by user "FARHAN\Admin".

SUCCESS: The file (or folder): "C:\scratchdir\Windows\WinSxS\x86_microsoft.windows.c..-controls.resources_6595b64144ccf1
df_5.82.26100.1591_mk-mk_fb2fbffb5205c552\x86_microsoft.windows.c..-controls.resources_6595b64144ccf1df_5.82.26100.1591_
mk-mk_fb2fbffb5205c552" now owned by user "FARHAN\Admin".

SUCCESS: The file (or folder): "C:\scratchdir\Windows\WinSxS\x86_microsoft.windows.c..-controls.resources_6595b64144ccf1
df_5.82.26100.1591_mk-mk_fb2fbffb5205c552\x86_microsoft.windows.c..-controls.resources_6595b64144ccf1df_5.82.26100.1591_
mk-mk_fb2fbffb5205c552\comctl32.dll.mui" now owned by user "FARHAN\Admin".

SUCCESS: The file (or folder): "C:\scratchdir\Windows\WinSxS\x86_microsoft.windows.c..-controls.resources_6595b64144ccf1
df_5.82.26100.1591_ml-in_fc79e0b951328854\comctl32.dll.mui" now owned by user "FARHAN\Admin".

SUCCESS: The file (or folder): "C:\scratchdir\Windows\WinSxS\x86_microsoft.windows.c..-controls.resources_6595b64144ccf1
df_5.82.26100.1591_ml-in_fc79e0b951328854\x86_microsoft.windows.c..-controls.resources_6595b64144ccf1df_5.82.26100.1591_
ml-in_fc79e0b951328854" now owned by user "FARHAN\Admin".

SUCCESS: The file (or folder): "C:\scratchdir\Windows\WinSxS\x86_microsoft.windows.c..-controls.resources_6595b64144ccf1
df_5.82.26100.1591_ml-in_fc79e0b951328854\x86_microsoft.windows.c..-controls.resources_6595b64144ccf1df_5.82.26100.1591_
ml-in_fc79e0b951328854\comctl32.dll.mui" now owned by user "FARHAN\Admin".

SUCCESS: The file (or folder): "C:\scratchdir\Windows\WinSxS\x86_microsoft.windows.c..-controls.resources_6595b64144ccf1
df_5.82.26100.1591_mr-in_fc39013151632ffa\comctl32.dll.mui" now owned by user "FARHAN\Admin".

SUCCESS: The file (or folder): "C:\scratchdir\Windows\WinSxS\x86_microsoft.windows.c..-controls.resources_6595b64144ccf1
df_5.82.26100.1591_mr-in_fc39013151632ffa\x86_microsoft.windows.c..-controls.resources_6595b64144ccf1df_5.82.26100.1591_
mr-in_fc39013151632ffa" now owned by user "FARHAN\Admin".

SUCCESS: The file (or folder): "C:\scratchdir\Windows\WinSxS\x86_microsoft.windows.c..-controls.resources_6595b64144ccf1
df_5.82.26100.1591_mr-in_fc39013151632ffa\x86_microsoft.windows.c..-controls.resources_6595b64144ccf1df_5.82.26100.1591_
mr-in_fc39013151632ffa\comctl32.dll.mui" now owned by user "FARHAN\Admin".

SUCCESS: The file (or folder): "C:\scratchdir\Windows\WinSxS\x86_microsoft.windows.c..-controls.resources_6595b64144ccf1
df_5.82.26100.1591_ms-my_010ea51f4e48e43c\comctl32.dll.mui" now owned by user "FARHAN\Admin".

SUCCESS: The file (or folder): "C:\scratchdir\Windows\WinSxS\x86_microsoft.windows.c..-controls.resources_6595b64144ccf1
df_5.82.26100.1591_ms-my_010ea51f4e48e43c\x86_microsoft.windows.c..-controls.resources_6595b64144ccf1df_5.82.26100.1591_
ms-my_010ea51f4e48e43c" now owned by user "FARHAN\Admin".

SUCCESS: The file (or folder): "C:\scratchdir\Windows\WinSxS\x86_microsoft.windows.c..-controls.resources_6595b64144ccf1
df_5.82.26100.1591_ms-my_010ea51f4e48e43c\x86_microsoft.windows.c..-controls.resources_6595b64144ccf1df_5.82.26100.1591_
ms-my_010ea51f4e48e43c\comctl32.dll.mui" now owned by user "FARHAN\Admin".

SUCCESS: The file (or folder): "C:\scratchdir\Windows\WinSxS\x86_microsoft.windows.c..-controls.resources_6595b64144ccf1
df_5.82.26100.1591_mt-mt_fecc314d4fbde98a\comctl32.dll.mui" now owned by user "FARHAN\Admin".

SUCCESS: The file (or folder): "C:\scratchdir\Windows\WinSxS\x86_microsoft.windows.c..-controls.resources_6595b64144ccf1
df_5.82.26100.1591_mt-mt_fecc314d4fbde98a\x86_microsoft.windows.c..-controls.resources_6595b64144ccf1df_5.82.26100.1591_
mt-mt_fecc314d4fbde98a" now owned by user "FARHAN\Admin".

SUCCESS: The file (or folder): "C:\scratchdir\Windows\WinSxS\x86_microsoft.windows.c..-controls.resources_6595b64144ccf1
df_5.82.26100.1591_mt-mt_fecc314d4fbde98a\x86_microsoft.windows.c..-controls.resources_6595b64144ccf1df_5.82.26100.1591_
mt-mt_fecc314d4fbde98a\comctl32.dll.mui" now owned by user "FARHAN\Admin".

SUCCESS: The file (or folder): "C:\scratchdir\Windows\WinSxS\x86_microsoft.windows.c..-controls.resources_6595b64144ccf1
df_5.82.26100.1591_nb-no_a0755940432a12cf\comctl32.dll.mui" now owned by user "FARHAN\Admin".

SUCCESS: The file (or folder): "C:\scratchdir\Windows\WinSxS\x86_microsoft.windows.c..-controls.resources_6595b64144ccf1
df_5.82.26100.1591_nb-no_a0755940432a12cf\x86_microsoft.windows.c..-controls.resources_6595b64144ccf1df_5.82.26100.1591_
nb-no_a0755940432a12cf" now owned by user "FARHAN\Admin".

SUCCESS: The file (or folder): "C:\scratchdir\Windows\WinSxS\x86_microsoft.windows.c..-controls.resources_6595b64144ccf1
df_5.82.26100.1591_nb-no_a0755940432a12cf\x86_microsoft.windows.c..-controls.resources_6595b64144ccf1df_5.82.26100.1591_
nb-no_a0755940432a12cf\comctl32.dll.mui" now owned by user "FARHAN\Admin".

SUCCESS: The file (or folder): "C:\scratchdir\Windows\WinSxS\x86_microsoft.windows.c..-controls.resources_6595b64144ccf1
df_5.82.26100.1591_ne-np_a0c670aa42f96b29\comctl32.dll.mui" now owned by user "FARHAN\Admin".

SUCCESS: The file (or folder): "C:\scratchdir\Windows\WinSxS\x86_microsoft.windows.c..-controls.resources_6595b64144ccf1
df_5.82.26100.1591_ne-np_a0c670aa42f96b29\x86_microsoft.windows.c..-controls.resources_6595b64144ccf1df_5.82.26100.1591_
ne-np_a0c670aa42f96b29" now owned by user "FARHAN\Admin".

SUCCESS: The file (or folder): "C:\scratchdir\Windows\WinSxS\x86_microsoft.windows.c..-controls.resources_6595b64144ccf1
df_5.82.26100.1591_ne-np_a0c670aa42f96b29\x86_microsoft.windows.c..-controls.resources_6595b64144ccf1df_5.82.26100.1591_
ne-np_a0c670aa42f96b29\comctl32.dll.mui" now owned by user "FARHAN\Admin".

SUCCESS: The file (or folder): "C:\scratchdir\Windows\WinSxS\x86_microsoft.windows.c..-controls.resources_6595b64144ccf1
df_5.82.26100.1591_nl-nl_9eb4a47e44561ca4\comctl32.dll.mui" now owned by user "FARHAN\Admin".

SUCCESS: The file (or folder): "C:\scratchdir\Windows\WinSxS\x86_microsoft.windows.c..-controls.resources_6595b64144ccf1
df_5.82.26100.1591_nl-nl_9eb4a47e44561ca4\x86_microsoft.windows.c..-controls.resources_6595b64144ccf1df_5.82.26100.1591_
nl-nl_9eb4a47e44561ca4" now owned by user "FARHAN\Admin".

SUCCESS: The file (or folder): "C:\scratchdir\Windows\WinSxS\x86_microsoft.windows.c..-controls.resources_6595b64144ccf1
df_5.82.26100.1591_nl-nl_9eb4a47e44561ca4\x86_microsoft.windows.c..-controls.resources_6595b64144ccf1df_5.82.26100.1591_
nl-nl_9eb4a47e44561ca4\comctl32.dll.mui" now owned by user "FARHAN\Admin".

SUCCESS: The file (or folder): "C:\scratchdir\Windows\WinSxS\x86_microsoft.windows.c..-controls.resources_6595b64144ccf1
df_5.82.26100.1591_nn-no_9ff39a30438b621b\comctl32.dll.mui" now owned by user "FARHAN\Admin".

SUCCESS: The file (or folder): "C:\scratchdir\Windows\WinSxS\x86_microsoft.windows.c..-controls.resources_6595b64144ccf1
df_5.82.26100.1591_nn-no_9ff39a30438b621b\x86_microsoft.windows.c..-controls.resources_6595b64144ccf1df_5.82.26100.1591_
nn-no_9ff39a30438b621b" now owned by user "FARHAN\Admin".

SUCCESS: The file (or folder): "C:\scratchdir\Windows\WinSxS\x86_microsoft.windows.c..-controls.resources_6595b64144ccf1
df_5.82.26100.1591_nn-no_9ff39a30438b621b\x86_microsoft.windows.c..-controls.resources_6595b64144ccf1df_5.82.26100.1591_
nn-no_9ff39a30438b621b\comctl32.dll.mui" now owned by user "FARHAN\Admin".

SUCCESS: The file (or folder): "C:\scratchdir\Windows\WinSxS\x86_microsoft.windows.c..-controls.resources_6595b64144ccf1
df_5.82.26100.1591_or-in_4275894336856a6c\comctl32.dll.mui" now owned by user "FARHAN\Admin".

SUCCESS: The file (or folder): "C:\scratchdir\Windows\WinSxS\x86_microsoft.windows.c..-controls.resources_6595b64144ccf1
df_5.82.26100.1591_or-in_4275894336856a6c\x86_microsoft.windows.c..-controls.resources_6595b64144ccf1df_5.82.26100.1591_
or-in_4275894336856a6c" now owned by user "FARHAN\Admin".

SUCCESS: The file (or folder): "C:\scratchdir\Windows\WinSxS\x86_microsoft.windows.c..-controls.resources_6595b64144ccf1
df_5.82.26100.1591_or-in_4275894336856a6c\x86_microsoft.windows.c..-controls.resources_6595b64144ccf1df_5.82.26100.1591_
or-in_4275894336856a6c\comctl32.dll.mui" now owned by user "FARHAN\Admin".

SUCCESS: The file (or folder): "C:\scratchdir\Windows\WinSxS\x86_microsoft.windows.c..-controls.resources_6595b64144ccf1
df_5.82.26100.1591_pa-in_e64b9bf8288caca4\comctl32.dll.mui" now owned by user "FARHAN\Admin".

SUCCESS: The file (or folder): "C:\scratchdir\Windows\WinSxS\x86_microsoft.windows.c..-controls.resources_6595b64144ccf1
df_5.82.26100.1591_pa-in_e64b9bf8288caca4\x86_microsoft.windows.c..-controls.resources_6595b64144ccf1df_5.82.26100.1591_
pa-in_e64b9bf8288caca4" now owned by user "FARHAN\Admin".

SUCCESS: The file (or folder): "C:\scratchdir\Windows\WinSxS\x86_microsoft.windows.c..-controls.resources_6595b64144ccf1
df_5.82.26100.1591_pa-in_e64b9bf8288caca4\x86_microsoft.windows.c..-controls.resources_6595b64144ccf1df_5.82.26100.1591_
pa-in_e64b9bf8288caca4\comctl32.dll.mui" now owned by user "FARHAN\Admin".

SUCCESS: The file (or folder): "C:\scratchdir\Windows\WinSxS\x86_microsoft.windows.c..-controls.resources_6595b64144ccf1
df_5.82.26100.1591_pl-pl_e4f0ff0029788a58\comctl32.dll.mui" now owned by user "FARHAN\Admin".

SUCCESS: The file (or folder): "C:\scratchdir\Windows\WinSxS\x86_microsoft.windows.c..-controls.resources_6595b64144ccf1
df_5.82.26100.1591_pl-pl_e4f0ff0029788a58\x86_microsoft.windows.c..-controls.resources_6595b64144ccf1df_5.82.26100.1591_
pl-pl_e4f0ff0029788a58" now owned by user "FARHAN\Admin".

SUCCESS: The file (or folder): "C:\scratchdir\Windows\WinSxS\x86_microsoft.windows.c..-controls.resources_6595b64144ccf1
df_5.82.26100.1591_pl-pl_e4f0ff0029788a58\x86_microsoft.windows.c..-controls.resources_6595b64144ccf1df_5.82.26100.1591_
pl-pl_e4f0ff0029788a58\comctl32.dll.mui" now owned by user "FARHAN\Admin".

SUCCESS: The file (or folder): "C:\scratchdir\Windows\WinSxS\x86_microsoft.windows.c..-controls.resources_6595b64144ccf1
df_5.82.26100.1591_pt-br_e744e9a428021e3c\comctl32.dll.mui" now owned by user "FARHAN\Admin".

SUCCESS: The file (or folder): "C:\scratchdir\Windows\WinSxS\x86_microsoft.windows.c..-controls.resources_6595b64144ccf1
df_5.82.26100.1591_pt-br_e744e9a428021e3c\x86_microsoft.windows.c..-controls.resources_6595b64144ccf1df_5.82.26100.1591_
pt-br_e744e9a428021e3c" now owned by user "FARHAN\Admin".

SUCCESS: The file (or folder): "C:\scratchdir\Windows\WinSxS\x86_microsoft.windows.c..-controls.resources_6595b64144ccf1
df_5.82.26100.1591_pt-br_e744e9a428021e3c\x86_microsoft.windows.c..-controls.resources_6595b64144ccf1df_5.82.26100.1591_
pt-br_e744e9a428021e3c\comctl32.dll.mui" now owned by user "FARHAN\Admin".

SUCCESS: The file (or folder): "C:\scratchdir\Windows\WinSxS\x86_microsoft.windows.c..-controls.resources_6595b64144ccf1
df_5.82.26100.1591_pt-pt_e826b91027718e18\comctl32.dll.mui" now owned by user "FARHAN\Admin".

SUCCESS: The file (or folder): "C:\scratchdir\Windows\WinSxS\x86_microsoft.windows.c..-controls.resources_6595b64144ccf1
df_5.82.26100.1591_pt-pt_e826b91027718e18\x86_microsoft.windows.c..-controls.resources_6595b64144ccf1df_5.82.26100.1591_
pt-pt_e826b91027718e18" now owned by user "FARHAN\Admin".

SUCCESS: The file (or folder): "C:\scratchdir\Windows\WinSxS\x86_microsoft.windows.c..-controls.resources_6595b64144ccf1
df_5.82.26100.1591_pt-pt_e826b91027718e18\x86_microsoft.windows.c..-controls.resources_6595b64144ccf1df_5.82.26100.1591_
pt-pt_e826b91027718e18\comctl32.dll.mui" now owned by user "FARHAN\Admin".

SUCCESS: The file (or folder): "C:\scratchdir\Windows\WinSxS\x86_microsoft.windows.c..-controls.resources_6595b64144ccf1
df_5.82.26100.1591_qps-ploc_a444aad0fe990c9c\comctl32.dll.mui" now owned by user "FARHAN\Admin".

SUCCESS: The file (or folder): "C:\scratchdir\Windows\WinSxS\x86_microsoft.windows.c..-controls.resources_6595b64144ccf1
df_5.82.26100.1591_qps-ploc_a444aad0fe990c9c\x86_microsoft.windows.c..-controls.resources_6595b64144ccf1df_5.82.26100.15
91_qps-ploc_a444aad0fe990c9c" now owned by user "FARHAN\Admin".

SUCCESS: The file (or folder): "C:\scratchdir\Windows\WinSxS\x86_microsoft.windows.c..-controls.resources_6595b64144ccf1
df_5.82.26100.1591_qps-ploc_a444aad0fe990c9c\x86_microsoft.windows.c..-controls.resources_6595b64144ccf1df_5.82.26100.15
91_qps-ploc_a444aad0fe990c9c\comctl32.dll.mui" now owned by user "FARHAN\Admin".

SUCCESS: The file (or folder): "C:\scratchdir\Windows\WinSxS\x86_microsoft.windows.c..-controls.resources_6595b64144ccf1
df_5.82.26100.1591_qps..ocm_3ea1d886647785e5\comctl32.dll.mui" now owned by user "FARHAN\Admin".

SUCCESS: The file (or folder): "C:\scratchdir\Windows\WinSxS\x86_microsoft.windows.c..-controls.resources_6595b64144ccf1
df_5.82.26100.1591_qps..ocm_3ea1d886647785e5\x86_microsoft.windows.c..-controls.resources_6595b64144ccf1df_5.82.26100.15
91_qps..ocm_3ea1d886647785e5" now owned by user "FARHAN\Admin".

SUCCESS: The file (or folder): "C:\scratchdir\Windows\WinSxS\x86_microsoft.windows.c..-controls.resources_6595b64144ccf1
df_5.82.26100.1591_qps..ocm_3ea1d886647785e5\x86_microsoft.windows.c..-controls.resources_6595b64144ccf1df_5.82.26100.15
91_qps..ocm_3ea1d886647785e5\comctl32.dll.mui" now owned by user "FARHAN\Admin".

SUCCESS: The file (or folder): "C:\scratchdir\Windows\WinSxS\x86_microsoft.windows.c..-controls.resources_6595b64144ccf1
df_5.82.26100.1591_quz-pe_4c476f60c9026439\comctl32.dll.mui" now owned by user "FARHAN\Admin".

SUCCESS: The file (or folder): "C:\scratchdir\Windows\WinSxS\x86_microsoft.windows.c..-controls.resources_6595b64144ccf1
df_5.82.26100.1591_quz-pe_4c476f60c9026439\x86_microsoft.windows.c..-controls.resources_6595b64144ccf1df_5.82.26100.1591
_quz-pe_4c476f60c9026439" now owned by user "FARHAN\Admin".

SUCCESS: The file (or folder): "C:\scratchdir\Windows\WinSxS\x86_microsoft.windows.c..-controls.resources_6595b64144ccf1
df_5.82.26100.1591_quz-pe_4c476f60c9026439\x86_microsoft.windows.c..-controls.resources_6595b64144ccf1df_5.82.26100.1591
_quz-pe_4c476f60c9026439\comctl32.dll.mui" now owned by user "FARHAN\Admin".

SUCCESS: The file (or folder): "C:\scratchdir\Windows\WinSxS\x86_microsoft.windows.c..-controls.resources_6595b64144ccf1
df_5.82.26100.1591_ro-ro_2c617f480dd85974\comctl32.dll.mui" now owned by user "FARHAN\Admin".

SUCCESS: The file (or folder): "C:\scratchdir\Windows\WinSxS\x86_microsoft.windows.c..-controls.resources_6595b64144ccf1
df_5.82.26100.1591_ro-ro_2c617f480dd85974\x86_microsoft.windows.c..-controls.resources_6595b64144ccf1df_5.82.26100.1591_
ro-ro_2c617f480dd85974" now owned by user "FARHAN\Admin".

SUCCESS: The file (or folder): "C:\scratchdir\Windows\WinSxS\x86_microsoft.windows.c..-controls.resources_6595b64144ccf1
df_5.82.26100.1591_ro-ro_2c617f480dd85974\x86_microsoft.windows.c..-controls.resources_6595b64144ccf1df_5.82.26100.1591_
ro-ro_2c617f480dd85974\comctl32.dll.mui" now owned by user "FARHAN\Admin".

SUCCESS: The file (or folder): "C:\scratchdir\Windows\WinSxS\x86_microsoft.windows.c..-controls.resources_6595b64144ccf1
df_5.82.26100.1591_ru-ru_2ec9cad40c531c44\comctl32.dll.mui" now owned by user "FARHAN\Admin".

SUCCESS: The file (or folder): "C:\scratchdir\Windows\WinSxS\x86_microsoft.windows.c..-controls.resources_6595b64144ccf1
df_5.82.26100.1591_ru-ru_2ec9cad40c531c44\x86_microsoft.windows.c..-controls.resources_6595b64144ccf1df_5.82.26100.1591_
ru-ru_2ec9cad40c531c44" now owned by user "FARHAN\Admin".

SUCCESS: The file (or folder): "C:\scratchdir\Windows\WinSxS\x86_microsoft.windows.c..-controls.resources_6595b64144ccf1
df_5.82.26100.1591_ru-ru_2ec9cad40c531c44\x86_microsoft.windows.c..-controls.resources_6595b64144ccf1df_5.82.26100.1591_
ru-ru_2ec9cad40c531c44\comctl32.dll.mui" now owned by user "FARHAN\Admin".

SUCCESS: The file (or folder): "C:\scratchdir\Windows\WinSxS\x86_microsoft.windows.c..-controls.resources_6595b64144ccf1
df_5.82.26100.1591_sk-sk_cde4cf81016d0e6e\comctl32.dll.mui" now owned by user "FARHAN\Admin".

SUCCESS: The file (or folder): "C:\scratchdir\Windows\WinSxS\x86_microsoft.windows.c..-controls.resources_6595b64144ccf1
df_5.82.26100.1591_sk-sk_cde4cf81016d0e6e\x86_microsoft.windows.c..-controls.resources_6595b64144ccf1df_5.82.26100.1591_
sk-sk_cde4cf81016d0e6e" now owned by user "FARHAN\Admin".

SUCCESS: The file (or folder): "C:\scratchdir\Windows\WinSxS\x86_microsoft.windows.c..-controls.resources_6595b64144ccf1
df_5.82.26100.1591_sk-sk_cde4cf81016d0e6e\x86_microsoft.windows.c..-controls.resources_6595b64144ccf1df_5.82.26100.1591_
sk-sk_cde4cf81016d0e6e\comctl32.dll.mui" now owned by user "FARHAN\Admin".

SUCCESS: The file (or folder): "C:\scratchdir\Windows\WinSxS\x86_microsoft.windows.c..-controls.resources_6595b64144ccf1
df_5.82.26100.1591_sl-si_ccf6f13902072151\comctl32.dll.mui" now owned by user "FARHAN\Admin".

SUCCESS: The file (or folder): "C:\scratchdir\Windows\WinSxS\x86_microsoft.windows.c..-controls.resources_6595b64144ccf1
df_5.82.26100.1591_sl-si_ccf6f13902072151\x86_microsoft.windows.c..-controls.resources_6595b64144ccf1df_5.82.26100.1591_
sl-si_ccf6f13902072151" now owned by user "FARHAN\Admin".

SUCCESS: The file (or folder): "C:\scratchdir\Windows\WinSxS\x86_microsoft.windows.c..-controls.resources_6595b64144ccf1
df_5.82.26100.1591_sl-si_ccf6f13902072151\x86_microsoft.windows.c..-controls.resources_6595b64144ccf1df_5.82.26100.1591_
sl-si_ccf6f13902072151\comctl32.dll.mui" now owned by user "FARHAN\Admin".

SUCCESS: The file (or folder): "C:\scratchdir\Windows\WinSxS\x86_microsoft.windows.c..-controls.resources_6595b64144ccf1
df_5.82.26100.1591_sq-al_ce1711370152ed49\comctl32.dll.mui" now owned by user "FARHAN\Admin".

SUCCESS: The file (or folder): "C:\scratchdir\Windows\WinSxS\x86_microsoft.windows.c..-controls.resources_6595b64144ccf1
df_5.82.26100.1591_sq-al_ce1711370152ed49\x86_microsoft.windows.c..-controls.resources_6595b64144ccf1df_5.82.26100.1591_
sq-al_ce1711370152ed49" now owned by user "FARHAN\Admin".

SUCCESS: The file (or folder): "C:\scratchdir\Windows\WinSxS\x86_microsoft.windows.c..-controls.resources_6595b64144ccf1
df_5.82.26100.1591_sq-al_ce1711370152ed49\x86_microsoft.windows.c..-controls.resources_6595b64144ccf1df_5.82.26100.1591_
sq-al_ce1711370152ed49\comctl32.dll.mui" now owned by user "FARHAN\Admin".

SUCCESS: The file (or folder): "C:\scratchdir\Windows\WinSxS\x86_microsoft.windows.c..-controls.resources_6595b64144ccf1
df_5.82.26100.1591_sr-..-ba_2a0ab08715f18f95\comctl32.dll.mui" now owned by user "FARHAN\Admin".

SUCCESS: The file (or folder): "C:\scratchdir\Windows\WinSxS\x86_microsoft.windows.c..-controls.resources_6595b64144ccf1
df_5.82.26100.1591_sr-..-ba_2a0ab08715f18f95\x86_microsoft.windows.c..-controls.resources_6595b64144ccf1df_5.82.26100.15
91_sr-..-ba_2a0ab08715f18f95" now owned by user "FARHAN\Admin".

SUCCESS: The file (or folder): "C:\scratchdir\Windows\WinSxS\x86_microsoft.windows.c..-controls.resources_6595b64144ccf1
df_5.82.26100.1591_sr-..-ba_2a0ab08715f18f95\x86_microsoft.windows.c..-controls.resources_6595b64144ccf1df_5.82.26100.15
91_sr-..-ba_2a0ab08715f18f95\comctl32.dll.mui" now owned by user "FARHAN\Admin".

SUCCESS: The file (or folder): "C:\scratchdir\Windows\WinSxS\x86_microsoft.windows.c..-controls.resources_6595b64144ccf1
df_5.82.26100.1591_sr-..-rs_306084cf11f3cef7\comctl32.dll.mui" now owned by user "FARHAN\Admin".

SUCCESS: The file (or folder): "C:\scratchdir\Windows\WinSxS\x86_microsoft.windows.c..-controls.resources_6595b64144ccf1
df_5.82.26100.1591_sr-..-rs_306084cf11f3cef7\x86_microsoft.windows.c..-controls.resources_6595b64144ccf1df_5.82.26100.15
91_sr-..-rs_306084cf11f3cef7" now owned by user "FARHAN\Admin".

SUCCESS: The file (or folder): "C:\scratchdir\Windows\WinSxS\x86_microsoft.windows.c..-controls.resources_6595b64144ccf1
df_5.82.26100.1591_sr-..-rs_306084cf11f3cef7\x86_microsoft.windows.c..-controls.resources_6595b64144ccf1df_5.82.26100.15
91_sr-..-rs_306084cf11f3cef7\comctl32.dll.mui" now owned by user "FARHAN\Admin".

SUCCESS: The file (or folder): "C:\scratchdir\Windows\WinSxS\x86_microsoft.windows.c..-controls.resources_6595b64144ccf1
df_5.82.26100.1591_sr-..-rs_7327597d7718c882\comctl32.dll.mui" now owned by user "FARHAN\Admin".

SUCCESS: The file (or folder): "C:\scratchdir\Windows\WinSxS\x86_microsoft.windows.c..-controls.resources_6595b64144ccf1
df_5.82.26100.1591_sr-..-rs_7327597d7718c882\x86_microsoft.windows.c..-controls.resources_6595b64144ccf1df_5.82.26100.15
91_sr-..-rs_7327597d7718c882" now owned by user "FARHAN\Admin".

SUCCESS: The file (or folder): "C:\scratchdir\Windows\WinSxS\x86_microsoft.windows.c..-controls.resources_6595b64144ccf1
df_5.82.26100.1591_sr-..-rs_7327597d7718c882\x86_microsoft.windows.c..-controls.resources_6595b64144ccf1df_5.82.26100.15
91_sr-..-rs_7327597d7718c882\comctl32.dll.mui" now owned by user "FARHAN\Admin".

SUCCESS: The file (or folder): "C:\scratchdir\Windows\WinSxS\x86_microsoft.windows.c..-controls.resources_6595b64144ccf1
df_5.82.26100.1591_sv-se_cac4b549037c269f\comctl32.dll.mui" now owned by user "FARHAN\Admin".

SUCCESS: The file (or folder): "C:\scratchdir\Windows\WinSxS\x86_microsoft.windows.c..-controls.resources_6595b64144ccf1
df_5.82.26100.1591_sv-se_cac4b549037c269f\x86_microsoft.windows.c..-controls.resources_6595b64144ccf1df_5.82.26100.1591_
sv-se_cac4b549037c269f" now owned by user "FARHAN\Admin".

SUCCESS: The file (or folder): "C:\scratchdir\Windows\WinSxS\x86_microsoft.windows.c..-controls.resources_6595b64144ccf1
df_5.82.26100.1591_sv-se_cac4b549037c269f\x86_microsoft.windows.c..-controls.resources_6595b64144ccf1df_5.82.26100.1591_
sv-se_cac4b549037c269f\comctl32.dll.mui" now owned by user "FARHAN\Admin".

SUCCESS: The file (or folder): "C:\scratchdir\Windows\WinSxS\x86_microsoft.windows.c..-controls.resources_6595b64144ccf1
df_5.82.26100.1591_ta-in_72c4ac1bf2d12188\comctl32.dll.mui" now owned by user "FARHAN\Admin".

SUCCESS: The file (or folder): "C:\scratchdir\Windows\WinSxS\x86_microsoft.windows.c..-controls.resources_6595b64144ccf1
df_5.82.26100.1591_ta-in_72c4ac1bf2d12188\x86_microsoft.windows.c..-controls.resources_6595b64144ccf1df_5.82.26100.1591_
ta-in_72c4ac1bf2d12188" now owned by user "FARHAN\Admin".

SUCCESS: The file (or folder): "C:\scratchdir\Windows\WinSxS\x86_microsoft.windows.c..-controls.resources_6595b64144ccf1
df_5.82.26100.1591_ta-in_72c4ac1bf2d12188\x86_microsoft.windows.c..-controls.resources_6595b64144ccf1df_5.82.26100.1591_
ta-in_72c4ac1bf2d12188\comctl32.dll.mui" now owned by user "FARHAN\Admin".

SUCCESS: The file (or folder): "C:\scratchdir\Windows\WinSxS\x86_microsoft.windows.c..-controls.resources_6595b64144ccf1
df_5.82.26100.1591_te-in_72996c6bf2f1914c\comctl32.dll.mui" now owned by user "FARHAN\Admin".

SUCCESS: The file (or folder): "C:\scratchdir\Windows\WinSxS\x86_microsoft.windows.c..-controls.resources_6595b64144ccf1
df_5.82.26100.1591_te-in_72996c6bf2f1914c\x86_microsoft.windows.c..-controls.resources_6595b64144ccf1df_5.82.26100.1591_
te-in_72996c6bf2f1914c" now owned by user "FARHAN\Admin".

SUCCESS: The file (or folder): "C:\scratchdir\Windows\WinSxS\x86_microsoft.windows.c..-controls.resources_6595b64144ccf1
df_5.82.26100.1591_te-in_72996c6bf2f1914c\x86_microsoft.windows.c..-controls.resources_6595b64144ccf1df_5.82.26100.1591_
te-in_72996c6bf2f1914c\comctl32.dll.mui" now owned by user "FARHAN\Admin".

SUCCESS: The file (or folder): "C:\scratchdir\Windows\WinSxS\x86_microsoft.windows.c..-controls.resources_6595b64144ccf1
df_5.82.26100.1591_th-th_6fced6fbf4c0e3e0\comctl32.dll.mui" now owned by user "FARHAN\Admin".

SUCCESS: The file (or folder): "C:\scratchdir\Windows\WinSxS\x86_microsoft.windows.c..-controls.resources_6595b64144ccf1
df_5.82.26100.1591_th-th_6fced6fbf4c0e3e0\x86_microsoft.windows.c..-controls.resources_6595b64144ccf1df_5.82.26100.1591_
th-th_6fced6fbf4c0e3e0" now owned by user "FARHAN\Admin".

SUCCESS: The file (or folder): "C:\scratchdir\Windows\WinSxS\x86_microsoft.windows.c..-controls.resources_6595b64144ccf1
df_5.82.26100.1591_th-th_6fced6fbf4c0e3e0\x86_microsoft.windows.c..-controls.resources_6595b64144ccf1df_5.82.26100.1591_
th-th_6fced6fbf4c0e3e0\comctl32.dll.mui" now owned by user "FARHAN\Admin".

SUCCESS: The file (or folder): "C:\scratchdir\Windows\WinSxS\x86_microsoft.windows.c..-controls.resources_6595b64144ccf1
df_5.82.26100.1591_tr-tr_73d1ff8ff2382890\comctl32.dll.mui" now owned by user "FARHAN\Admin".

SUCCESS: The file (or folder): "C:\scratchdir\Windows\WinSxS\x86_microsoft.windows.c..-controls.resources_6595b64144ccf1
df_5.82.26100.1591_tr-tr_73d1ff8ff2382890\x86_microsoft.windows.c..-controls.resources_6595b64144ccf1df_5.82.26100.1591_
tr-tr_73d1ff8ff2382890" now owned by user "FARHAN\Admin".

SUCCESS: The file (or folder): "C:\scratchdir\Windows\WinSxS\x86_microsoft.windows.c..-controls.resources_6595b64144ccf1
df_5.82.26100.1591_tr-tr_73d1ff8ff2382890\x86_microsoft.windows.c..-controls.resources_6595b64144ccf1df_5.82.26100.1591_
tr-tr_73d1ff8ff2382890\comctl32.dll.mui" now owned by user "FARHAN\Admin".

SUCCESS: The file (or folder): "C:\scratchdir\Windows\WinSxS\x86_microsoft.windows.c..-controls.resources_6595b64144ccf1
df_5.82.26100.1591_tt-ru_751122d1f16d3ac5\comctl32.dll.mui" now owned by user "FARHAN\Admin".

SUCCESS: The file (or folder): "C:\scratchdir\Windows\WinSxS\x86_microsoft.windows.c..-controls.resources_6595b64144ccf1
df_5.82.26100.1591_tt-ru_751122d1f16d3ac5\x86_microsoft.windows.c..-controls.resources_6595b64144ccf1df_5.82.26100.1591_
tt-ru_751122d1f16d3ac5" now owned by user "FARHAN\Admin".

SUCCESS: The file (or folder): "C:\scratchdir\Windows\WinSxS\x86_microsoft.windows.c..-controls.resources_6595b64144ccf1
df_5.82.26100.1591_tt-ru_751122d1f16d3ac5\x86_microsoft.windows.c..-controls.resources_6595b64144ccf1df_5.82.26100.1591_
tt-ru_751122d1f16d3ac5\comctl32.dll.mui" now owned by user "FARHAN\Admin".

SUCCESS: The file (or folder): "C:\scratchdir\Windows\WinSxS\x86_microsoft.windows.c..-controls.resources_6595b64144ccf1
df_5.82.26100.1591_ug-cn_15a2994ce5924ca1\comctl32.dll.mui" now owned by user "FARHAN\Admin".

SUCCESS: The file (or folder): "C:\scratchdir\Windows\WinSxS\x86_microsoft.windows.c..-controls.resources_6595b64144ccf1
df_5.82.26100.1591_ug-cn_15a2994ce5924ca1\x86_microsoft.windows.c..-controls.resources_6595b64144ccf1df_5.82.26100.1591_
ug-cn_15a2994ce5924ca1" now owned by user "FARHAN\Admin".

SUCCESS: The file (or folder): "C:\scratchdir\Windows\WinSxS\x86_microsoft.windows.c..-controls.resources_6595b64144ccf1
df_5.82.26100.1591_ug-cn_15a2994ce5924ca1\x86_microsoft.windows.c..-controls.resources_6595b64144ccf1df_5.82.26100.1591_
ug-cn_15a2994ce5924ca1\comctl32.dll.mui" now owned by user "FARHAN\Admin".

SUCCESS: The file (or folder): "C:\scratchdir\Windows\WinSxS\x86_microsoft.windows.c..-controls.resources_6595b64144ccf1
df_5.82.26100.1591_uk-ua_0fb1e236e9694edc\comctl32.dll.mui" now owned by user "FARHAN\Admin".

SUCCESS: The file (or folder): "C:\scratchdir\Windows\WinSxS\x86_microsoft.windows.c..-controls.resources_6595b64144ccf1
df_5.82.26100.1591_uk-ua_0fb1e236e9694edc\x86_microsoft.windows.c..-controls.resources_6595b64144ccf1df_5.82.26100.1591_
uk-ua_0fb1e236e9694edc" now owned by user "FARHAN\Admin".

SUCCESS: The file (or folder): "C:\scratchdir\Windows\WinSxS\x86_microsoft.windows.c..-controls.resources_6595b64144ccf1
df_5.82.26100.1591_uk-ua_0fb1e236e9694edc\x86_microsoft.windows.c..-controls.resources_6595b64144ccf1df_5.82.26100.1591_
uk-ua_0fb1e236e9694edc\comctl32.dll.mui" now owned by user "FARHAN\Admin".

SUCCESS: The file (or folder): "C:\scratchdir\Windows\WinSxS\x86_microsoft.windows.c..-controls.resources_6595b64144ccf1
df_5.82.26100.1591_ur-pk_13d5ec76e6c7bf94\comctl32.dll.mui" now owned by user "FARHAN\Admin".

SUCCESS: The file (or folder): "C:\scratchdir\Windows\WinSxS\x86_microsoft.windows.c..-controls.resources_6595b64144ccf1
df_5.82.26100.1591_ur-pk_13d5ec76e6c7bf94\x86_microsoft.windows.c..-controls.resources_6595b64144ccf1df_5.82.26100.1591_
ur-pk_13d5ec76e6c7bf94" now owned by user "FARHAN\Admin".

SUCCESS: The file (or folder): "C:\scratchdir\Windows\WinSxS\x86_microsoft.windows.c..-controls.resources_6595b64144ccf1
df_5.82.26100.1591_ur-pk_13d5ec76e6c7bf94\x86_microsoft.windows.c..-controls.resources_6595b64144ccf1df_5.82.26100.1591_
ur-pk_13d5ec76e6c7bf94\comctl32.dll.mui" now owned by user "FARHAN\Admin".

SUCCESS: The file (or folder): "C:\scratchdir\Windows\WinSxS\x86_microsoft.windows.c..-controls.resources_6595b64144ccf1
df_5.82.26100.1591_uz-..-uz_576ce8a1070e9744\comctl32.dll.mui" now owned by user "FARHAN\Admin".

SUCCESS: The file (or folder): "C:\scratchdir\Windows\WinSxS\x86_microsoft.windows.c..-controls.resources_6595b64144ccf1
df_5.82.26100.1591_uz-..-uz_576ce8a1070e9744\x86_microsoft.windows.c..-controls.resources_6595b64144ccf1df_5.82.26100.15
91_uz-..-uz_576ce8a1070e9744" now owned by user "FARHAN\Admin".

SUCCESS: The file (or folder): "C:\scratchdir\Windows\WinSxS\x86_microsoft.windows.c..-controls.resources_6595b64144ccf1
df_5.82.26100.1591_uz-..-uz_576ce8a1070e9744\x86_microsoft.windows.c..-controls.resources_6595b64144ccf1df_5.82.26100.15
91_uz-..-uz_576ce8a1070e9744\comctl32.dll.mui" now owned by user "FARHAN\Admin".

SUCCESS: The file (or folder): "C:\scratchdir\Windows\WinSxS\x86_microsoft.windows.c..-controls.resources_6595b64144ccf1
df_5.82.26100.1591_vi-vn_b8a98ca5d83588af\comctl32.dll.mui" now owned by user "FARHAN\Admin".

SUCCESS: The file (or folder): "C:\scratchdir\Windows\WinSxS\x86_microsoft.windows.c..-controls.resources_6595b64144ccf1
df_5.82.26100.1591_vi-vn_b8a98ca5d83588af\x86_microsoft.windows.c..-controls.resources_6595b64144ccf1df_5.82.26100.1591_
vi-vn_b8a98ca5d83588af" now owned by user "FARHAN\Admin".

SUCCESS: The file (or folder): "C:\scratchdir\Windows\WinSxS\x86_microsoft.windows.c..-controls.resources_6595b64144ccf1
df_5.82.26100.1591_vi-vn_b8a98ca5d83588af\x86_microsoft.windows.c..-controls.resources_6595b64144ccf1df_5.82.26100.1591_
vi-vn_b8a98ca5d83588af\comctl32.dll.mui" now owned by user "FARHAN\Admin".

SUCCESS: The file (or folder): "C:\scratchdir\Windows\WinSxS\x86_microsoft.windows.c..-controls.resources_6595b64144ccf1
df_5.82.26100.1591_zh-cn_452f1d8da26ffaaf\comctl32.dll.mui" now owned by user "FARHAN\Admin".

SUCCESS: The file (or folder): "C:\scratchdir\Windows\WinSxS\x86_microsoft.windows.c..-controls.resources_6595b64144ccf1
df_5.82.26100.1591_zh-cn_452f1d8da26ffaaf\x86_microsoft.windows.c..-controls.resources_6595b64144ccf1df_5.82.26100.1591_
zh-cn_452f1d8da26ffaaf" now owned by user "FARHAN\Admin".

SUCCESS: The file (or folder): "C:\scratchdir\Windows\WinSxS\x86_microsoft.windows.c..-controls.resources_6595b64144ccf1
df_5.82.26100.1591_zh-cn_452f1d8da26ffaaf\x86_microsoft.windows.c..-controls.resources_6595b64144ccf1df_5.82.26100.1591_
zh-cn_452f1d8da26ffaaf\comctl32.dll.mui" now owned by user "FARHAN\Admin".

SUCCESS: The file (or folder): "C:\scratchdir\Windows\WinSxS\x86_microsoft.windows.c..-controls.resources_6595b64144ccf1
df_5.82.26100.1591_zh-tw_492b5ae39fe0d71f\comctl32.dll.mui" now owned by user "FARHAN\Admin".

SUCCESS: The file (or folder): "C:\scratchdir\Windows\WinSxS\x86_microsoft.windows.c..-controls.resources_6595b64144ccf1
df_5.82.26100.1591_zh-tw_492b5ae39fe0d71f\x86_microsoft.windows.c..-controls.resources_6595b64144ccf1df_5.82.26100.1591_
zh-tw_492b5ae39fe0d71f" now owned by user "FARHAN\Admin".

SUCCESS: The file (or folder): "C:\scratchdir\Windows\WinSxS\x86_microsoft.windows.c..-controls.resources_6595b64144ccf1
df_5.82.26100.1591_zh-tw_492b5ae39fe0d71f\x86_microsoft.windows.c..-controls.resources_6595b64144ccf1df_5.82.26100.1591_
zh-tw_492b5ae39fe0d71f\comctl32.dll.mui" now owned by user "FARHAN\Admin".

SUCCESS: The file (or folder): "C:\scratchdir\Windows\WinSxS\x86_microsoft.windows.c..-controls.resources_6595b64144ccf1
df_6.0.26100.1591_af-za_07a9a7ed5eecfe31\comctl32.dll.mui" now owned by user "FARHAN\Admin".

SUCCESS: The file (or folder): "C:\scratchdir\Windows\WinSxS\x86_microsoft.windows.c..-controls.resources_6595b64144ccf1
df_6.0.26100.1591_af-za_07a9a7ed5eecfe31\x86_microsoft.windows.c..-controls.resources_6595b64144ccf1df_6.0.26100.1591_af
-za_07a9a7ed5eecfe31" now owned by user "FARHAN\Admin".

SUCCESS: The file (or folder): "C:\scratchdir\Windows\WinSxS\x86_microsoft.windows.c..-controls.resources_6595b64144ccf1
df_6.0.26100.1591_af-za_07a9a7ed5eecfe31\x86_microsoft.windows.c..-controls.resources_6595b64144ccf1df_6.0.26100.1591_af
-za_07a9a7ed5eecfe31\comctl32.dll.mui" now owned by user "FARHAN\Admin".

SUCCESS: The file (or folder): "C:\scratchdir\Windows\WinSxS\x86_microsoft.windows.c..-controls.resources_6595b64144ccf1
df_6.0.26100.1591_am-et_0fccdf4b59b8fd98\comctl32.dll.mui" now owned by user "FARHAN\Admin".

SUCCESS: The file (or folder): "C:\scratchdir\Windows\WinSxS\x86_microsoft.windows.c..-controls.resources_6595b64144ccf1
df_6.0.26100.1591_am-et_0fccdf4b59b8fd98\x86_microsoft.windows.c..-controls.resources_6595b64144ccf1df_6.0.26100.1591_am
-et_0fccdf4b59b8fd98" now owned by user "FARHAN\Admin".

SUCCESS: The file (or folder): "C:\scratchdir\Windows\WinSxS\x86_microsoft.windows.c..-controls.resources_6595b64144ccf1
df_6.0.26100.1591_am-et_0fccdf4b59b8fd98\x86_microsoft.windows.c..-controls.resources_6595b64144ccf1df_6.0.26100.1591_am
-et_0fccdf4b59b8fd98\comctl32.dll.mui" now owned by user "FARHAN\Admin".

SUCCESS: The file (or folder): "C:\scratchdir\Windows\WinSxS\x86_microsoft.windows.c..-controls.resources_6595b64144ccf1
df_6.0.26100.1591_ar-sa_072888555f4d9a16\comctl32.dll.mui" now owned by user "FARHAN\Admin".

SUCCESS: The file (or folder): "C:\scratchdir\Windows\WinSxS\x86_microsoft.windows.c..-controls.resources_6595b64144ccf1
df_6.0.26100.1591_ar-sa_072888555f4d9a16\x86_microsoft.windows.c..-controls.resources_6595b64144ccf1df_6.0.26100.1591_ar
-sa_072888555f4d9a16" now owned by user "FARHAN\Admin".

SUCCESS: The file (or folder): "C:\scratchdir\Windows\WinSxS\x86_microsoft.windows.c..-controls.resources_6595b64144ccf1
df_6.0.26100.1591_ar-sa_072888555f4d9a16\x86_microsoft.windows.c..-controls.resources_6595b64144ccf1df_6.0.26100.1591_ar
-sa_072888555f4d9a16\comctl32.dll.mui" now owned by user "FARHAN\Admin".

SUCCESS: The file (or folder): "C:\scratchdir\Windows\WinSxS\x86_microsoft.windows.c..-controls.resources_6595b64144ccf1
df_6.0.26100.1591_as-in_0ce2798f5b9ff098\comctl32.dll.mui" now owned by user "FARHAN\Admin".

SUCCESS: The file (or folder): "C:\scratchdir\Windows\WinSxS\x86_microsoft.windows.c..-controls.resources_6595b64144ccf1
df_6.0.26100.1591_as-in_0ce2798f5b9ff098\x86_microsoft.windows.c..-controls.resources_6595b64144ccf1df_6.0.26100.1591_as
-in_0ce2798f5b9ff098" now owned by user "FARHAN\Admin".

SUCCESS: The file (or folder): "C:\scratchdir\Windows\WinSxS\x86_microsoft.windows.c..-controls.resources_6595b64144ccf1
df_6.0.26100.1591_as-in_0ce2798f5b9ff098\x86_microsoft.windows.c..-controls.resources_6595b64144ccf1df_6.0.26100.1591_as
-in_0ce2798f5b9ff098\comctl32.dll.mui" now owned by user "FARHAN\Admin".

SUCCESS: The file (or folder): "C:\scratchdir\Windows\WinSxS\x86_microsoft.windows.c..-controls.resources_6595b64144ccf1
df_6.0.26100.1591_az-..-az_d5505cea4b146b85\comctl32.dll.mui" now owned by user "FARHAN\Admin".

SUCCESS: The file (or folder): "C:\scratchdir\Windows\WinSxS\x86_microsoft.windows.c..-controls.resources_6595b64144ccf1
df_6.0.26100.1591_az-..-az_d5505cea4b146b85\x86_microsoft.windows.c..-controls.resources_6595b64144ccf1df_6.0.26100.1591
_az-..-az_d5505cea4b146b85" now owned by user "FARHAN\Admin".

SUCCESS: The file (or folder): "C:\scratchdir\Windows\WinSxS\x86_microsoft.windows.c..-controls.resources_6595b64144ccf1
df_6.0.26100.1591_az-..-az_d5505cea4b146b85\x86_microsoft.windows.c..-controls.resources_6595b64144ccf1df_6.0.26100.1591
_az-..-az_d5505cea4b146b85\comctl32.dll.mui" now owned by user "FARHAN\Admin".

SUCCESS: The file (or folder): "C:\scratchdir\Windows\WinSxS\x86_microsoft.windows.c..-controls.resources_6595b64144ccf1
df_6.0.26100.1591_be-by_b5798af24a9c0509\comctl32.dll.mui" now owned by user "FARHAN\Admin".

SUCCESS: The file (or folder): "C:\scratchdir\Windows\WinSxS\x86_microsoft.windows.c..-controls.resources_6595b64144ccf1
df_6.0.26100.1591_be-by_b5798af24a9c0509\x86_microsoft.windows.c..-controls.resources_6595b64144ccf1df_6.0.26100.1591_be
-by_b5798af24a9c0509" now owned by user "FARHAN\Admin".

SUCCESS: The file (or folder): "C:\scratchdir\Windows\WinSxS\x86_microsoft.windows.c..-controls.resources_6595b64144ccf1
df_6.0.26100.1591_be-by_b5798af24a9c0509\x86_microsoft.windows.c..-controls.resources_6595b64144ccf1df_6.0.26100.1591_be
-by_b5798af24a9c0509\comctl32.dll.mui" now owned by user "FARHAN\Admin".

SUCCESS: The file (or folder): "C:\scratchdir\Windows\WinSxS\x86_microsoft.windows.c..-controls.resources_6595b64144ccf1
df_6.0.26100.1591_bg-bg_ad6869de4fcdeb6d\comctl32.dll.mui" now owned by user "FARHAN\Admin".

SUCCESS: The file (or folder): "C:\scratchdir\Windows\WinSxS\x86_microsoft.windows.c..-controls.resources_6595b64144ccf1
df_6.0.26100.1591_bg-bg_ad6869de4fcdeb6d\x86_microsoft.windows.c..-controls.resources_6595b64144ccf1df_6.0.26100.1591_bg
-bg_ad6869de4fcdeb6d" now owned by user "FARHAN\Admin".

SUCCESS: The file (or folder): "C:\scratchdir\Windows\WinSxS\x86_microsoft.windows.c..-controls.resources_6595b64144ccf1
df_6.0.26100.1591_bg-bg_ad6869de4fcdeb6d\x86_microsoft.windows.c..-controls.resources_6595b64144ccf1df_6.0.26100.1591_bg
-bg_ad6869de4fcdeb6d\comctl32.dll.mui" now owned by user "FARHAN\Admin".

SUCCESS: The file (or folder): "C:\scratchdir\Windows\WinSxS\x86_microsoft.windows.c..-controls.resources_6595b64144ccf1
df_6.0.26100.1591_bn-in_b036cd344e08821c\comctl32.dll.mui" now owned by user "FARHAN\Admin".

SUCCESS: The file (or folder): "C:\scratchdir\Windows\WinSxS\x86_microsoft.windows.c..-controls.resources_6595b64144ccf1
df_6.0.26100.1591_bn-in_b036cd344e08821c\x86_microsoft.windows.c..-controls.resources_6595b64144ccf1df_6.0.26100.1591_bn
-in_b036cd344e08821c" now owned by user "FARHAN\Admin".

SUCCESS: The file (or folder): "C:\scratchdir\Windows\WinSxS\x86_microsoft.windows.c..-controls.resources_6595b64144ccf1
df_6.0.26100.1591_bn-in_b036cd344e08821c\x86_microsoft.windows.c..-controls.resources_6595b64144ccf1df_6.0.26100.1591_bn
-in_b036cd344e08821c\comctl32.dll.mui" now owned by user "FARHAN\Admin".

SUCCESS: The file (or folder): "C:\scratchdir\Windows\WinSxS\x86_microsoft.windows.c..-controls.resources_6595b64144ccf1
df_6.0.26100.1591_bs-..-ba_3017f7e2648d7e73\comctl32.dll.mui" now owned by user "FARHAN\Admin".

SUCCESS: The file (or folder): "C:\scratchdir\Windows\WinSxS\x86_microsoft.windows.c..-controls.resources_6595b64144ccf1
df_6.0.26100.1591_bs-..-ba_3017f7e2648d7e73\x86_microsoft.windows.c..-controls.resources_6595b64144ccf1df_6.0.26100.1591
_bs-..-ba_3017f7e2648d7e73" now owned by user "FARHAN\Admin".

SUCCESS: The file (or folder): "C:\scratchdir\Windows\WinSxS\x86_microsoft.windows.c..-controls.resources_6595b64144ccf1
df_6.0.26100.1591_bs-..-ba_3017f7e2648d7e73\x86_microsoft.windows.c..-controls.resources_6595b64144ccf1df_6.0.26100.1591
_bs-..-ba_3017f7e2648d7e73\comctl32.dll.mui" now owned by user "FARHAN\Admin".

SUCCESS: The file (or folder): "C:\scratchdir\Windows\WinSxS\x86_microsoft.windows.c..-controls.resources_6595b64144ccf1
df_6.0.26100.1591_ca-..cia_a732783f6e59c363\comctl32.dll.mui" now owned by user "FARHAN\Admin".

SUCCESS: The file (or folder): "C:\scratchdir\Windows\WinSxS\x86_microsoft.windows.c..-controls.resources_6595b64144ccf1
df_6.0.26100.1591_ca-..cia_a732783f6e59c363\x86_microsoft.windows.c..-controls.resources_6595b64144ccf1df_6.0.26100.1591
_ca-..cia_a732783f6e59c363" now owned by user "FARHAN\Admin".

SUCCESS: The file (or folder): "C:\scratchdir\Windows\WinSxS\x86_microsoft.windows.c..-controls.resources_6595b64144ccf1
df_6.0.26100.1591_ca-..cia_a732783f6e59c363\x86_microsoft.windows.c..-controls.resources_6595b64144ccf1df_6.0.26100.1591
_ca-..cia_a732783f6e59c363\comctl32.dll.mui" now owned by user "FARHAN\Admin".

SUCCESS: The file (or folder): "C:\scratchdir\Windows\WinSxS\x86_microsoft.windows.c..-controls.resources_6595b64144ccf1
df_6.0.26100.1591_ca-es_56199f3f3ec2e437\comctl32.dll.mui" now owned by user "FARHAN\Admin".

SUCCESS: The file (or folder): "C:\scratchdir\Windows\WinSxS\x86_microsoft.windows.c..-controls.resources_6595b64144ccf1
df_6.0.26100.1591_ca-es_56199f3f3ec2e437\x86_microsoft.windows.c..-controls.resources_6595b64144ccf1df_6.0.26100.1591_ca
-es_56199f3f3ec2e437" now owned by user "FARHAN\Admin".

SUCCESS: The file (or folder): "C:\scratchdir\Windows\WinSxS\x86_microsoft.windows.c..-controls.resources_6595b64144ccf1
df_6.0.26100.1591_ca-es_56199f3f3ec2e437\x86_microsoft.windows.c..-controls.resources_6595b64144ccf1df_6.0.26100.1591_ca
-es_56199f3f3ec2e437\comctl32.dll.mui" now owned by user "FARHAN\Admin".

SUCCESS: The file (or folder): "C:\scratchdir\Windows\WinSxS\x86_microsoft.windows.c..-controls.resources_6595b64144ccf1
df_6.0.26100.1591_chr..-us_6984274ad6d77deb\comctl32.dll.mui" now owned by user "FARHAN\Admin".

SUCCESS: The file (or folder): "C:\scratchdir\Windows\WinSxS\x86_microsoft.windows.c..-controls.resources_6595b64144ccf1
df_6.0.26100.1591_chr..-us_6984274ad6d77deb\x86_microsoft.windows.c..-controls.resources_6595b64144ccf1df_6.0.26100.1591
_chr..-us_6984274ad6d77deb" now owned by user "FARHAN\Admin".

SUCCESS: The file (or folder): "C:\scratchdir\Windows\WinSxS\x86_microsoft.windows.c..-controls.resources_6595b64144ccf1
df_6.0.26100.1591_chr..-us_6984274ad6d77deb\x86_microsoft.windows.c..-controls.resources_6595b64144ccf1df_6.0.26100.1591
_chr..-us_6984274ad6d77deb\comctl32.dll.mui" now owned by user "FARHAN\Admin".

SUCCESS: The file (or folder): "C:\scratchdir\Windows\WinSxS\x86_microsoft.windows.c..-controls.resources_6595b64144ccf1
df_6.0.26100.1591_cs-cz_5871e0793d55c798\comctl32.dll.mui" now owned by user "FARHAN\Admin".

SUCCESS: The file (or folder): "C:\scratchdir\Windows\WinSxS\x86_microsoft.windows.c..-controls.resources_6595b64144ccf1
df_6.0.26100.1591_cs-cz_5871e0793d55c798\x86_microsoft.windows.c..-controls.resources_6595b64144ccf1df_6.0.26100.1591_cs
-cz_5871e0793d55c798" now owned by user "FARHAN\Admin".

SUCCESS: The file (or folder): "C:\scratchdir\Windows\WinSxS\x86_microsoft.windows.c..-controls.resources_6595b64144ccf1
df_6.0.26100.1591_cs-cz_5871e0793d55c798\x86_microsoft.windows.c..-controls.resources_6595b64144ccf1df_6.0.26100.1591_cs
-cz_5871e0793d55c798\comctl32.dll.mui" now owned by user "FARHAN\Admin".

SUCCESS: The file (or folder): "C:\scratchdir\Windows\WinSxS\x86_microsoft.windows.c..-controls.resources_6595b64144ccf1
df_6.0.26100.1591_cy-gb_4d8bf981445e691a\comctl32.dll.mui" now owned by user "FARHAN\Admin".

SUCCESS: The file (or folder): "C:\scratchdir\Windows\WinSxS\x86_microsoft.windows.c..-controls.resources_6595b64144ccf1
df_6.0.26100.1591_cy-gb_4d8bf981445e691a\x86_microsoft.windows.c..-controls.resources_6595b64144ccf1df_6.0.26100.1591_cy
-gb_4d8bf981445e691a" now owned by user "FARHAN\Admin".

SUCCESS: The file (or folder): "C:\scratchdir\Windows\WinSxS\x86_microsoft.windows.c..-controls.resources_6595b64144ccf1
df_6.0.26100.1591_cy-gb_4d8bf981445e691a\x86_microsoft.windows.c..-controls.resources_6595b64144ccf1df_6.0.26100.1591_cy
-gb_4d8bf981445e691a\comctl32.dll.mui" now owned by user "FARHAN\Admin".

SUCCESS: The file (or folder): "C:\scratchdir\Windows\WinSxS\x86_microsoft.windows.c..-controls.resources_6595b64144ccf1
df_6.0.26100.1591_da-dk_f5abc0a0339bc397\comctl32.dll.mui" now owned by user "FARHAN\Admin".

SUCCESS: The file (or folder): "C:\scratchdir\Windows\WinSxS\x86_microsoft.windows.c..-controls.resources_6595b64144ccf1
df_6.0.26100.1591_da-dk_f5abc0a0339bc397\x86_microsoft.windows.c..-controls.resources_6595b64144ccf1df_6.0.26100.1591_da
-dk_f5abc0a0339bc397" now owned by user "FARHAN\Admin".

SUCCESS: The file (or folder): "C:\scratchdir\Windows\WinSxS\x86_microsoft.windows.c..-controls.resources_6595b64144ccf1
df_6.0.26100.1591_da-dk_f5abc0a0339bc397\x86_microsoft.windows.c..-controls.resources_6595b64144ccf1df_6.0.26100.1591_da
-dk_f5abc0a0339bc397\comctl32.dll.mui" now owned by user "FARHAN\Admin".

SUCCESS: The file (or folder): "C:\scratchdir\Windows\WinSxS\x86_microsoft.windows.c..-controls.resources_6595b64144ccf1
df_6.0.26100.1591_de-de_f2d755dc35721831\comctl32.dll.mui" now owned by user "FARHAN\Admin".

SUCCESS: The file (or folder): "C:\scratchdir\Windows\WinSxS\x86_microsoft.windows.c..-controls.resources_6595b64144ccf1
df_6.0.26100.1591_de-de_f2d755dc35721831\x86_microsoft.windows.c..-controls.resources_6595b64144ccf1df_6.0.26100.1591_de
-de_f2d755dc35721831" now owned by user "FARHAN\Admin".

SUCCESS: The file (or folder): "C:\scratchdir\Windows\WinSxS\x86_microsoft.windows.c..-controls.resources_6595b64144ccf1
df_6.0.26100.1591_de-de_f2d755dc35721831\x86_microsoft.windows.c..-controls.resources_6595b64144ccf1df_6.0.26100.1591_de
-de_f2d755dc35721831\comctl32.dll.mui" now owned by user "FARHAN\Admin".

SUCCESS: The file (or folder): "C:\scratchdir\Windows\WinSxS\x86_microsoft.windows.c..-controls.resources_6595b64144ccf1
df_6.0.26100.1591_el-gr_9b6d836f248780bf\comctl32.dll.mui" now owned by user "FARHAN\Admin".

SUCCESS: The file (or folder): "C:\scratchdir\Windows\WinSxS\x86_microsoft.windows.c..-controls.resources_6595b64144ccf1
df_6.0.26100.1591_el-gr_9b6d836f248780bf\x86_microsoft.windows.c..-controls.resources_6595b64144ccf1df_6.0.26100.1591_el
-gr_9b6d836f248780bf" now owned by user "FARHAN\Admin".

SUCCESS: The file (or folder): "C:\scratchdir\Windows\WinSxS\x86_microsoft.windows.c..-controls.resources_6595b64144ccf1
df_6.0.26100.1591_el-gr_9b6d836f248780bf\x86_microsoft.windows.c..-controls.resources_6595b64144ccf1df_6.0.26100.1591_el
-gr_9b6d836f248780bf\comctl32.dll.mui" now owned by user "FARHAN\Admin".

SUCCESS: The file (or folder): "C:\scratchdir\Windows\WinSxS\x86_microsoft.windows.c..-controls.resources_6595b64144ccf1
df_6.0.26100.1591_en-gb_943f70b729277031\comctl32.dll.mui" now owned by user "FARHAN\Admin".

SUCCESS: The file (or folder): "C:\scratchdir\Windows\WinSxS\x86_microsoft.windows.c..-controls.resources_6595b64144ccf1
df_6.0.26100.1591_en-gb_943f70b729277031\x86_microsoft.windows.c..-controls.resources_6595b64144ccf1df_6.0.26100.1591_en
-gb_943f70b729277031" now owned by user "FARHAN\Admin".

SUCCESS: The file (or folder): "C:\scratchdir\Windows\WinSxS\x86_microsoft.windows.c..-controls.resources_6595b64144ccf1
df_6.0.26100.1591_en-gb_943f70b729277031\x86_microsoft.windows.c..-controls.resources_6595b64144ccf1df_6.0.26100.1591_en
-gb_943f70b729277031\comctl32.dll.mui" now owned by user "FARHAN\Admin".

SUCCESS: The file (or folder): "C:\scratchdir\Windows\WinSxS\x86_microsoft.windows.c..-controls.resources_6595b64144ccf1
df_6.0.26100.1591_en-us_9bc82bd5245023f6\comctl32.dll.mui" now owned by user "FARHAN\Admin".

SUCCESS: The file (or folder): "C:\scratchdir\Windows\WinSxS\x86_microsoft.windows.c..-controls.resources_6595b64144ccf1
df_6.0.26100.1591_en-us_9bc82bd5245023f6\x86_microsoft.windows.c..-controls.resources_6595b64144ccf1df_6.0.26100.1591_en
-us_9bc82bd5245023f6" now owned by user "FARHAN\Admin".

SUCCESS: The file (or folder): "C:\scratchdir\Windows\WinSxS\x86_microsoft.windows.c..-controls.resources_6595b64144ccf1
df_6.0.26100.1591_en-us_9bc82bd5245023f6\x86_microsoft.windows.c..-controls.resources_6595b64144ccf1df_6.0.26100.1591_en
-us_9bc82bd5245023f6\comctl32.dll.mui" now owned by user "FARHAN\Admin".

SUCCESS: The file (or folder): "C:\scratchdir\Windows\WinSxS\x86_microsoft.windows.c..-controls.resources_6595b64144ccf1
df_6.0.26100.1591_es-es_9b9388b92477159b\comctl32.dll.mui" now owned by user "FARHAN\Admin".

SUCCESS: The file (or folder): "C:\scratchdir\Windows\WinSxS\x86_microsoft.windows.c..-controls.resources_6595b64144ccf1
df_6.0.26100.1591_es-es_9b9388b92477159b\x86_microsoft.windows.c..-controls.resources_6595b64144ccf1df_6.0.26100.1591_es
-es_9b9388b92477159b" now owned by user "FARHAN\Admin".

SUCCESS: The file (or folder): "C:\scratchdir\Windows\WinSxS\x86_microsoft.windows.c..-controls.resources_6595b64144ccf1
df_6.0.26100.1591_es-es_9b9388b92477159b\x86_microsoft.windows.c..-controls.resources_6595b64144ccf1df_6.0.26100.1591_es
-es_9b9388b92477159b\comctl32.dll.mui" now owned by user "FARHAN\Admin".

SUCCESS: The file (or folder): "C:\scratchdir\Windows\WinSxS\x86_microsoft.windows.c..-controls.resources_6595b64144ccf1
df_6.0.26100.1591_es-mx_9dca765f230af946\comctl32.dll.mui" now owned by user "FARHAN\Admin".

SUCCESS: The file (or folder): "C:\scratchdir\Windows\WinSxS\x86_microsoft.windows.c..-controls.resources_6595b64144ccf1
df_6.0.26100.1591_es-mx_9dca765f230af946\x86_microsoft.windows.c..-controls.resources_6595b64144ccf1df_6.0.26100.1591_es
-mx_9dca765f230af946" now owned by user "FARHAN\Admin".

SUCCESS: The file (or folder): "C:\scratchdir\Windows\WinSxS\x86_microsoft.windows.c..-controls.resources_6595b64144ccf1
df_6.0.26100.1591_es-mx_9dca765f230af946\x86_microsoft.windows.c..-controls.resources_6595b64144ccf1df_6.0.26100.1591_es
-mx_9dca765f230af946\comctl32.dll.mui" now owned by user "FARHAN\Admin".

SUCCESS: The file (or folder): "C:\scratchdir\Windows\WinSxS\x86_microsoft.windows.c..-controls.resources_6595b64144ccf1
df_6.0.26100.1591_et-ee_95535449287cf22a\comctl32.dll.mui" now owned by user "FARHAN\Admin".

SUCCESS: The file (or folder): "C:\scratchdir\Windows\WinSxS\x86_microsoft.windows.c..-controls.resources_6595b64144ccf1
df_6.0.26100.1591_et-ee_95535449287cf22a\x86_microsoft.windows.c..-controls.resources_6595b64144ccf1df_6.0.26100.1591_et
-ee_95535449287cf22a" now owned by user "FARHAN\Admin".

SUCCESS: The file (or folder): "C:\scratchdir\Windows\WinSxS\x86_microsoft.windows.c..-controls.resources_6595b64144ccf1
df_6.0.26100.1591_et-ee_95535449287cf22a\x86_microsoft.windows.c..-controls.resources_6595b64144ccf1df_6.0.26100.1591_et
-ee_95535449287cf22a\comctl32.dll.mui" now owned by user "FARHAN\Admin".

SUCCESS: The file (or folder): "C:\scratchdir\Windows\WinSxS\x86_microsoft.windows.c..-controls.resources_6595b64144ccf1
df_6.0.26100.1591_eu-es_9b7de8e124874d7d\comctl32.dll.mui" now owned by user "FARHAN\Admin".

SUCCESS: The file (or folder): "C:\scratchdir\Windows\WinSxS\x86_microsoft.windows.c..-controls.resources_6595b64144ccf1
df_6.0.26100.1591_eu-es_9b7de8e124874d7d\x86_microsoft.windows.c..-controls.resources_6595b64144ccf1df_6.0.26100.1591_eu
-es_9b7de8e124874d7d" now owned by user "FARHAN\Admin".

SUCCESS: The file (or folder): "C:\scratchdir\Windows\WinSxS\x86_microsoft.windows.c..-controls.resources_6595b64144ccf1
df_6.0.26100.1591_eu-es_9b7de8e124874d7d\x86_microsoft.windows.c..-controls.resources_6595b64144ccf1df_6.0.26100.1591_eu
-es_9b7de8e124874d7d\comctl32.dll.mui" now owned by user "FARHAN\Admin".

SUCCESS: The file (or folder): "C:\scratchdir\Windows\WinSxS\x86_microsoft.windows.c..-controls.resources_6595b64144ccf1
df_6.0.26100.1591_fa-ir_3f02890c16bf9ddf\comctl32.dll.mui" now owned by user "FARHAN\Admin".

SUCCESS: The file (or folder): "C:\scratchdir\Windows\WinSxS\x86_microsoft.windows.c..-controls.resources_6595b64144ccf1
df_6.0.26100.1591_fa-ir_3f02890c16bf9ddf\x86_microsoft.windows.c..-controls.resources_6595b64144ccf1df_6.0.26100.1591_fa
-ir_3f02890c16bf9ddf" now owned by user "FARHAN\Admin".

SUCCESS: The file (or folder): "C:\scratchdir\Windows\WinSxS\x86_microsoft.windows.c..-controls.resources_6595b64144ccf1
df_6.0.26100.1591_fa-ir_3f02890c16bf9ddf\x86_microsoft.windows.c..-controls.resources_6595b64144ccf1df_6.0.26100.1591_fa
-ir_3f02890c16bf9ddf\comctl32.dll.mui" now owned by user "FARHAN\Admin".

SUCCESS: The file (or folder): "C:\scratchdir\Windows\WinSxS\x86_microsoft.windows.c..-controls.resources_6595b64144ccf1
df_6.0.26100.1591_fi-fi_3aae8d66199107c5\comctl32.dll.mui" now owned by user "FARHAN\Admin".

SUCCESS: The file (or folder): "C:\scratchdir\Windows\WinSxS\x86_microsoft.windows.c..-controls.resources_6595b64144ccf1
df_6.0.26100.1591_fi-fi_3aae8d66199107c5\x86_microsoft.windows.c..-controls.resources_6595b64144ccf1df_6.0.26100.1591_fi
-fi_3aae8d66199107c5" now owned by user "FARHAN\Admin".

SUCCESS: The file (or folder): "C:\scratchdir\Windows\WinSxS\x86_microsoft.windows.c..-controls.resources_6595b64144ccf1
df_6.0.26100.1591_fi-fi_3aae8d66199107c5\x86_microsoft.windows.c..-controls.resources_6595b64144ccf1df_6.0.26100.1591_fi
-fi_3aae8d66199107c5\comctl32.dll.mui" now owned by user "FARHAN\Admin".

SUCCESS: The file (or folder): "C:\scratchdir\Windows\WinSxS\x86_microsoft.windows.c..-controls.resources_6595b64144ccf1
df_6.0.26100.1591_fil-ph_dee98c725eae937c\comctl32.dll.mui" now owned by user "FARHAN\Admin".

SUCCESS: The file (or folder): "C:\scratchdir\Windows\WinSxS\x86_microsoft.windows.c..-controls.resources_6595b64144ccf1
df_6.0.26100.1591_fil-ph_dee98c725eae937c\x86_microsoft.windows.c..-controls.resources_6595b64144ccf1df_6.0.26100.1591_f
il-ph_dee98c725eae937c" now owned by user "FARHAN\Admin".

SUCCESS: The file (or folder): "C:\scratchdir\Windows\WinSxS\x86_microsoft.windows.c..-controls.resources_6595b64144ccf1
df_6.0.26100.1591_fil-ph_dee98c725eae937c\x86_microsoft.windows.c..-controls.resources_6595b64144ccf1df_6.0.26100.1591_f
il-ph_dee98c725eae937c\comctl32.dll.mui" now owned by user "FARHAN\Admin".

SUCCESS: The file (or folder): "C:\scratchdir\Windows\WinSxS\x86_microsoft.windows.c..-controls.resources_6595b64144ccf1
df_6.0.26100.1591_fr-ca_36c149021c219223\comctl32.dll.mui" now owned by user "FARHAN\Admin".

SUCCESS: The file (or folder): "C:\scratchdir\Windows\WinSxS\x86_microsoft.windows.c..-controls.resources_6595b64144ccf1
df_6.0.26100.1591_fr-ca_36c149021c219223\x86_microsoft.windows.c..-controls.resources_6595b64144ccf1df_6.0.26100.1591_fr
-ca_36c149021c219223" now owned by user "FARHAN\Admin".

SUCCESS: The file (or folder): "C:\scratchdir\Windows\WinSxS\x86_microsoft.windows.c..-controls.resources_6595b64144ccf1
df_6.0.26100.1591_fr-ca_36c149021c219223\x86_microsoft.windows.c..-controls.resources_6595b64144ccf1df_6.0.26100.1591_fr
-ca_36c149021c219223\comctl32.dll.mui" now owned by user "FARHAN\Admin".

SUCCESS: The file (or folder): "C:\scratchdir\Windows\WinSxS\x86_microsoft.windows.c..-controls.resources_6595b64144ccf1
df_6.0.26100.1591_fr-fr_3e4afeb817492bfd\comctl32.dll.mui" now owned by user "FARHAN\Admin".

SUCCESS: The file (or folder): "C:\scratchdir\Windows\WinSxS\x86_microsoft.windows.c..-controls.resources_6595b64144ccf1
df_6.0.26100.1591_fr-fr_3e4afeb817492bfd\x86_microsoft.windows.c..-controls.resources_6595b64144ccf1df_6.0.26100.1591_fr
-fr_3e4afeb817492bfd" now owned by user "FARHAN\Admin".

SUCCESS: The file (or folder): "C:\scratchdir\Windows\WinSxS\x86_microsoft.windows.c..-controls.resources_6595b64144ccf1
df_6.0.26100.1591_fr-fr_3e4afeb817492bfd\x86_microsoft.windows.c..-controls.resources_6595b64144ccf1df_6.0.26100.1591_fr
-fr_3e4afeb817492bfd\comctl32.dll.mui" now owned by user "FARHAN\Admin".

SUCCESS: The file (or folder): "C:\scratchdir\Windows\WinSxS\x86_microsoft.windows.c..-controls.resources_6595b64144ccf1
df_6.0.26100.1591_ga-ie_dc5cefbf0d05803d\comctl32.dll.mui" now owned by user "FARHAN\Admin".

SUCCESS: The file (or folder): "C:\scratchdir\Windows\WinSxS\x86_microsoft.windows.c..-controls.resources_6595b64144ccf1
df_6.0.26100.1591_ga-ie_dc5cefbf0d05803d\x86_microsoft.windows.c..-controls.resources_6595b64144ccf1df_6.0.26100.1591_ga
-ie_dc5cefbf0d05803d" now owned by user "FARHAN\Admin".

SUCCESS: The file (or folder): "C:\scratchdir\Windows\WinSxS\x86_microsoft.windows.c..-controls.resources_6595b64144ccf1
df_6.0.26100.1591_ga-ie_dc5cefbf0d05803d\x86_microsoft.windows.c..-controls.resources_6595b64144ccf1df_6.0.26100.1591_ga
-ie_dc5cefbf0d05803d\comctl32.dll.mui" now owned by user "FARHAN\Admin".

SUCCESS: The file (or folder): "C:\scratchdir\Windows\WinSxS\x86_microsoft.windows.c..-controls.resources_6595b64144ccf1
df_6.0.26100.1591_gd-gb_dae818010df89339\comctl32.dll.mui" now owned by user "FARHAN\Admin".

SUCCESS: The file (or folder): "C:\scratchdir\Windows\WinSxS\x86_microsoft.windows.c..-controls.resources_6595b64144ccf1
df_6.0.26100.1591_gd-gb_dae818010df89339\x86_microsoft.windows.c..-controls.resources_6595b64144ccf1df_6.0.26100.1591_gd
-gb_dae818010df89339" now owned by user "FARHAN\Admin".

SUCCESS: The file (or folder): "C:\scratchdir\Windows\WinSxS\x86_microsoft.windows.c..-controls.resources_6595b64144ccf1
df_6.0.26100.1591_gd-gb_dae818010df89339\x86_microsoft.windows.c..-controls.resources_6595b64144ccf1df_6.0.26100.1591_gd
-gb_dae818010df89339\comctl32.dll.mui" now owned by user "FARHAN\Admin".

SUCCESS: The file (or folder): "C:\scratchdir\Windows\WinSxS\x86_microsoft.windows.c..-controls.resources_6595b64144ccf1
df_6.0.26100.1591_gl-es_e21bc03f09608c76\comctl32.dll.mui" now owned by user "FARHAN\Admin".

SUCCESS: The file (or folder): "C:\scratchdir\Windows\WinSxS\x86_microsoft.windows.c..-controls.resources_6595b64144ccf1
df_6.0.26100.1591_gl-es_e21bc03f09608c76\x86_microsoft.windows.c..-controls.resources_6595b64144ccf1df_6.0.26100.1591_gl
-es_e21bc03f09608c76" now owned by user "FARHAN\Admin".

SUCCESS: The file (or folder): "C:\scratchdir\Windows\WinSxS\x86_microsoft.windows.c..-controls.resources_6595b64144ccf1
df_6.0.26100.1591_gl-es_e21bc03f09608c76\x86_microsoft.windows.c..-controls.resources_6595b64144ccf1df_6.0.26100.1591_gl
-es_e21bc03f09608c76\comctl32.dll.mui" now owned by user "FARHAN\Admin".

SUCCESS: The file (or folder): "C:\scratchdir\Windows\WinSxS\x86_microsoft.windows.c..-controls.resources_6595b64144ccf1
df_6.0.26100.1591_gu-in_df8271ed0b16d7d0\comctl32.dll.mui" now owned by user "FARHAN\Admin".

SUCCESS: The file (or folder): "C:\scratchdir\Windows\WinSxS\x86_microsoft.windows.c..-controls.resources_6595b64144ccf1
df_6.0.26100.1591_gu-in_df8271ed0b16d7d0\x86_microsoft.windows.c..-controls.resources_6595b64144ccf1df_6.0.26100.1591_gu
-in_df8271ed0b16d7d0" now owned by user "FARHAN\Admin".

SUCCESS: The file (or folder): "C:\scratchdir\Windows\WinSxS\x86_microsoft.windows.c..-controls.resources_6595b64144ccf1
df_6.0.26100.1591_gu-in_df8271ed0b16d7d0\x86_microsoft.windows.c..-controls.resources_6595b64144ccf1df_6.0.26100.1591_gu
-in_df8271ed0b16d7d0\comctl32.dll.mui" now owned by user "FARHAN\Admin".

SUCCESS: The file (or folder): "C:\scratchdir\Windows\WinSxS\x86_microsoft.windows.c..-controls.resources_6595b64144ccf1
df_6.0.26100.1591_he-il_826aa659fdb82ceb\comctl32.dll.mui" now owned by user "FARHAN\Admin".

SUCCESS: The file (or folder): "C:\scratchdir\Windows\WinSxS\x86_microsoft.windows.c..-controls.resources_6595b64144ccf1
df_6.0.26100.1591_he-il_826aa659fdb82ceb\x86_microsoft.windows.c..-controls.resources_6595b64144ccf1df_6.0.26100.1591_he
-il_826aa659fdb82ceb" now owned by user "FARHAN\Admin".

SUCCESS: The file (or folder): "C:\scratchdir\Windows\WinSxS\x86_microsoft.windows.c..-controls.resources_6595b64144ccf1
df_6.0.26100.1591_he-il_826aa659fdb82ceb\x86_microsoft.windows.c..-controls.resources_6595b64144ccf1df_6.0.26100.1591_he
-il_826aa659fdb82ceb\comctl32.dll.mui" now owned by user "FARHAN\Admin".

SUCCESS: The file (or folder): "C:\scratchdir\Windows\WinSxS\x86_microsoft.windows.c..-controls.resources_6595b64144ccf1
df_6.0.26100.1591_hi-in_83227505fd46a5bd\comctl32.dll.mui" now owned by user "FARHAN\Admin".

SUCCESS: The file (or folder): "C:\scratchdir\Windows\WinSxS\x86_microsoft.windows.c..-controls.resources_6595b64144ccf1
df_6.0.26100.1591_hi-in_83227505fd46a5bd\x86_microsoft.windows.c..-controls.resources_6595b64144ccf1df_6.0.26100.1591_hi
-in_83227505fd46a5bd" now owned by user "FARHAN\Admin".

SUCCESS: The file (or folder): "C:\scratchdir\Windows\WinSxS\x86_microsoft.windows.c..-controls.resources_6595b64144ccf1
df_6.0.26100.1591_hi-in_83227505fd46a5bd\x86_microsoft.windows.c..-controls.resources_6595b64144ccf1df_6.0.26100.1591_hi
-in_83227505fd46a5bd\comctl32.dll.mui" now owned by user "FARHAN\Admin".

SUCCESS: The file (or folder): "C:\scratchdir\Windows\WinSxS\x86_microsoft.windows.c..-controls.resources_6595b64144ccf1
df_6.0.26100.1591_hr-hr_84875939fc6b99b1\comctl32.dll.mui" now owned by user "FARHAN\Admin".

SUCCESS: The file (or folder): "C:\scratchdir\Windows\WinSxS\x86_microsoft.windows.c..-controls.resources_6595b64144ccf1
df_6.0.26100.1591_hr-hr_84875939fc6b99b1\x86_microsoft.windows.c..-controls.resources_6595b64144ccf1df_6.0.26100.1591_hr
-hr_84875939fc6b99b1" now owned by user "FARHAN\Admin".

SUCCESS: The file (or folder): "C:\scratchdir\Windows\WinSxS\x86_microsoft.windows.c..-controls.resources_6595b64144ccf1
df_6.0.26100.1591_hr-hr_84875939fc6b99b1\x86_microsoft.windows.c..-controls.resources_6595b64144ccf1df_6.0.26100.1591_hr
-hr_84875939fc6b99b1\comctl32.dll.mui" now owned by user "FARHAN\Admin".

SUCCESS: The file (or folder): "C:\scratchdir\Windows\WinSxS\x86_microsoft.windows.c..-controls.resources_6595b64144ccf1
df_6.0.26100.1591_hu-hu_85bb7efffba8fb19\comctl32.dll.mui" now owned by user "FARHAN\Admin".

SUCCESS: The file (or folder): "C:\scratchdir\Windows\WinSxS\x86_microsoft.windows.c..-controls.resources_6595b64144ccf1
df_6.0.26100.1591_hu-hu_85bb7efffba8fb19\x86_microsoft.windows.c..-controls.resources_6595b64144ccf1df_6.0.26100.1591_hu
-hu_85bb7efffba8fb19" now owned by user "FARHAN\Admin".

SUCCESS: The file (or folder): "C:\scratchdir\Windows\WinSxS\x86_microsoft.windows.c..-controls.resources_6595b64144ccf1
df_6.0.26100.1591_hu-hu_85bb7efffba8fb19\x86_microsoft.windows.c..-controls.resources_6595b64144ccf1df_6.0.26100.1591_hu
-hu_85bb7efffba8fb19\comctl32.dll.mui" now owned by user "FARHAN\Admin".

SUCCESS: The file (or folder): "C:\scratchdir\Windows\WinSxS\x86_microsoft.windows.c..-controls.resources_6595b64144ccf1
df_6.0.26100.1591_hy-am_8204a557fe10933e\comctl32.dll.mui" now owned by user "FARHAN\Admin".

SUCCESS: The file (or folder): "C:\scratchdir\Windows\WinSxS\x86_microsoft.windows.c..-controls.resources_6595b64144ccf1
df_6.0.26100.1591_hy-am_8204a557fe10933e\x86_microsoft.windows.c..-controls.resources_6595b64144ccf1df_6.0.26100.1591_hy
-am_8204a557fe10933e" now owned by user "FARHAN\Admin".

SUCCESS: The file (or folder): "C:\scratchdir\Windows\WinSxS\x86_microsoft.windows.c..-controls.resources_6595b64144ccf1
df_6.0.26100.1591_hy-am_8204a557fe10933e\x86_microsoft.windows.c..-controls.resources_6595b64144ccf1df_6.0.26100.1591_hy
-am_8204a557fe10933e\comctl32.dll.mui" now owned by user "FARHAN\Admin".

SUCCESS: The file (or folder): "C:\scratchdir\Windows\WinSxS\x86_microsoft.windows.c..-controls.resources_6595b64144ccf1
df_6.0.26100.1591_id-id_220780def28909fb\comctl32.dll.mui" now owned by user "FARHAN\Admin".

SUCCESS: The file (or folder): "C:\scratchdir\Windows\WinSxS\x86_microsoft.windows.c..-controls.resources_6595b64144ccf1
df_6.0.26100.1591_id-id_220780def28909fb\x86_microsoft.windows.c..-controls.resources_6595b64144ccf1df_6.0.26100.1591_id
-id_220780def28909fb" now owned by user "FARHAN\Admin".

SUCCESS: The file (or folder): "C:\scratchdir\Windows\WinSxS\x86_microsoft.windows.c..-controls.resources_6595b64144ccf1
df_6.0.26100.1591_id-id_220780def28909fb\x86_microsoft.windows.c..-controls.resources_6595b64144ccf1df_6.0.26100.1591_id
-id_220780def28909fb\comctl32.dll.mui" now owned by user "FARHAN\Admin".

SUCCESS: The file (or folder): "C:\scratchdir\Windows\WinSxS\x86_microsoft.windows.c..-controls.resources_6595b64144ccf1
df_6.0.26100.1591_is-is_280c3dbceebbf103\comctl32.dll.mui" now owned by user "FARHAN\Admin".

SUCCESS: The file (or folder): "C:\scratchdir\Windows\WinSxS\x86_microsoft.windows.c..-controls.resources_6595b64144ccf1
df_6.0.26100.1591_is-is_280c3dbceebbf103\x86_microsoft.windows.c..-controls.resources_6595b64144ccf1df_6.0.26100.1591_is
-is_280c3dbceebbf103" now owned by user "FARHAN\Admin".

SUCCESS: The file (or folder): "C:\scratchdir\Windows\WinSxS\x86_microsoft.windows.c..-controls.resources_6595b64144ccf1
df_6.0.26100.1591_is-is_280c3dbceebbf103\x86_microsoft.windows.c..-controls.resources_6595b64144ccf1df_6.0.26100.1591_is
-is_280c3dbceebbf103\comctl32.dll.mui" now owned by user "FARHAN\Admin".

SUCCESS: The file (or folder): "C:\scratchdir\Windows\WinSxS\x86_microsoft.windows.c..-controls.resources_6595b64144ccf1
df_6.0.26100.1591_it-it_2872f4feee7b117b\comctl32.dll.mui" now owned by user "FARHAN\Admin".

SUCCESS: The file (or folder): "C:\scratchdir\Windows\WinSxS\x86_microsoft.windows.c..-controls.resources_6595b64144ccf1
df_6.0.26100.1591_it-it_2872f4feee7b117b\x86_microsoft.windows.c..-controls.resources_6595b64144ccf1df_6.0.26100.1591_it
-it_2872f4feee7b117b" now owned by user "FARHAN\Admin".

SUCCESS: The file (or folder): "C:\scratchdir\Windows\WinSxS\x86_microsoft.windows.c..-controls.resources_6595b64144ccf1
df_6.0.26100.1591_it-it_2872f4feee7b117b\x86_microsoft.windows.c..-controls.resources_6595b64144ccf1df_6.0.26100.1591_it
-it_2872f4feee7b117b\comctl32.dll.mui" now owned by user "FARHAN\Admin".

SUCCESS: The file (or folder): "C:\scratchdir\Windows\WinSxS\x86_microsoft.windows.c..-controls.resources_6595b64144ccf1
df_6.0.26100.1591_ja-jp_ca98740be1962356\comctl32.dll.mui" now owned by user "FARHAN\Admin".

SUCCESS: The file (or folder): "C:\scratchdir\Windows\WinSxS\x86_microsoft.windows.c..-controls.resources_6595b64144ccf1
df_6.0.26100.1591_ja-jp_ca98740be1962356\x86_microsoft.windows.c..-controls.resources_6595b64144ccf1df_6.0.26100.1591_ja
-jp_ca98740be1962356" now owned by user "FARHAN\Admin".

SUCCESS: The file (or folder): "C:\scratchdir\Windows\WinSxS\x86_microsoft.windows.c..-controls.resources_6595b64144ccf1
df_6.0.26100.1591_ja-jp_ca98740be1962356\x86_microsoft.windows.c..-controls.resources_6595b64144ccf1df_6.0.26100.1591_ja
-jp_ca98740be1962356\comctl32.dll.mui" now owned by user "FARHAN\Admin".

SUCCESS: The file (or folder): "C:\scratchdir\Windows\WinSxS\x86_microsoft.windows.c..-controls.resources_6595b64144ccf1
df_6.0.26100.1591_ka-ge_68d62d72d749c1df\comctl32.dll.mui" now owned by user "FARHAN\Admin".

SUCCESS: The file (or folder): "C:\scratchdir\Windows\WinSxS\x86_microsoft.windows.c..-controls.resources_6595b64144ccf1
df_6.0.26100.1591_ka-ge_68d62d72d749c1df\x86_microsoft.windows.c..-controls.resources_6595b64144ccf1df_6.0.26100.1591_ka
-ge_68d62d72d749c1df" now owned by user "FARHAN\Admin".

SUCCESS: The file (or folder): "C:\scratchdir\Windows\WinSxS\x86_microsoft.windows.c..-controls.resources_6595b64144ccf1
df_6.0.26100.1591_ka-ge_68d62d72d749c1df\x86_microsoft.windows.c..-controls.resources_6595b64144ccf1df_6.0.26100.1591_ka
-ge_68d62d72d749c1df\comctl32.dll.mui" now owned by user "FARHAN\Admin".

SUCCESS: The file (or folder): "C:\scratchdir\Windows\WinSxS\x86_microsoft.windows.c..-controls.resources_6595b64144ccf1
df_6.0.26100.1591_kk-kz_71b9c9e0d19e9ee0\comctl32.dll.mui" now owned by user "FARHAN\Admin".

SUCCESS: The file (or folder): "C:\scratchdir\Windows\WinSxS\x86_microsoft.windows.c..-controls.resources_6595b64144ccf1
df_6.0.26100.1591_kk-kz_71b9c9e0d19e9ee0\x86_microsoft.windows.c..-controls.resources_6595b64144ccf1df_6.0.26100.1591_kk
-kz_71b9c9e0d19e9ee0" now owned by user "FARHAN\Admin".

SUCCESS: The file (or folder): "C:\scratchdir\Windows\WinSxS\x86_microsoft.windows.c..-controls.resources_6595b64144ccf1
df_6.0.26100.1591_kk-kz_71b9c9e0d19e9ee0\x86_microsoft.windows.c..-controls.resources_6595b64144ccf1df_6.0.26100.1591_kk
-kz_71b9c9e0d19e9ee0\comctl32.dll.mui" now owned by user "FARHAN\Admin".

SUCCESS: The file (or folder): "C:\scratchdir\Windows\WinSxS\x86_microsoft.windows.c..-controls.resources_6595b64144ccf1
df_6.0.26100.1591_km-kh_69a8a8ccd6d08544\comctl32.dll.mui" now owned by user "FARHAN\Admin".

SUCCESS: The file (or folder): "C:\scratchdir\Windows\WinSxS\x86_microsoft.windows.c..-controls.resources_6595b64144ccf1
df_6.0.26100.1591_km-kh_69a8a8ccd6d08544\x86_microsoft.windows.c..-controls.resources_6595b64144ccf1df_6.0.26100.1591_km
-kh_69a8a8ccd6d08544" now owned by user "FARHAN\Admin".

SUCCESS: The file (or folder): "C:\scratchdir\Windows\WinSxS\x86_microsoft.windows.c..-controls.resources_6595b64144ccf1
df_6.0.26100.1591_km-kh_69a8a8ccd6d08544\x86_microsoft.windows.c..-controls.resources_6595b64144ccf1df_6.0.26100.1591_km
-kh_69a8a8ccd6d08544\comctl32.dll.mui" now owned by user "FARHAN\Admin".

SUCCESS: The file (or folder): "C:\scratchdir\Windows\WinSxS\x86_microsoft.windows.c..-controls.resources_6595b64144ccf1
df_6.0.26100.1591_kn-in_6c473184d522891d\comctl32.dll.mui" now owned by user "FARHAN\Admin".

SUCCESS: The file (or folder): "C:\scratchdir\Windows\WinSxS\x86_microsoft.windows.c..-controls.resources_6595b64144ccf1
df_6.0.26100.1591_kn-in_6c473184d522891d\x86_microsoft.windows.c..-controls.resources_6595b64144ccf1df_6.0.26100.1591_kn
-in_6c473184d522891d" now owned by user "FARHAN\Admin".

SUCCESS: The file (or folder): "C:\scratchdir\Windows\WinSxS\x86_microsoft.windows.c..-controls.resources_6595b64144ccf1
df_6.0.26100.1591_kn-in_6c473184d522891d\x86_microsoft.windows.c..-controls.resources_6595b64144ccf1df_6.0.26100.1591_kn
-in_6c473184d522891d\comctl32.dll.mui" now owned by user "FARHAN\Admin".

SUCCESS: The file (or folder): "C:\scratchdir\Windows\WinSxS\x86_microsoft.windows.c..-controls.resources_6595b64144ccf1
df_6.0.26100.1591_ko-kr_6e0250c0d406ea6c\comctl32.dll.mui" now owned by user "FARHAN\Admin".

SUCCESS: The file (or folder): "C:\scratchdir\Windows\WinSxS\x86_microsoft.windows.c..-controls.resources_6595b64144ccf1
df_6.0.26100.1591_ko-kr_6e0250c0d406ea6c\x86_microsoft.windows.c..-controls.resources_6595b64144ccf1df_6.0.26100.1591_ko
-kr_6e0250c0d406ea6c" now owned by user "FARHAN\Admin".

SUCCESS: The file (or folder): "C:\scratchdir\Windows\WinSxS\x86_microsoft.windows.c..-controls.resources_6595b64144ccf1
df_6.0.26100.1591_ko-kr_6e0250c0d406ea6c\x86_microsoft.windows.c..-controls.resources_6595b64144ccf1df_6.0.26100.1591_ko
-kr_6e0250c0d406ea6c\comctl32.dll.mui" now owned by user "FARHAN\Admin".

SUCCESS: The file (or folder): "C:\scratchdir\Windows\WinSxS\x86_microsoft.windows.c..-controls.resources_6595b64144ccf1
df_6.0.26100.1591_kok-in_1ba54c43d153d611\comctl32.dll.mui" now owned by user "FARHAN\Admin".

SUCCESS: The file (or folder): "C:\scratchdir\Windows\WinSxS\x86_microsoft.windows.c..-controls.resources_6595b64144ccf1
df_6.0.26100.1591_kok-in_1ba54c43d153d611\x86_microsoft.windows.c..-controls.resources_6595b64144ccf1df_6.0.26100.1591_k
ok-in_1ba54c43d153d611" now owned by user "FARHAN\Admin".

SUCCESS: The file (or folder): "C:\scratchdir\Windows\WinSxS\x86_microsoft.windows.c..-controls.resources_6595b64144ccf1
df_6.0.26100.1591_kok-in_1ba54c43d153d611\x86_microsoft.windows.c..-controls.resources_6595b64144ccf1df_6.0.26100.1591_k
ok-in_1ba54c43d153d611\comctl32.dll.mui" now owned by user "FARHAN\Admin".

SUCCESS: The file (or folder): "C:\scratchdir\Windows\WinSxS\x86_microsoft.windows.c..-controls.resources_6595b64144ccf1
df_6.0.26100.1591_lb-lu_1301a287c553c39e\comctl32.dll.mui" now owned by user "FARHAN\Admin".

SUCCESS: The file (or folder): "C:\scratchdir\Windows\WinSxS\x86_microsoft.windows.c..-controls.resources_6595b64144ccf1
df_6.0.26100.1591_lb-lu_1301a287c553c39e\x86_microsoft.windows.c..-controls.resources_6595b64144ccf1df_6.0.26100.1591_lb
-lu_1301a287c553c39e" now owned by user "FARHAN\Admin".

SUCCESS: The file (or folder): "C:\scratchdir\Windows\WinSxS\x86_microsoft.windows.c..-controls.resources_6595b64144ccf1
df_6.0.26100.1591_lb-lu_1301a287c553c39e\x86_microsoft.windows.c..-controls.resources_6595b64144ccf1df_6.0.26100.1591_lb
-lu_1301a287c553c39e\comctl32.dll.mui" now owned by user "FARHAN\Admin".

SUCCESS: The file (or folder): "C:\scratchdir\Windows\WinSxS\x86_microsoft.windows.c..-controls.resources_6595b64144ccf1
df_6.0.26100.1591_lo-la_099683f3cb70d44f\comctl32.dll.mui" now owned by user "FARHAN\Admin".

SUCCESS: The file (or folder): "C:\scratchdir\Windows\WinSxS\x86_microsoft.windows.c..-controls.resources_6595b64144ccf1
df_6.0.26100.1591_lo-la_099683f3cb70d44f\x86_microsoft.windows.c..-controls.resources_6595b64144ccf1df_6.0.26100.1591_lo
-la_099683f3cb70d44f" now owned by user "FARHAN\Admin".

SUCCESS: The file (or folder): "C:\scratchdir\Windows\WinSxS\x86_microsoft.windows.c..-controls.resources_6595b64144ccf1
df_6.0.26100.1591_lo-la_099683f3cb70d44f\x86_microsoft.windows.c..-controls.resources_6595b64144ccf1df_6.0.26100.1591_lo
-la_099683f3cb70d44f\comctl32.dll.mui" now owned by user "FARHAN\Admin".

SUCCESS: The file (or folder): "C:\scratchdir\Windows\WinSxS\x86_microsoft.windows.c..-controls.resources_6595b64144ccf1
df_6.0.26100.1591_lt-lt_11cd7cc1c62eb609\comctl32.dll.mui" now owned by user "FARHAN\Admin".

SUCCESS: The file (or folder): "C:\scratchdir\Windows\WinSxS\x86_microsoft.windows.c..-controls.resources_6595b64144ccf1
df_6.0.26100.1591_lt-lt_11cd7cc1c62eb609\x86_microsoft.windows.c..-controls.resources_6595b64144ccf1df_6.0.26100.1591_lt
-lt_11cd7cc1c62eb609" now owned by user "FARHAN\Admin".

SUCCESS: The file (or folder): "C:\scratchdir\Windows\WinSxS\x86_microsoft.windows.c..-controls.resources_6595b64144ccf1
df_6.0.26100.1591_lt-lt_11cd7cc1c62eb609\x86_microsoft.windows.c..-controls.resources_6595b64144ccf1df_6.0.26100.1591_lt
-lt_11cd7cc1c62eb609\comctl32.dll.mui" now owned by user "FARHAN\Admin".

SUCCESS: The file (or folder): "C:\scratchdir\Windows\WinSxS\x86_microsoft.windows.c..-controls.resources_6595b64144ccf1
df_6.0.26100.1591_lv-lv_129aeb45c5acf6f9\comctl32.dll.mui" now owned by user "FARHAN\Admin".

SUCCESS: The file (or folder): "C:\scratchdir\Windows\WinSxS\x86_microsoft.windows.c..-controls.resources_6595b64144ccf1
df_6.0.26100.1591_lv-lv_129aeb45c5acf6f9\x86_microsoft.windows.c..-controls.resources_6595b64144ccf1df_6.0.26100.1591_lv
-lv_129aeb45c5acf6f9" now owned by user "FARHAN\Admin".

SUCCESS: The file (or folder): "C:\scratchdir\Windows\WinSxS\x86_microsoft.windows.c..-controls.resources_6595b64144ccf1
df_6.0.26100.1591_lv-lv_129aeb45c5acf6f9\x86_microsoft.windows.c..-controls.resources_6595b64144ccf1df_6.0.26100.1591_lv
-lv_129aeb45c5acf6f9\comctl32.dll.mui" now owned by user "FARHAN\Admin".

SUCCESS: The file (or folder): "C:\scratchdir\Windows\WinSxS\x86_microsoft.windows.c..-controls.resources_6595b64144ccf1
df_6.0.26100.1591_mi-nz_b80bad72b6b0ee53\comctl32.dll.mui" now owned by user "FARHAN\Admin".

SUCCESS: The file (or folder): "C:\scratchdir\Windows\WinSxS\x86_microsoft.windows.c..-controls.resources_6595b64144ccf1
df_6.0.26100.1591_mi-nz_b80bad72b6b0ee53\x86_microsoft.windows.c..-controls.resources_6595b64144ccf1df_6.0.26100.1591_mi
-nz_b80bad72b6b0ee53" now owned by user "FARHAN\Admin".

SUCCESS: The file (or folder): "C:\scratchdir\Windows\WinSxS\x86_microsoft.windows.c..-controls.resources_6595b64144ccf1
df_6.0.26100.1591_mi-nz_b80bad72b6b0ee53\x86_microsoft.windows.c..-controls.resources_6595b64144ccf1df_6.0.26100.1591_mi
-nz_b80bad72b6b0ee53\comctl32.dll.mui" now owned by user "FARHAN\Admin".

SUCCESS: The file (or folder): "C:\scratchdir\Windows\WinSxS\x86_microsoft.windows.c..-controls.resources_6595b64144ccf1
df_6.0.26100.1591_mk-mk_b14f38b0bb07c8ab\comctl32.dll.mui" now owned by user "FARHAN\Admin".

SUCCESS: The file (or folder): "C:\scratchdir\Windows\WinSxS\x86_microsoft.windows.c..-controls.resources_6595b64144ccf1
df_6.0.26100.1591_mk-mk_b14f38b0bb07c8ab\x86_microsoft.windows.c..-controls.resources_6595b64144ccf1df_6.0.26100.1591_mk
-mk_b14f38b0bb07c8ab" now owned by user "FARHAN\Admin".

SUCCESS: The file (or folder): "C:\scratchdir\Windows\WinSxS\x86_microsoft.windows.c..-controls.resources_6595b64144ccf1
df_6.0.26100.1591_mk-mk_b14f38b0bb07c8ab\x86_microsoft.windows.c..-controls.resources_6595b64144ccf1df_6.0.26100.1591_mk
-mk_b14f38b0bb07c8ab\comctl32.dll.mui" now owned by user "FARHAN\Admin".

SUCCESS: The file (or folder): "C:\scratchdir\Windows\WinSxS\x86_microsoft.windows.c..-controls.resources_6595b64144ccf1
df_6.0.26100.1591_ml-in_b299596eba348bad\comctl32.dll.mui" now owned by user "FARHAN\Admin".

SUCCESS: The file (or folder): "C:\scratchdir\Windows\WinSxS\x86_microsoft.windows.c..-controls.resources_6595b64144ccf1
df_6.0.26100.1591_ml-in_b299596eba348bad\x86_microsoft.windows.c..-controls.resources_6595b64144ccf1df_6.0.26100.1591_ml
-in_b299596eba348bad" now owned by user "FARHAN\Admin".

SUCCESS: The file (or folder): "C:\scratchdir\Windows\WinSxS\x86_microsoft.windows.c..-controls.resources_6595b64144ccf1
df_6.0.26100.1591_ml-in_b299596eba348bad\x86_microsoft.windows.c..-controls.resources_6595b64144ccf1df_6.0.26100.1591_ml
-in_b299596eba348bad\comctl32.dll.mui" now owned by user "FARHAN\Admin".

SUCCESS: The file (or folder): "C:\scratchdir\Windows\WinSxS\x86_microsoft.windows.c..-controls.resources_6595b64144ccf1
df_6.0.26100.1591_mr-in_b25879e6ba653353\comctl32.dll.mui" now owned by user "FARHAN\Admin".

SUCCESS: The file (or folder): "C:\scratchdir\Windows\WinSxS\x86_microsoft.windows.c..-controls.resources_6595b64144ccf1
df_6.0.26100.1591_mr-in_b25879e6ba653353\x86_microsoft.windows.c..-controls.resources_6595b64144ccf1df_6.0.26100.1591_mr
-in_b25879e6ba653353" now owned by user "FARHAN\Admin".

SUCCESS: The file (or folder): "C:\scratchdir\Windows\WinSxS\x86_microsoft.windows.c..-controls.resources_6595b64144ccf1
df_6.0.26100.1591_mr-in_b25879e6ba653353\x86_microsoft.windows.c..-controls.resources_6595b64144ccf1df_6.0.26100.1591_mr
-in_b25879e6ba653353\comctl32.dll.mui" now owned by user "FARHAN\Admin".

SUCCESS: The file (or folder): "C:\scratchdir\Windows\WinSxS\x86_microsoft.windows.c..-controls.resources_6595b64144ccf1
df_6.0.26100.1591_ms-my_b72e1dd4b74ae795\comctl32.dll.mui" now owned by user "FARHAN\Admin".

SUCCESS: The file (or folder): "C:\scratchdir\Windows\WinSxS\x86_microsoft.windows.c..-controls.resources_6595b64144ccf1
df_6.0.26100.1591_ms-my_b72e1dd4b74ae795\x86_microsoft.windows.c..-controls.resources_6595b64144ccf1df_6.0.26100.1591_ms
-my_b72e1dd4b74ae795" now owned by user "FARHAN\Admin".

SUCCESS: The file (or folder): "C:\scratchdir\Windows\WinSxS\x86_microsoft.windows.c..-controls.resources_6595b64144ccf1
df_6.0.26100.1591_ms-my_b72e1dd4b74ae795\x86_microsoft.windows.c..-controls.resources_6595b64144ccf1df_6.0.26100.1591_ms
-my_b72e1dd4b74ae795\comctl32.dll.mui" now owned by user "FARHAN\Admin".

SUCCESS: The file (or folder): "C:\scratchdir\Windows\WinSxS\x86_microsoft.windows.c..-controls.resources_6595b64144ccf1
df_6.0.26100.1591_mt-mt_b4ebaa02b8bfece3\comctl32.dll.mui" now owned by user "FARHAN\Admin".

SUCCESS: The file (or folder): "C:\scratchdir\Windows\WinSxS\x86_microsoft.windows.c..-controls.resources_6595b64144ccf1
df_6.0.26100.1591_mt-mt_b4ebaa02b8bfece3\x86_microsoft.windows.c..-controls.resources_6595b64144ccf1df_6.0.26100.1591_mt
-mt_b4ebaa02b8bfece3" now owned by user "FARHAN\Admin".

SUCCESS: The file (or folder): "C:\scratchdir\Windows\WinSxS\x86_microsoft.windows.c..-controls.resources_6595b64144ccf1
df_6.0.26100.1591_mt-mt_b4ebaa02b8bfece3\x86_microsoft.windows.c..-controls.resources_6595b64144ccf1df_6.0.26100.1591_mt
-mt_b4ebaa02b8bfece3\comctl32.dll.mui" now owned by user "FARHAN\Admin".

SUCCESS: The file (or folder): "C:\scratchdir\Windows\WinSxS\x86_microsoft.windows.c..-controls.resources_6595b64144ccf1
df_6.0.26100.1591_nb-no_5694d1f5ac2c1628\comctl32.dll.mui" now owned by user "FARHAN\Admin".

SUCCESS: The file (or folder): "C:\scratchdir\Windows\WinSxS\x86_microsoft.windows.c..-controls.resources_6595b64144ccf1
df_6.0.26100.1591_nb-no_5694d1f5ac2c1628\x86_microsoft.windows.c..-controls.resources_6595b64144ccf1df_6.0.26100.1591_nb
-no_5694d1f5ac2c1628" now owned by user "FARHAN\Admin".

SUCCESS: The file (or folder): "C:\scratchdir\Windows\WinSxS\x86_microsoft.windows.c..-controls.resources_6595b64144ccf1
df_6.0.26100.1591_nb-no_5694d1f5ac2c1628\x86_microsoft.windows.c..-controls.resources_6595b64144ccf1df_6.0.26100.1591_nb
-no_5694d1f5ac2c1628\comctl32.dll.mui" now owned by user "FARHAN\Admin".

SUCCESS: The file (or folder): "C:\scratchdir\Windows\WinSxS\x86_microsoft.windows.c..-controls.resources_6595b64144ccf1
df_6.0.26100.1591_ne-np_56e5e95fabfb6e82\comctl32.dll.mui" now owned by user "FARHAN\Admin".

SUCCESS: The file (or folder): "C:\scratchdir\Windows\WinSxS\x86_microsoft.windows.c..-controls.resources_6595b64144ccf1
df_6.0.26100.1591_ne-np_56e5e95fabfb6e82\x86_microsoft.windows.c..-controls.resources_6595b64144ccf1df_6.0.26100.1591_ne
-np_56e5e95fabfb6e82" now owned by user "FARHAN\Admin".

SUCCESS: The file (or folder): "C:\scratchdir\Windows\WinSxS\x86_microsoft.windows.c..-controls.resources_6595b64144ccf1
df_6.0.26100.1591_ne-np_56e5e95fabfb6e82\x86_microsoft.windows.c..-controls.resources_6595b64144ccf1df_6.0.26100.1591_ne
-np_56e5e95fabfb6e82\comctl32.dll.mui" now owned by user "FARHAN\Admin".

SUCCESS: The file (or folder): "C:\scratchdir\Windows\WinSxS\x86_microsoft.windows.c..-controls.resources_6595b64144ccf1
df_6.0.26100.1591_nl-nl_54d41d33ad581ffd\comctl32.dll.mui" now owned by user "FARHAN\Admin".

SUCCESS: The file (or folder): "C:\scratchdir\Windows\WinSxS\x86_microsoft.windows.c..-controls.resources_6595b64144ccf1
df_6.0.26100.1591_nl-nl_54d41d33ad581ffd\x86_microsoft.windows.c..-controls.resources_6595b64144ccf1df_6.0.26100.1591_nl
-nl_54d41d33ad581ffd" now owned by user "FARHAN\Admin".

SUCCESS: The file (or folder): "C:\scratchdir\Windows\WinSxS\x86_microsoft.windows.c..-controls.resources_6595b64144ccf1
df_6.0.26100.1591_nl-nl_54d41d33ad581ffd\x86_microsoft.windows.c..-controls.resources_6595b64144ccf1df_6.0.26100.1591_nl
-nl_54d41d33ad581ffd\comctl32.dll.mui" now owned by user "FARHAN\Admin".

SUCCESS: The file (or folder): "C:\scratchdir\Windows\WinSxS\x86_microsoft.windows.c..-controls.resources_6595b64144ccf1
df_6.0.26100.1591_nn-no_561312e5ac8d6574\comctl32.dll.mui" now owned by user "FARHAN\Admin".

SUCCESS: The file (or folder): "C:\scratchdir\Windows\WinSxS\x86_microsoft.windows.c..-controls.resources_6595b64144ccf1
df_6.0.26100.1591_nn-no_561312e5ac8d6574\x86_microsoft.windows.c..-controls.resources_6595b64144ccf1df_6.0.26100.1591_nn
-no_561312e5ac8d6574" now owned by user "FARHAN\Admin".

SUCCESS: The file (or folder): "C:\scratchdir\Windows\WinSxS\x86_microsoft.windows.c..-controls.resources_6595b64144ccf1
df_6.0.26100.1591_nn-no_561312e5ac8d6574\x86_microsoft.windows.c..-controls.resources_6595b64144ccf1df_6.0.26100.1591_nn
-no_561312e5ac8d6574\comctl32.dll.mui" now owned by user "FARHAN\Admin".

SUCCESS: The file (or folder): "C:\scratchdir\Windows\WinSxS\x86_microsoft.windows.c..-controls.resources_6595b64144ccf1
df_6.0.26100.1591_or-in_f89501f89f876dc5\comctl32.dll.mui" now owned by user "FARHAN\Admin".

SUCCESS: The file (or folder): "C:\scratchdir\Windows\WinSxS\x86_microsoft.windows.c..-controls.resources_6595b64144ccf1
df_6.0.26100.1591_or-in_f89501f89f876dc5\x86_microsoft.windows.c..-controls.resources_6595b64144ccf1df_6.0.26100.1591_or
-in_f89501f89f876dc5" now owned by user "FARHAN\Admin".

SUCCESS: The file (or folder): "C:\scratchdir\Windows\WinSxS\x86_microsoft.windows.c..-controls.resources_6595b64144ccf1
df_6.0.26100.1591_or-in_f89501f89f876dc5\x86_microsoft.windows.c..-controls.resources_6595b64144ccf1df_6.0.26100.1591_or
-in_f89501f89f876dc5\comctl32.dll.mui" now owned by user "FARHAN\Admin".

SUCCESS: The file (or folder): "C:\scratchdir\Windows\WinSxS\x86_microsoft.windows.c..-controls.resources_6595b64144ccf1
df_6.0.26100.1591_pa-in_9c6b14ad918eaffd\comctl32.dll.mui" now owned by user "FARHAN\Admin".

SUCCESS: The file (or folder): "C:\scratchdir\Windows\WinSxS\x86_microsoft.windows.c..-controls.resources_6595b64144ccf1
df_6.0.26100.1591_pa-in_9c6b14ad918eaffd\x86_microsoft.windows.c..-controls.resources_6595b64144ccf1df_6.0.26100.1591_pa
-in_9c6b14ad918eaffd" now owned by user "FARHAN\Admin".

SUCCESS: The file (or folder): "C:\scratchdir\Windows\WinSxS\x86_microsoft.windows.c..-controls.resources_6595b64144ccf1
df_6.0.26100.1591_pa-in_9c6b14ad918eaffd\x86_microsoft.windows.c..-controls.resources_6595b64144ccf1df_6.0.26100.1591_pa
-in_9c6b14ad918eaffd\comctl32.dll.mui" now owned by user "FARHAN\Admin".

SUCCESS: The file (or folder): "C:\scratchdir\Windows\WinSxS\x86_microsoft.windows.c..-controls.resources_6595b64144ccf1
df_6.0.26100.1591_pl-pl_9b1077b5927a8db1\comctl32.dll.mui" now owned by user "FARHAN\Admin".

SUCCESS: The file (or folder): "C:\scratchdir\Windows\WinSxS\x86_microsoft.windows.c..-controls.resources_6595b64144ccf1
df_6.0.26100.1591_pl-pl_9b1077b5927a8db1\x86_microsoft.windows.c..-controls.resources_6595b64144ccf1df_6.0.26100.1591_pl
-pl_9b1077b5927a8db1" now owned by user "FARHAN\Admin".

SUCCESS: The file (or folder): "C:\scratchdir\Windows\WinSxS\x86_microsoft.windows.c..-controls.resources_6595b64144ccf1
df_6.0.26100.1591_pl-pl_9b1077b5927a8db1\x86_microsoft.windows.c..-controls.resources_6595b64144ccf1df_6.0.26100.1591_pl
-pl_9b1077b5927a8db1\comctl32.dll.mui" now owned by user "FARHAN\Admin".

SUCCESS: The file (or folder): "C:\scratchdir\Windows\WinSxS\x86_microsoft.windows.c..-controls.resources_6595b64144ccf1
df_6.0.26100.1591_pt-br_9d64625991042195\comctl32.dll.mui" now owned by user "FARHAN\Admin".

SUCCESS: The file (or folder): "C:\scratchdir\Windows\WinSxS\x86_microsoft.windows.c..-controls.resources_6595b64144ccf1
df_6.0.26100.1591_pt-br_9d64625991042195\x86_microsoft.windows.c..-controls.resources_6595b64144ccf1df_6.0.26100.1591_pt
-br_9d64625991042195" now owned by user "FARHAN\Admin".

SUCCESS: The file (or folder): "C:\scratchdir\Windows\WinSxS\x86_microsoft.windows.c..-controls.resources_6595b64144ccf1
df_6.0.26100.1591_pt-br_9d64625991042195\x86_microsoft.windows.c..-controls.resources_6595b64144ccf1df_6.0.26100.1591_pt
-br_9d64625991042195\comctl32.dll.mui" now owned by user "FARHAN\Admin".

SUCCESS: The file (or folder): "C:\scratchdir\Windows\WinSxS\x86_microsoft.windows.c..-controls.resources_6595b64144ccf1
df_6.0.26100.1591_pt-pt_9e4631c590739171\comctl32.dll.mui" now owned by user "FARHAN\Admin".

SUCCESS: The file (or folder): "C:\scratchdir\Windows\WinSxS\x86_microsoft.windows.c..-controls.resources_6595b64144ccf1
df_6.0.26100.1591_pt-pt_9e4631c590739171\x86_microsoft.windows.c..-controls.resources_6595b64144ccf1df_6.0.26100.1591_pt
-pt_9e4631c590739171" now owned by user "FARHAN\Admin".

SUCCESS: The file (or folder): "C:\scratchdir\Windows\WinSxS\x86_microsoft.windows.c..-controls.resources_6595b64144ccf1
df_6.0.26100.1591_pt-pt_9e4631c590739171\x86_microsoft.windows.c..-controls.resources_6595b64144ccf1df_6.0.26100.1591_pt
-pt_9e4631c590739171\comctl32.dll.mui" now owned by user "FARHAN\Admin".

SUCCESS: The file (or folder): "C:\scratchdir\Windows\WinSxS\x86_microsoft.windows.c..-controls.resources_6595b64144ccf1
df_6.0.26100.1591_qps-ploc_5a642386679b0ff5\comctl32.dll.mui" now owned by user "FARHAN\Admin".

SUCCESS: The file (or folder): "C:\scratchdir\Windows\WinSxS\x86_microsoft.windows.c..-controls.resources_6595b64144ccf1
df_6.0.26100.1591_qps-ploc_5a642386679b0ff5\x86_microsoft.windows.c..-controls.resources_6595b64144ccf1df_6.0.26100.1591
_qps-ploc_5a642386679b0ff5" now owned by user "FARHAN\Admin".

SUCCESS: The file (or folder): "C:\scratchdir\Windows\WinSxS\x86_microsoft.windows.c..-controls.resources_6595b64144ccf1
df_6.0.26100.1591_qps-ploc_5a642386679b0ff5\x86_microsoft.windows.c..-controls.resources_6595b64144ccf1df_6.0.26100.1591
_qps-ploc_5a642386679b0ff5\comctl32.dll.mui" now owned by user "FARHAN\Admin".

SUCCESS: The file (or folder): "C:\scratchdir\Windows\WinSxS\x86_microsoft.windows.c..-controls.resources_6595b64144ccf1
df_6.0.26100.1591_qps..ocm_f4c1513bcd79893e\comctl32.dll.mui" now owned by user "FARHAN\Admin".

SUCCESS: The file (or folder): "C:\scratchdir\Windows\WinSxS\x86_microsoft.windows.c..-controls.resources_6595b64144ccf1
df_6.0.26100.1591_qps..ocm_f4c1513bcd79893e\x86_microsoft.windows.c..-controls.resources_6595b64144ccf1df_6.0.26100.1591
_qps..ocm_f4c1513bcd79893e" now owned by user "FARHAN\Admin".

SUCCESS: The file (or folder): "C:\scratchdir\Windows\WinSxS\x86_microsoft.windows.c..-controls.resources_6595b64144ccf1
df_6.0.26100.1591_qps..ocm_f4c1513bcd79893e\x86_microsoft.windows.c..-controls.resources_6595b64144ccf1df_6.0.26100.1591
_qps..ocm_f4c1513bcd79893e\comctl32.dll.mui" now owned by user "FARHAN\Admin".

SUCCESS: The file (or folder): "C:\scratchdir\Windows\WinSxS\x86_microsoft.windows.c..-controls.resources_6595b64144ccf1
df_6.0.26100.1591_quz-pe_0266e81632046792\comctl32.dll.mui" now owned by user "FARHAN\Admin".

SUCCESS: The file (or folder): "C:\scratchdir\Windows\WinSxS\x86_microsoft.windows.c..-controls.resources_6595b64144ccf1
df_6.0.26100.1591_quz-pe_0266e81632046792\x86_microsoft.windows.c..-controls.resources_6595b64144ccf1df_6.0.26100.1591_q
uz-pe_0266e81632046792" now owned by user "FARHAN\Admin".

SUCCESS: The file (or folder): "C:\scratchdir\Windows\WinSxS\x86_microsoft.windows.c..-controls.resources_6595b64144ccf1
df_6.0.26100.1591_quz-pe_0266e81632046792\x86_microsoft.windows.c..-controls.resources_6595b64144ccf1df_6.0.26100.1591_q
uz-pe_0266e81632046792\comctl32.dll.mui" now owned by user "FARHAN\Admin".

SUCCESS: The file (or folder): "C:\scratchdir\Windows\WinSxS\x86_microsoft.windows.c..-controls.resources_6595b64144ccf1
df_6.0.26100.1591_ro-ro_e280f7fd76da5ccd\comctl32.dll.mui" now owned by user "FARHAN\Admin".

SUCCESS: The file (or folder): "C:\scratchdir\Windows\WinSxS\x86_microsoft.windows.c..-controls.resources_6595b64144ccf1
df_6.0.26100.1591_ro-ro_e280f7fd76da5ccd\x86_microsoft.windows.c..-controls.resources_6595b64144ccf1df_6.0.26100.1591_ro
-ro_e280f7fd76da5ccd" now owned by user "FARHAN\Admin".

SUCCESS: The file (or folder): "C:\scratchdir\Windows\WinSxS\x86_microsoft.windows.c..-controls.resources_6595b64144ccf1
df_6.0.26100.1591_ro-ro_e280f7fd76da5ccd\x86_microsoft.windows.c..-controls.resources_6595b64144ccf1df_6.0.26100.1591_ro
-ro_e280f7fd76da5ccd\comctl32.dll.mui" now owned by user "FARHAN\Admin".

SUCCESS: The file (or folder): "C:\scratchdir\Windows\WinSxS\x86_microsoft.windows.c..-controls.resources_6595b64144ccf1
df_6.0.26100.1591_ru-ru_e4e9438975551f9d\comctl32.dll.mui" now owned by user "FARHAN\Admin".

SUCCESS: The file (or folder): "C:\scratchdir\Windows\WinSxS\x86_microsoft.windows.c..-controls.resources_6595b64144ccf1
df_6.0.26100.1591_ru-ru_e4e9438975551f9d\x86_microsoft.windows.c..-controls.resources_6595b64144ccf1df_6.0.26100.1591_ru
-ru_e4e9438975551f9d" now owned by user "FARHAN\Admin".

SUCCESS: The file (or folder): "C:\scratchdir\Windows\WinSxS\x86_microsoft.windows.c..-controls.resources_6595b64144ccf1
df_6.0.26100.1591_ru-ru_e4e9438975551f9d\x86_microsoft.windows.c..-controls.resources_6595b64144ccf1df_6.0.26100.1591_ru
-ru_e4e9438975551f9d\comctl32.dll.mui" now owned by user "FARHAN\Admin".

SUCCESS: The file (or folder): "C:\scratchdir\Windows\WinSxS\x86_microsoft.windows.c..-controls.resources_6595b64144ccf1
df_6.0.26100.1591_sk-sk_840448366a6f11c7\comctl32.dll.mui" now owned by user "FARHAN\Admin".

SUCCESS: The file (or folder): "C:\scratchdir\Windows\WinSxS\x86_microsoft.windows.c..-controls.resources_6595b64144ccf1
df_6.0.26100.1591_sk-sk_840448366a6f11c7\x86_microsoft.windows.c..-controls.resources_6595b64144ccf1df_6.0.26100.1591_sk
-sk_840448366a6f11c7" now owned by user "FARHAN\Admin".

SUCCESS: The file (or folder): "C:\scratchdir\Windows\WinSxS\x86_microsoft.windows.c..-controls.resources_6595b64144ccf1
df_6.0.26100.1591_sk-sk_840448366a6f11c7\x86_microsoft.windows.c..-controls.resources_6595b64144ccf1df_6.0.26100.1591_sk
-sk_840448366a6f11c7\comctl32.dll.mui" now owned by user "FARHAN\Admin".

SUCCESS: The file (or folder): "C:\scratchdir\Windows\WinSxS\x86_microsoft.windows.c..-controls.resources_6595b64144ccf1
df_6.0.26100.1591_sl-si_831669ee6b0924aa\comctl32.dll.mui" now owned by user "FARHAN\Admin".

SUCCESS: The file (or folder): "C:\scratchdir\Windows\WinSxS\x86_microsoft.windows.c..-controls.resources_6595b64144ccf1
df_6.0.26100.1591_sl-si_831669ee6b0924aa\x86_microsoft.windows.c..-controls.resources_6595b64144ccf1df_6.0.26100.1591_sl
-si_831669ee6b0924aa" now owned by user "FARHAN\Admin".

SUCCESS: The file (or folder): "C:\scratchdir\Windows\WinSxS\x86_microsoft.windows.c..-controls.resources_6595b64144ccf1
df_6.0.26100.1591_sl-si_831669ee6b0924aa\x86_microsoft.windows.c..-controls.resources_6595b64144ccf1df_6.0.26100.1591_sl
-si_831669ee6b0924aa\comctl32.dll.mui" now owned by user "FARHAN\Admin".

SUCCESS: The file (or folder): "C:\scratchdir\Windows\WinSxS\x86_microsoft.windows.c..-controls.resources_6595b64144ccf1
df_6.0.26100.1591_sq-al_843689ec6a54f0a2\comctl32.dll.mui" now owned by user "FARHAN\Admin".

SUCCESS: The file (or folder): "C:\scratchdir\Windows\WinSxS\x86_microsoft.windows.c..-controls.resources_6595b64144ccf1
df_6.0.26100.1591_sq-al_843689ec6a54f0a2\x86_microsoft.windows.c..-controls.resources_6595b64144ccf1df_6.0.26100.1591_sq
-al_843689ec6a54f0a2" now owned by user "FARHAN\Admin".

SUCCESS: The file (or folder): "C:\scratchdir\Windows\WinSxS\x86_microsoft.windows.c..-controls.resources_6595b64144ccf1
df_6.0.26100.1591_sq-al_843689ec6a54f0a2\x86_microsoft.windows.c..-controls.resources_6595b64144ccf1df_6.0.26100.1591_sq
-al_843689ec6a54f0a2\comctl32.dll.mui" now owned by user "FARHAN\Admin".

SUCCESS: The file (or folder): "C:\scratchdir\Windows\WinSxS\x86_microsoft.windows.c..-controls.resources_6595b64144ccf1
df_6.0.26100.1591_sr-..-ba_e02a293c7ef392ee\comctl32.dll.mui" now owned by user "FARHAN\Admin".

SUCCESS: The file (or folder): "C:\scratchdir\Windows\WinSxS\x86_microsoft.windows.c..-controls.resources_6595b64144ccf1
df_6.0.26100.1591_sr-..-ba_e02a293c7ef392ee\x86_microsoft.windows.c..-controls.resources_6595b64144ccf1df_6.0.26100.1591
_sr-..-ba_e02a293c7ef392ee" now owned by user "FARHAN\Admin".

SUCCESS: The file (or folder): "C:\scratchdir\Windows\WinSxS\x86_microsoft.windows.c..-controls.resources_6595b64144ccf1
df_6.0.26100.1591_sr-..-ba_e02a293c7ef392ee\x86_microsoft.windows.c..-controls.resources_6595b64144ccf1df_6.0.26100.1591
_sr-..-ba_e02a293c7ef392ee\comctl32.dll.mui" now owned by user "FARHAN\Admin".

SUCCESS: The file (or folder): "C:\scratchdir\Windows\WinSxS\x86_microsoft.windows.c..-controls.resources_6595b64144ccf1
df_6.0.26100.1591_sr-..-rs_2946d232e01acbdb\comctl32.dll.mui" now owned by user "FARHAN\Admin".

SUCCESS: The file (or folder): "C:\scratchdir\Windows\WinSxS\x86_microsoft.windows.c..-controls.resources_6595b64144ccf1
df_6.0.26100.1591_sr-..-rs_2946d232e01acbdb\x86_microsoft.windows.c..-controls.resources_6595b64144ccf1df_6.0.26100.1591
_sr-..-rs_2946d232e01acbdb" now owned by user "FARHAN\Admin".

SUCCESS: The file (or folder): "C:\scratchdir\Windows\WinSxS\x86_microsoft.windows.c..-controls.resources_6595b64144ccf1
df_6.0.26100.1591_sr-..-rs_2946d232e01acbdb\x86_microsoft.windows.c..-controls.resources_6595b64144ccf1df_6.0.26100.1591
_sr-..-rs_2946d232e01acbdb\comctl32.dll.mui" now owned by user "FARHAN\Admin".

SUCCESS: The file (or folder): "C:\scratchdir\Windows\WinSxS\x86_microsoft.windows.c..-controls.resources_6595b64144ccf1
df_6.0.26100.1591_sr-..-rs_e67ffd847af5d250\comctl32.dll.mui" now owned by user "FARHAN\Admin".

SUCCESS: The file (or folder): "C:\scratchdir\Windows\WinSxS\x86_microsoft.windows.c..-controls.resources_6595b64144ccf1
df_6.0.26100.1591_sr-..-rs_e67ffd847af5d250\x86_microsoft.windows.c..-controls.resources_6595b64144ccf1df_6.0.26100.1591
_sr-..-rs_e67ffd847af5d250" now owned by user "FARHAN\Admin".

SUCCESS: The file (or folder): "C:\scratchdir\Windows\WinSxS\x86_microsoft.windows.c..-controls.resources_6595b64144ccf1
df_6.0.26100.1591_sr-..-rs_e67ffd847af5d250\x86_microsoft.windows.c..-controls.resources_6595b64144ccf1df_6.0.26100.1591
_sr-..-rs_e67ffd847af5d250\comctl32.dll.mui" now owned by user "FARHAN\Admin".

SUCCESS: The file (or folder): "C:\scratchdir\Windows\WinSxS\x86_microsoft.windows.c..-controls.resources_6595b64144ccf1
df_6.0.26100.1591_sv-se_80e42dfe6c7e29f8\comctl32.dll.mui" now owned by user "FARHAN\Admin".

SUCCESS: The file (or folder): "C:\scratchdir\Windows\WinSxS\x86_microsoft.windows.c..-controls.resources_6595b64144ccf1
df_6.0.26100.1591_sv-se_80e42dfe6c7e29f8\x86_microsoft.windows.c..-controls.resources_6595b64144ccf1df_6.0.26100.1591_sv
-se_80e42dfe6c7e29f8" now owned by user "FARHAN\Admin".

SUCCESS: The file (or folder): "C:\scratchdir\Windows\WinSxS\x86_microsoft.windows.c..-controls.resources_6595b64144ccf1
df_6.0.26100.1591_sv-se_80e42dfe6c7e29f8\x86_microsoft.windows.c..-controls.resources_6595b64144ccf1df_6.0.26100.1591_sv
-se_80e42dfe6c7e29f8\comctl32.dll.mui" now owned by user "FARHAN\Admin".

SUCCESS: The file (or folder): "C:\scratchdir\Windows\WinSxS\x86_microsoft.windows.c..-controls.resources_6595b64144ccf1
df_6.0.26100.1591_ta-in_28e424d15bd324e1\comctl32.dll.mui" now owned by user "FARHAN\Admin".

SUCCESS: The file (or folder): "C:\scratchdir\Windows\WinSxS\x86_microsoft.windows.c..-controls.resources_6595b64144ccf1
df_6.0.26100.1591_ta-in_28e424d15bd324e1\x86_microsoft.windows.c..-controls.resources_6595b64144ccf1df_6.0.26100.1591_ta
-in_28e424d15bd324e1" now owned by user "FARHAN\Admin".

SUCCESS: The file (or folder): "C:\scratchdir\Windows\WinSxS\x86_microsoft.windows.c..-controls.resources_6595b64144ccf1
df_6.0.26100.1591_ta-in_28e424d15bd324e1\x86_microsoft.windows.c..-controls.resources_6595b64144ccf1df_6.0.26100.1591_ta
-in_28e424d15bd324e1\comctl32.dll.mui" now owned by user "FARHAN\Admin".

SUCCESS: The file (or folder): "C:\scratchdir\Windows\WinSxS\x86_microsoft.windows.c..-controls.resources_6595b64144ccf1
df_6.0.26100.1591_te-in_28b8e5215bf394a5\comctl32.dll.mui" now owned by user "FARHAN\Admin".

SUCCESS: The file (or folder): "C:\scratchdir\Windows\WinSxS\x86_microsoft.windows.c..-controls.resources_6595b64144ccf1
df_6.0.26100.1591_te-in_28b8e5215bf394a5\x86_microsoft.windows.c..-controls.resources_6595b64144ccf1df_6.0.26100.1591_te
-in_28b8e5215bf394a5" now owned by user "FARHAN\Admin".

SUCCESS: The file (or folder): "C:\scratchdir\Windows\WinSxS\x86_microsoft.windows.c..-controls.resources_6595b64144ccf1
df_6.0.26100.1591_te-in_28b8e5215bf394a5\x86_microsoft.windows.c..-controls.resources_6595b64144ccf1df_6.0.26100.1591_te
-in_28b8e5215bf394a5\comctl32.dll.mui" now owned by user "FARHAN\Admin".

SUCCESS: The file (or folder): "C:\scratchdir\Windows\WinSxS\x86_microsoft.windows.c..-controls.resources_6595b64144ccf1
df_6.0.26100.1591_th-th_25ee4fb15dc2e739\comctl32.dll.mui" now owned by user "FARHAN\Admin".

SUCCESS: The file (or folder): "C:\scratchdir\Windows\WinSxS\x86_microsoft.windows.c..-controls.resources_6595b64144ccf1
df_6.0.26100.1591_th-th_25ee4fb15dc2e739\x86_microsoft.windows.c..-controls.resources_6595b64144ccf1df_6.0.26100.1591_th
-th_25ee4fb15dc2e739" now owned by user "FARHAN\Admin".

SUCCESS: The file (or folder): "C:\scratchdir\Windows\WinSxS\x86_microsoft.windows.c..-controls.resources_6595b64144ccf1
df_6.0.26100.1591_th-th_25ee4fb15dc2e739\x86_microsoft.windows.c..-controls.resources_6595b64144ccf1df_6.0.26100.1591_th
-th_25ee4fb15dc2e739\comctl32.dll.mui" now owned by user "FARHAN\Admin".

SUCCESS: The file (or folder): "C:\scratchdir\Windows\WinSxS\x86_microsoft.windows.c..-controls.resources_6595b64144ccf1
df_6.0.26100.1591_tr-tr_29f178455b3a2be9\comctl32.dll.mui" now owned by user "FARHAN\Admin".

SUCCESS: The file (or folder): "C:\scratchdir\Windows\WinSxS\x86_microsoft.windows.c..-controls.resources_6595b64144ccf1
df_6.0.26100.1591_tr-tr_29f178455b3a2be9\x86_microsoft.windows.c..-controls.resources_6595b64144ccf1df_6.0.26100.1591_tr
-tr_29f178455b3a2be9" now owned by user "FARHAN\Admin".

SUCCESS: The file (or folder): "C:\scratchdir\Windows\WinSxS\x86_microsoft.windows.c..-controls.resources_6595b64144ccf1
df_6.0.26100.1591_tr-tr_29f178455b3a2be9\x86_microsoft.windows.c..-controls.resources_6595b64144ccf1df_6.0.26100.1591_tr
-tr_29f178455b3a2be9\comctl32.dll.mui" now owned by user "FARHAN\Admin".

SUCCESS: The file (or folder): "C:\scratchdir\Windows\WinSxS\x86_microsoft.windows.c..-controls.resources_6595b64144ccf1
df_6.0.26100.1591_tt-ru_2b309b875a6f3e1e\comctl32.dll.mui" now owned by user "FARHAN\Admin".

SUCCESS: The file (or folder): "C:\scratchdir\Windows\WinSxS\x86_microsoft.windows.c..-controls.resources_6595b64144ccf1
df_6.0.26100.1591_tt-ru_2b309b875a6f3e1e\x86_microsoft.windows.c..-controls.resources_6595b64144ccf1df_6.0.26100.1591_tt
-ru_2b309b875a6f3e1e" now owned by user "FARHAN\Admin".

SUCCESS: The file (or folder): "C:\scratchdir\Windows\WinSxS\x86_microsoft.windows.c..-controls.resources_6595b64144ccf1
df_6.0.26100.1591_tt-ru_2b309b875a6f3e1e\x86_microsoft.windows.c..-controls.resources_6595b64144ccf1df_6.0.26100.1591_tt
-ru_2b309b875a6f3e1e\comctl32.dll.mui" now owned by user "FARHAN\Admin".

SUCCESS: The file (or folder): "C:\scratchdir\Windows\WinSxS\x86_microsoft.windows.c..-controls.resources_6595b64144ccf1
df_6.0.26100.1591_ug-cn_cbc212024e944ffa\comctl32.dll.mui" now owned by user "FARHAN\Admin".

SUCCESS: The file (or folder): "C:\scratchdir\Windows\WinSxS\x86_microsoft.windows.c..-controls.resources_6595b64144ccf1
df_6.0.26100.1591_ug-cn_cbc212024e944ffa\x86_microsoft.windows.c..-controls.resources_6595b64144ccf1df_6.0.26100.1591_ug
-cn_cbc212024e944ffa" now owned by user "FARHAN\Admin".

SUCCESS: The file (or folder): "C:\scratchdir\Windows\WinSxS\x86_microsoft.windows.c..-controls.resources_6595b64144ccf1
df_6.0.26100.1591_ug-cn_cbc212024e944ffa\x86_microsoft.windows.c..-controls.resources_6595b64144ccf1df_6.0.26100.1591_ug
-cn_cbc212024e944ffa\comctl32.dll.mui" now owned by user "FARHAN\Admin".

SUCCESS: The file (or folder): "C:\scratchdir\Windows\WinSxS\x86_microsoft.windows.c..-controls.resources_6595b64144ccf1
df_6.0.26100.1591_uk-ua_c5d15aec526b5235\comctl32.dll.mui" now owned by user "FARHAN\Admin".

SUCCESS: The file (or folder): "C:\scratchdir\Windows\WinSxS\x86_microsoft.windows.c..-controls.resources_6595b64144ccf1
df_6.0.26100.1591_uk-ua_c5d15aec526b5235\x86_microsoft.windows.c..-controls.resources_6595b64144ccf1df_6.0.26100.1591_uk
-ua_c5d15aec526b5235" now owned by user "FARHAN\Admin".

SUCCESS: The file (or folder): "C:\scratchdir\Windows\WinSxS\x86_microsoft.windows.c..-controls.resources_6595b64144ccf1
df_6.0.26100.1591_uk-ua_c5d15aec526b5235\x86_microsoft.windows.c..-controls.resources_6595b64144ccf1df_6.0.26100.1591_uk
-ua_c5d15aec526b5235\comctl32.dll.mui" now owned by user "FARHAN\Admin".

SUCCESS: The file (or folder): "C:\scratchdir\Windows\WinSxS\x86_microsoft.windows.c..-controls.resources_6595b64144ccf1
df_6.0.26100.1591_ur-pk_c9f5652c4fc9c2ed\comctl32.dll.mui" now owned by user "FARHAN\Admin".

SUCCESS: The file (or folder): "C:\scratchdir\Windows\WinSxS\x86_microsoft.windows.c..-controls.resources_6595b64144ccf1
df_6.0.26100.1591_ur-pk_c9f5652c4fc9c2ed\x86_microsoft.windows.c..-controls.resources_6595b64144ccf1df_6.0.26100.1591_ur
-pk_c9f5652c4fc9c2ed" now owned by user "FARHAN\Admin".

SUCCESS: The file (or folder): "C:\scratchdir\Windows\WinSxS\x86_microsoft.windows.c..-controls.resources_6595b64144ccf1
df_6.0.26100.1591_ur-pk_c9f5652c4fc9c2ed\x86_microsoft.windows.c..-controls.resources_6595b64144ccf1df_6.0.26100.1591_ur
-pk_c9f5652c4fc9c2ed\comctl32.dll.mui" now owned by user "FARHAN\Admin".

SUCCESS: The file (or folder): "C:\scratchdir\Windows\WinSxS\x86_microsoft.windows.c..-controls.resources_6595b64144ccf1
df_6.0.26100.1591_uz-..-uz_0d8c615670109a9d\comctl32.dll.mui" now owned by user "FARHAN\Admin".

SUCCESS: The file (or folder): "C:\scratchdir\Windows\WinSxS\x86_microsoft.windows.c..-controls.resources_6595b64144ccf1
df_6.0.26100.1591_uz-..-uz_0d8c615670109a9d\x86_microsoft.windows.c..-controls.resources_6595b64144ccf1df_6.0.26100.1591
_uz-..-uz_0d8c615670109a9d" now owned by user "FARHAN\Admin".

SUCCESS: The file (or folder): "C:\scratchdir\Windows\WinSxS\x86_microsoft.windows.c..-controls.resources_6595b64144ccf1
df_6.0.26100.1591_uz-..-uz_0d8c615670109a9d\x86_microsoft.windows.c..-controls.resources_6595b64144ccf1df_6.0.26100.1591
_uz-..-uz_0d8c615670109a9d\comctl32.dll.mui" now owned by user "FARHAN\Admin".

SUCCESS: The file (or folder): "C:\scratchdir\Windows\WinSxS\x86_microsoft.windows.c..-controls.resources_6595b64144ccf1
df_6.0.26100.1591_vi-vn_6ec9055b41378c08\comctl32.dll.mui" now owned by user "FARHAN\Admin".

SUCCESS: The file (or folder): "C:\scratchdir\Windows\WinSxS\x86_microsoft.windows.c..-controls.resources_6595b64144ccf1
df_6.0.26100.1591_vi-vn_6ec9055b41378c08\x86_microsoft.windows.c..-controls.resources_6595b64144ccf1df_6.0.26100.1591_vi
-vn_6ec9055b41378c08" now owned by user "FARHAN\Admin".

SUCCESS: The file (or folder): "C:\scratchdir\Windows\WinSxS\x86_microsoft.windows.c..-controls.resources_6595b64144ccf1
df_6.0.26100.1591_vi-vn_6ec9055b41378c08\x86_microsoft.windows.c..-controls.resources_6595b64144ccf1df_6.0.26100.1591_vi
-vn_6ec9055b41378c08\comctl32.dll.mui" now owned by user "FARHAN\Admin".

SUCCESS: The file (or folder): "C:\scratchdir\Windows\WinSxS\x86_microsoft.windows.c..-controls.resources_6595b64144ccf1
df_6.0.26100.1591_zh-cn_fb4e96430b71fe08\comctl32.dll.mui" now owned by user "FARHAN\Admin".

SUCCESS: The file (or folder): "C:\scratchdir\Windows\WinSxS\x86_microsoft.windows.c..-controls.resources_6595b64144ccf1
df_6.0.26100.1591_zh-cn_fb4e96430b71fe08\x86_microsoft.windows.c..-controls.resources_6595b64144ccf1df_6.0.26100.1591_zh
-cn_fb4e96430b71fe08" now owned by user "FARHAN\Admin".

SUCCESS: The file (or folder): "C:\scratchdir\Windows\WinSxS\x86_microsoft.windows.c..-controls.resources_6595b64144ccf1
df_6.0.26100.1591_zh-cn_fb4e96430b71fe08\x86_microsoft.windows.c..-controls.resources_6595b64144ccf1df_6.0.26100.1591_zh
-cn_fb4e96430b71fe08\comctl32.dll.mui" now owned by user "FARHAN\Admin".

SUCCESS: The file (or folder): "C:\scratchdir\Windows\WinSxS\x86_microsoft.windows.c..-controls.resources_6595b64144ccf1
df_6.0.26100.1591_zh-tw_ff4ad39908e2da78\comctl32.dll.mui" now owned by user "FARHAN\Admin".

SUCCESS: The file (or folder): "C:\scratchdir\Windows\WinSxS\x86_microsoft.windows.c..-controls.resources_6595b64144ccf1
df_6.0.26100.1591_zh-tw_ff4ad39908e2da78\x86_microsoft.windows.c..-controls.resources_6595b64144ccf1df_6.0.26100.1591_zh
-tw_ff4ad39908e2da78" now owned by user "FARHAN\Admin".

SUCCESS: The file (or folder): "C:\scratchdir\Windows\WinSxS\x86_microsoft.windows.c..-controls.resources_6595b64144ccf1
df_6.0.26100.1591_zh-tw_ff4ad39908e2da78\x86_microsoft.windows.c..-controls.resources_6595b64144ccf1df_6.0.26100.1591_zh
-tw_ff4ad39908e2da78\comctl32.dll.mui" now owned by user "FARHAN\Admin".

SUCCESS: The file (or folder): "C:\scratchdir\Windows\WinSxS\x86_microsoft.windows.common-controls_6595b64144ccf1df_5.82
.26100.8037_none_cf98fbe08eabc758\comctl32.dll" now owned by user "FARHAN\Admin".

SUCCESS: The file (or folder): "C:\scratchdir\Windows\WinSxS\x86_microsoft.windows.common-controls_6595b64144ccf1df_5.82
.26100.8037_none_cf98fbe08eabc758\x86_microsoft.windows.common-controls_6595b64144ccf1df_5.82.26100.8037_none_cf98fbe08e
abc758" now owned by user "FARHAN\Admin".

SUCCESS: The file (or folder): "C:\scratchdir\Windows\WinSxS\x86_microsoft.windows.common-controls_6595b64144ccf1df_5.82
.26100.8037_none_cf98fbe08eabc758\x86_microsoft.windows.common-controls_6595b64144ccf1df_5.82.26100.8037_none_cf98fbe08e
abc758\comctl32.dll" now owned by user "FARHAN\Admin".

SUCCESS: The file (or folder): "C:\scratchdir\Windows\WinSxS\x86_microsoft.windows.common-controls_6595b64144ccf1df_6.0.
26100.8037_none_85b66681f7afde41\comctl32.dll" now owned by user "FARHAN\Admin".

SUCCESS: The file (or folder): "C:\scratchdir\Windows\WinSxS\x86_microsoft.windows.common-controls_6595b64144ccf1df_6.0.
26100.8037_none_85b66681f7afde41\x86_microsoft.windows.common-controls_6595b64144ccf1df_6.0.26100.8037_none_85b66681f7af
de41" now owned by user "FARHAN\Admin".

SUCCESS: The file (or folder): "C:\scratchdir\Windows\WinSxS\x86_microsoft.windows.common-controls_6595b64144ccf1df_6.0.
26100.8037_none_85b66681f7afde41\x86_microsoft.windows.common-controls_6595b64144ccf1df_6.0.26100.8037_none_85b66681f7af
de41\comctl32.dll" now owned by user "FARHAN\Admin".

SUCCESS: The file (or folder): "C:\scratchdir\Windows\WinSxS\x86_microsoft.windows.gdiplus_6595b64144ccf1df_1.0.26100.80
36_none_c750014ab93c64c7\GdiPlus.dll" now owned by user "FARHAN\Admin".

SUCCESS: The file (or folder): "C:\scratchdir\Windows\WinSxS\x86_microsoft.windows.gdiplus_6595b64144ccf1df_1.0.26100.80
36_none_c750014ab93c64c7\x86_microsoft.windows.gdiplus_6595b64144ccf1df_1.0.26100.8036_none_c750014ab93c64c7" now owned
by user "FARHAN\Admin".

SUCCESS: The file (or folder): "C:\scratchdir\Windows\WinSxS\x86_microsoft.windows.gdiplus_6595b64144ccf1df_1.0.26100.80
36_none_c750014ab93c64c7\x86_microsoft.windows.gdiplus_6595b64144ccf1df_1.0.26100.8036_none_c750014ab93c64c7\GdiPlus.dll
" now owned by user "FARHAN\Admin".

SUCCESS: The file (or folder): "C:\scratchdir\Windows\WinSxS\x86_microsoft.windows.gdiplus_6595b64144ccf1df_1.1.26100.80
36_none_b6a1702f52423e6e\GdiPlus.dll" now owned by user "FARHAN\Admin".

SUCCESS: The file (or folder): "C:\scratchdir\Windows\WinSxS\x86_microsoft.windows.gdiplus_6595b64144ccf1df_1.1.26100.80
36_none_b6a1702f52423e6e\x86_microsoft.windows.gdiplus_6595b64144ccf1df_1.1.26100.8036_none_b6a1702f52423e6e" now owned
by user "FARHAN\Admin".

SUCCESS: The file (or folder): "C:\scratchdir\Windows\WinSxS\x86_microsoft.windows.gdiplus_6595b64144ccf1df_1.1.26100.80
36_none_b6a1702f52423e6e\x86_microsoft.windows.gdiplus_6595b64144ccf1df_1.1.26100.8036_none_b6a1702f52423e6e\GdiPlus.dll
" now owned by user "FARHAN\Admin".

SUCCESS: The file (or folder): "C:\scratchdir\Windows\WinSxS\x86_microsoft.windows.i..utomation.proxystub_6595b64144ccf1
df_1.0.26100.5074_none_e0bda70384ff7581\sxsoaps.dll" now owned by user "FARHAN\Admin".

SUCCESS: The file (or folder): "C:\scratchdir\Windows\WinSxS\x86_microsoft.windows.i..utomation.proxystub_6595b64144ccf1
df_1.0.26100.5074_none_e0bda70384ff7581\sxsoaps.tlb" now owned by user "FARHAN\Admin".

SUCCESS: The file (or folder): "C:\scratchdir\Windows\WinSxS\x86_microsoft.windows.i..utomation.proxystub_6595b64144ccf1
df_1.0.26100.5074_none_e0bda70384ff7581\x86_microsoft.windows.i..utomation.proxystub_6595b64144ccf1df_1.0.26100.5074_non
e_e0bda70384ff7581" now owned by user "FARHAN\Admin".

SUCCESS: The file (or folder): "C:\scratchdir\Windows\WinSxS\x86_microsoft.windows.i..utomation.proxystub_6595b64144ccf1
df_1.0.26100.5074_none_e0bda70384ff7581\x86_microsoft.windows.i..utomation.proxystub_6595b64144ccf1df_1.0.26100.5074_non
e_e0bda70384ff7581\sxsoaps.dll" now owned by user "FARHAN\Admin".

SUCCESS: The file (or folder): "C:\scratchdir\Windows\WinSxS\x86_microsoft.windows.i..utomation.proxystub_6595b64144ccf1
df_1.0.26100.5074_none_e0bda70384ff7581\x86_microsoft.windows.i..utomation.proxystub_6595b64144ccf1df_1.0.26100.5074_non
e_e0bda70384ff7581\sxsoaps.tlb" now owned by user "FARHAN\Admin".

SUCCESS: The file (or folder): "C:\scratchdir\Windows\WinSxS\x86_microsoft.windows.isolationautomation_6595b64144ccf1df_
1.0.26100.5074_none_374655d025f55b6d\sxsoa.dll" now owned by user "FARHAN\Admin".

SUCCESS: The file (or folder): "C:\scratchdir\Windows\WinSxS\x86_microsoft.windows.isolationautomation_6595b64144ccf1df_
1.0.26100.5074_none_374655d025f55b6d\x86_microsoft.windows.isolationautomation_6595b64144ccf1df_1.0.26100.5074_none_3746
55d025f55b6d" now owned by user "FARHAN\Admin".

SUCCESS: The file (or folder): "C:\scratchdir\Windows\WinSxS\x86_microsoft.windows.isolationautomation_6595b64144ccf1df_
1.0.26100.5074_none_374655d025f55b6d\x86_microsoft.windows.isolationautomation_6595b64144ccf1df_1.0.26100.5074_none_3746
55d025f55b6d\sxsoa.dll" now owned by user "FARHAN\Admin".

Complete!
Preparing...


    Directory: C:\scratchdir\Windows


Mode                 LastWriteTime         Length Name
----                 -------------         ------ ----
d-----        29/07/2026  04:00 PM                WinSxS_edit
Copying x86_microsoft.windows.common-controls_6595b64144ccf1df_5.82.26100.8037_none_cf98fbe08eabc758.FullName to C:\scratchdir\Windows\WinSxS_edit\x86_microsoft.windows.common-controls_6595b64144ccf1df_5.82.26100.8037_none_cf98fbe08eabc758
Copying x86_microsoft.windows.common-controls_6595b64144ccf1df_6.0.26100.8037_none_85b66681f7afde41.FullName to C:\scratchdir\Windows\WinSxS_edit\x86_microsoft.windows.common-controls_6595b64144ccf1df_6.0.26100.8037_none_85b66681f7afde41
Copying x86_microsoft.windows.gdiplus_6595b64144ccf1df_1.0.26100.8036_none_c750014ab93c64c7.FullName to C:\scratchdir\Windows\WinSxS_edit\x86_microsoft.windows.gdiplus_6595b64144ccf1df_1.0.26100.8036_none_c750014ab93c64c7
Copying x86_microsoft.windows.gdiplus_6595b64144ccf1df_1.1.26100.8036_none_b6a1702f52423e6e.FullName to C:\scratchdir\Windows\WinSxS_edit\x86_microsoft.windows.gdiplus_6595b64144ccf1df_1.1.26100.8036_none_b6a1702f52423e6e
Copying x86_microsoft.windows.i..utomation.proxystub_6595b64144ccf1df_1.0.26100.5074_none_e0bda70384ff7581.FullName to C:\scratchdir\Windows\WinSxS_edit\x86_microsoft.windows.i..utomation.proxystub_6595b64144ccf1df_1.0.26100.5074_none_e0bda70384ff7581
Copying x86_microsoft.windows.isolationautomation_6595b64144ccf1df_1.0.26100.5074_none_374655d025f55b6d.FullName to C:\scratchdir\Windows\WinSxS_edit\x86_microsoft.windows.isolationautomation_6595b64144ccf1df_1.0.26100.5074_none_374655d025f55b6d
Copying x86_microsoft-windows-s..ngstack-onecorebase_31bf3856ad364e35_10.0.26100.1_none_915a02a692134624.FullName to C:\scratchdir\Windows\WinSxS_edit\x86_microsoft-windows-s..ngstack-onecorebase_31bf3856ad364e35_10.0.26100.1_none_915a02a692134624
Copying x86_microsoft-windows-s..ngstack-onecorebase_31bf3856ad364e35_10.0.26100.8035_none_30561576d96ab1b9.FullName to C:\scratchdir\Windows\WinSxS_edit\x86_microsoft-windows-s..ngstack-onecorebase_31bf3856ad364e35_10.0.26100.8035_none_30561576d96ab1b9
Copying x86_microsoft-windows-s..stack-termsrv-extra_31bf3856ad364e35_10.0.26100.1_none_b3a5df5befe29a8a.FullName to C:\scratchdir\Windows\WinSxS_edit\x86_microsoft-windows-s..stack-termsrv-extra_31bf3856ad364e35_10.0.26100.1_none_b3a5df5befe29a8a
Copying x86_microsoft-windows-s..stack-termsrv-extra_31bf3856ad364e35_10.0.26100.8035_none_52a1f22c373a061f.FullName to C:\scratchdir\Windows\WinSxS_edit\x86_microsoft-windows-s..stack-termsrv-extra_31bf3856ad364e35_10.0.26100.8035_none_52a1f22c373a061f
Copying x86_microsoft-windows-servicingstack_31bf3856ad364e35_10.0.26100.1_none_aa346e257779a3b3.FullName to C:\scratchdir\Windows\WinSxS_edit\x86_microsoft-windows-servicingstack_31bf3856ad364e35_10.0.26100.1_none_aa346e257779a3b3
Copying x86_microsoft-windows-servicingstack_31bf3856ad364e35_10.0.26100.8035_none_493080f5bed10f48.FullName to C:\scratchdir\Windows\WinSxS_edit\x86_microsoft-windows-servicingstack_31bf3856ad364e35_10.0.26100.8035_none_493080f5bed10f48
Copying x86_microsoft-windows-servicingstack-inetsrv_31bf3856ad364e35_10.0.26100.1_none_d6023c941726efdb.FullName to C:\scratchdir\Windows\WinSxS_edit\x86_microsoft-windows-servicingstack-inetsrv_31bf3856ad364e35_10.0.26100.1_none_d6023c941726efdb
Copying x86_microsoft-windows-servicingstack-inetsrv_31bf3856ad364e35_10.0.26100.8035_none_74fe4f645e7e5b70.FullName to C:\scratchdir\Windows\WinSxS_edit\x86_microsoft-windows-servicingstack-inetsrv_31bf3856ad364e35_10.0.26100.8035_none_74fe4f645e7e5b70
Copying x86_microsoft-windows-servicingstack-onecore_31bf3856ad364e35_10.0.26100.1_none_df260336cf7cc149.FullName to C:\scratchdir\Windows\WinSxS_edit\x86_microsoft-windows-servicingstack-onecore_31bf3856ad364e35_10.0.26100.1_none_df260336cf7cc149
Copying x86_microsoft-windows-servicingstack-onecore_31bf3856ad364e35_10.0.26100.8035_none_7e22160716d42cde.FullName to C:\scratchdir\Windows\WinSxS_edit\x86_microsoft-windows-servicingstack-onecore_31bf3856ad364e35_10.0.26100.8035_none_7e22160716d42cde
Copying amd64_microsoft.vc80.crt_1fc8b3b9a1e18e3b_8.0.50727.9680_none_88e394a52fab6222.FullName to C:\scratchdir\Windows\WinSxS_edit\amd64_microsoft.vc80.crt_1fc8b3b9a1e18e3b_8.0.50727.9680_none_88e394a52fab6222
Copying amd64_microsoft.vc90.crt_1fc8b3b9a1e18e3b_9.0.30729.9635_none_08e2c157a83ed5da.FullName to C:\scratchdir\Windows\WinSxS_edit\amd64_microsoft.vc90.crt_1fc8b3b9a1e18e3b_9.0.30729.9635_none_08e2c157a83ed5da
Copying amd64_microsoft.windows.c..-controls.resources_6595b64144ccf1df_5.82.26100.1591_af-za_09dcf860e16ed1d2.FullName to C:\scratchdir\Windows\WinSxS_edit\amd64_microsoft.windows.c..-controls.resources_6595b64144ccf1df_5.82.26100.1591_af-za_09dcf860e16ed1d2
Copying amd64_microsoft.windows.c..-controls.resources_6595b64144ccf1df_5.82.26100.1591_am-et_12002fbedc3ad139.FullName to C:\scratchdir\Windows\WinSxS_edit\amd64_microsoft.windows.c..-controls.resources_6595b64144ccf1df_5.82.26100.1591_am-et_12002fbedc3ad139
Copying amd64_microsoft.windows.c..-controls.resources_6595b64144ccf1df_5.82.26100.1591_ar-sa_095bd8c8e1cf6db7.FullName to C:\scratchdir\Windows\WinSxS_edit\amd64_microsoft.windows.c..-controls.resources_6595b64144ccf1df_5.82.26100.1591_ar-sa_095bd8c8e1cf6db7
Copying amd64_microsoft.windows.c..-controls.resources_6595b64144ccf1df_5.82.26100.1591_as-in_0f15ca02de21c439.FullName to C:\scratchdir\Windows\WinSxS_edit\amd64_microsoft.windows.c..-controls.resources_6595b64144ccf1df_5.82.26100.1591_as-in_0f15ca02de21c439
Copying amd64_microsoft.windows.c..-controls.resources_6595b64144ccf1df_5.82.26100.1591_az-..-az_d783ad5dcd963f26.FullName to C:\scratchdir\Windows\WinSxS_edit\amd64_microsoft.windows.c..-controls.resources_6595b64144ccf1df_5.82.26100.1591_az-..-az_d783ad5dcd963f26
Copying amd64_microsoft.windows.c..-controls.resources_6595b64144ccf1df_5.82.26100.1591_be-by_b7acdb65cd1dd8aa.FullName to C:\scratchdir\Windows\WinSxS_edit\amd64_microsoft.windows.c..-controls.resources_6595b64144ccf1df_5.82.26100.1591_be-by_b7acdb65cd1dd8aa
Copying amd64_microsoft.windows.c..-controls.resources_6595b64144ccf1df_5.82.26100.1591_bg-bg_af9bba51d24fbf0e.FullName to C:\scratchdir\Windows\WinSxS_edit\amd64_microsoft.windows.c..-controls.resources_6595b64144ccf1df_5.82.26100.1591_bg-bg_af9bba51d24fbf0e
Copying amd64_microsoft.windows.c..-controls.resources_6595b64144ccf1df_5.82.26100.1591_bn-in_b26a1da7d08a55bd.FullName to C:\scratchdir\Windows\WinSxS_edit\amd64_microsoft.windows.c..-controls.resources_6595b64144ccf1df_5.82.26100.1591_bn-in_b26a1da7d08a55bd
Copying amd64_microsoft.windows.c..-controls.resources_6595b64144ccf1df_5.82.26100.1591_bs-..-ba_324b4855e70f5214.FullName to C:\scratchdir\Windows\WinSxS_edit\amd64_microsoft.windows.c..-controls.resources_6595b64144ccf1df_5.82.26100.1591_bs-..-ba_324b4855e70f5214
Copying amd64_microsoft.windows.c..-controls.resources_6595b64144ccf1df_5.82.26100.1591_ca-..cia_a965c8b2f0db9704.FullName to C:\scratchdir\Windows\WinSxS_edit\amd64_microsoft.windows.c..-controls.resources_6595b64144ccf1df_5.82.26100.1591_ca-..cia_a965c8b2f0db9704
Copying amd64_microsoft.windows.c..-controls.resources_6595b64144ccf1df_5.82.26100.1591_ca-es_584cefb2c144b7d8.FullName to C:\scratchdir\Windows\WinSxS_edit\amd64_microsoft.windows.c..-controls.resources_6595b64144ccf1df_5.82.26100.1591_ca-es_584cefb2c144b7d8
Copying amd64_microsoft.windows.c..-controls.resources_6595b64144ccf1df_5.82.26100.1591_chr..-us_6bb777be5959518c.FullName to C:\scratchdir\Windows\WinSxS_edit\amd64_microsoft.windows.c..-controls.resources_6595b64144ccf1df_5.82.26100.1591_chr..-us_6bb777be5959518c
Copying amd64_microsoft.windows.c..-controls.resources_6595b64144ccf1df_5.82.26100.1591_cs-cz_5aa530ecbfd79b39.FullName to C:\scratchdir\Windows\WinSxS_edit\amd64_microsoft.windows.c..-controls.resources_6595b64144ccf1df_5.82.26100.1591_cs-cz_5aa530ecbfd79b39
Copying amd64_microsoft.windows.c..-controls.resources_6595b64144ccf1df_5.82.26100.1591_cy-gb_4fbf49f4c6e03cbb.FullName to C:\scratchdir\Windows\WinSxS_edit\amd64_microsoft.windows.c..-controls.resources_6595b64144ccf1df_5.82.26100.1591_cy-gb_4fbf49f4c6e03cbb
Copying amd64_microsoft.windows.c..-controls.resources_6595b64144ccf1df_5.82.26100.1591_da-dk_f7df1113b61d9738.FullName to C:\scratchdir\Windows\WinSxS_edit\amd64_microsoft.windows.c..-controls.resources_6595b64144ccf1df_5.82.26100.1591_da-dk_f7df1113b61d9738
Copying amd64_microsoft.windows.c..-controls.resources_6595b64144ccf1df_5.82.26100.1591_de-de_f50aa64fb7f3ebd2.FullName to C:\scratchdir\Windows\WinSxS_edit\amd64_microsoft.windows.c..-controls.resources_6595b64144ccf1df_5.82.26100.1591_de-de_f50aa64fb7f3ebd2
Copying amd64_microsoft.windows.c..-controls.resources_6595b64144ccf1df_5.82.26100.1591_el-gr_9da0d3e2a7095460.FullName to C:\scratchdir\Windows\WinSxS_edit\amd64_microsoft.windows.c..-controls.resources_6595b64144ccf1df_5.82.26100.1591_el-gr_9da0d3e2a7095460
Copying amd64_microsoft.windows.c..-controls.resources_6595b64144ccf1df_5.82.26100.1591_en-gb_9672c12aaba943d2.FullName to C:\scratchdir\Windows\WinSxS_edit\amd64_microsoft.windows.c..-controls.resources_6595b64144ccf1df_5.82.26100.1591_en-gb_9672c12aaba943d2
Copying amd64_microsoft.windows.c..-controls.resources_6595b64144ccf1df_5.82.26100.1591_en-us_9dfb7c48a6d1f797.FullName to C:\scratchdir\Windows\WinSxS_edit\amd64_microsoft.windows.c..-controls.resources_6595b64144ccf1df_5.82.26100.1591_en-us_9dfb7c48a6d1f797
Copying amd64_microsoft.windows.c..-controls.resources_6595b64144ccf1df_5.82.26100.1591_es-es_9dc6d92ca6f8e93c.FullName to C:\scratchdir\Windows\WinSxS_edit\amd64_microsoft.windows.c..-controls.resources_6595b64144ccf1df_5.82.26100.1591_es-es_9dc6d92ca6f8e93c
Copying amd64_microsoft.windows.c..-controls.resources_6595b64144ccf1df_5.82.26100.1591_es-mx_9ffdc6d2a58ccce7.FullName to C:\scratchdir\Windows\WinSxS_edit\amd64_microsoft.windows.c..-controls.resources_6595b64144ccf1df_5.82.26100.1591_es-mx_9ffdc6d2a58ccce7
Copying amd64_microsoft.windows.c..-controls.resources_6595b64144ccf1df_5.82.26100.1591_et-ee_9786a4bcaafec5cb.FullName to C:\scratchdir\Windows\WinSxS_edit\amd64_microsoft.windows.c..-controls.resources_6595b64144ccf1df_5.82.26100.1591_et-ee_9786a4bcaafec5cb
Copying amd64_microsoft.windows.c..-controls.resources_6595b64144ccf1df_5.82.26100.1591_eu-es_9db13954a709211e.FullName to C:\scratchdir\Windows\WinSxS_edit\amd64_microsoft.windows.c..-controls.resources_6595b64144ccf1df_5.82.26100.1591_eu-es_9db13954a709211e
Copying amd64_microsoft.windows.c..-controls.resources_6595b64144ccf1df_5.82.26100.1591_fa-ir_4135d97f99417180.FullName to C:\scratchdir\Windows\WinSxS_edit\amd64_microsoft.windows.c..-controls.resources_6595b64144ccf1df_5.82.26100.1591_fa-ir_4135d97f99417180
Copying amd64_microsoft.windows.c..-controls.resources_6595b64144ccf1df_5.82.26100.1591_fi-fi_3ce1ddd99c12db66.FullName to C:\scratchdir\Windows\WinSxS_edit\amd64_microsoft.windows.c..-controls.resources_6595b64144ccf1df_5.82.26100.1591_fi-fi_3ce1ddd99c12db66
Copying amd64_microsoft.windows.c..-controls.resources_6595b64144ccf1df_5.82.26100.1591_fil-ph_e11cdce5e130671d.FullName to C:\scratchdir\Windows\WinSxS_edit\amd64_microsoft.windows.c..-controls.resources_6595b64144ccf1df_5.82.26100.1591_fil-ph_e11cdce5e130671d
Copying amd64_microsoft.windows.c..-controls.resources_6595b64144ccf1df_5.82.26100.1591_fr-ca_38f499759ea365c4.FullName to C:\scratchdir\Windows\WinSxS_edit\amd64_microsoft.windows.c..-controls.resources_6595b64144ccf1df_5.82.26100.1591_fr-ca_38f499759ea365c4
Copying amd64_microsoft.windows.c..-controls.resources_6595b64144ccf1df_5.82.26100.1591_fr-fr_407e4f2b99caff9e.FullName to C:\scratchdir\Windows\WinSxS_edit\amd64_microsoft.windows.c..-controls.resources_6595b64144ccf1df_5.82.26100.1591_fr-fr_407e4f2b99caff9e
Copying amd64_microsoft.windows.c..-controls.resources_6595b64144ccf1df_5.82.26100.1591_ga-ie_de9040328f8753de.FullName to C:\scratchdir\Windows\WinSxS_edit\amd64_microsoft.windows.c..-controls.resources_6595b64144ccf1df_5.82.26100.1591_ga-ie_de9040328f8753de
Copying amd64_microsoft.windows.c..-controls.resources_6595b64144ccf1df_5.82.26100.1591_gd-gb_dd1b6874907a66da.FullName to C:\scratchdir\Windows\WinSxS_edit\amd64_microsoft.windows.c..-controls.resources_6595b64144ccf1df_5.82.26100.1591_gd-gb_dd1b6874907a66da
Copying amd64_microsoft.windows.c..-controls.resources_6595b64144ccf1df_5.82.26100.1591_gl-es_e44f10b28be26017.FullName to C:\scratchdir\Windows\WinSxS_edit\amd64_microsoft.windows.c..-controls.resources_6595b64144ccf1df_5.82.26100.1591_gl-es_e44f10b28be26017
Copying amd64_microsoft.windows.c..-controls.resources_6595b64144ccf1df_5.82.26100.1591_gu-in_e1b5c2608d98ab71.FullName to C:\scratchdir\Windows\WinSxS_edit\amd64_microsoft.windows.c..-controls.resources_6595b64144ccf1df_5.82.26100.1591_gu-in_e1b5c2608d98ab71
Copying amd64_microsoft.windows.c..-controls.resources_6595b64144ccf1df_5.82.26100.1591_he-il_849df6cd803a008c.FullName to C:\scratchdir\Windows\WinSxS_edit\amd64_microsoft.windows.c..-controls.resources_6595b64144ccf1df_5.82.26100.1591_he-il_849df6cd803a008c
Copying amd64_microsoft.windows.c..-controls.resources_6595b64144ccf1df_5.82.26100.1591_hi-in_8555c5797fc8795e.FullName to C:\scratchdir\Windows\WinSxS_edit\amd64_microsoft.windows.c..-controls.resources_6595b64144ccf1df_5.82.26100.1591_hi-in_8555c5797fc8795e
Copying amd64_microsoft.windows.c..-controls.resources_6595b64144ccf1df_5.82.26100.1591_hr-hr_86baa9ad7eed6d52.FullName to C:\scratchdir\Windows\WinSxS_edit\amd64_microsoft.windows.c..-controls.resources_6595b64144ccf1df_5.82.26100.1591_hr-hr_86baa9ad7eed6d52
Copying amd64_microsoft.windows.c..-controls.resources_6595b64144ccf1df_5.82.26100.1591_hu-hu_87eecf737e2aceba.FullName to C:\scratchdir\Windows\WinSxS_edit\amd64_microsoft.windows.c..-controls.resources_6595b64144ccf1df_5.82.26100.1591_hu-hu_87eecf737e2aceba
Copying amd64_microsoft.windows.c..-controls.resources_6595b64144ccf1df_5.82.26100.1591_hy-am_8437f5cb809266df.FullName to C:\scratchdir\Windows\WinSxS_edit\amd64_microsoft.windows.c..-controls.resources_6595b64144ccf1df_5.82.26100.1591_hy-am_8437f5cb809266df
Copying amd64_microsoft.windows.c..-controls.resources_6595b64144ccf1df_5.82.26100.1591_id-id_243ad152750add9c.FullName to C:\scratchdir\Windows\WinSxS_edit\amd64_microsoft.windows.c..-controls.resources_6595b64144ccf1df_5.82.26100.1591_id-id_243ad152750add9c
Copying amd64_microsoft.windows.c..-controls.resources_6595b64144ccf1df_5.82.26100.1591_is-is_2a3f8e30713dc4a4.FullName to C:\scratchdir\Windows\WinSxS_edit\amd64_microsoft.windows.c..-controls.resources_6595b64144ccf1df_5.82.26100.1591_is-is_2a3f8e30713dc4a4
Copying amd64_microsoft.windows.c..-controls.resources_6595b64144ccf1df_5.82.26100.1591_it-it_2aa6457270fce51c.FullName to C:\scratchdir\Windows\WinSxS_edit\amd64_microsoft.windows.c..-controls.resources_6595b64144ccf1df_5.82.26100.1591_it-it_2aa6457270fce51c
Copying amd64_microsoft.windows.c..-controls.resources_6595b64144ccf1df_5.82.26100.1591_ja-jp_cccbc47f6417f6f7.FullName to C:\scratchdir\Windows\WinSxS_edit\amd64_microsoft.windows.c..-controls.resources_6595b64144ccf1df_5.82.26100.1591_ja-jp_cccbc47f6417f6f7
Copying amd64_microsoft.windows.c..-controls.resources_6595b64144ccf1df_5.82.26100.1591_ka-ge_6b097de659cb9580.FullName to C:\scratchdir\Windows\WinSxS_edit\amd64_microsoft.windows.c..-controls.resources_6595b64144ccf1df_5.82.26100.1591_ka-ge_6b097de659cb9580
Copying amd64_microsoft.windows.c..-controls.resources_6595b64144ccf1df_5.82.26100.1591_kk-kz_73ed1a5454207281.FullName to C:\scratchdir\Windows\WinSxS_edit\amd64_microsoft.windows.c..-controls.resources_6595b64144ccf1df_5.82.26100.1591_kk-kz_73ed1a5454207281
Copying amd64_microsoft.windows.c..-controls.resources_6595b64144ccf1df_5.82.26100.1591_km-kh_6bdbf940595258e5.FullName to C:\scratchdir\Windows\WinSxS_edit\amd64_microsoft.windows.c..-controls.resources_6595b64144ccf1df_5.82.26100.1591_km-kh_6bdbf940595258e5
Copying amd64_microsoft.windows.c..-controls.resources_6595b64144ccf1df_5.82.26100.1591_kn-in_6e7a81f857a45cbe.FullName to C:\scratchdir\Windows\WinSxS_edit\amd64_microsoft.windows.c..-controls.resources_6595b64144ccf1df_5.82.26100.1591_kn-in_6e7a81f857a45cbe
Copying amd64_microsoft.windows.c..-controls.resources_6595b64144ccf1df_5.82.26100.1591_ko-kr_7035a1345688be0d.FullName to C:\scratchdir\Windows\WinSxS_edit\amd64_microsoft.windows.c..-controls.resources_6595b64144ccf1df_5.82.26100.1591_ko-kr_7035a1345688be0d
Copying amd64_microsoft.windows.c..-controls.resources_6595b64144ccf1df_5.82.26100.1591_kok-in_1dd89cb753d5a9b2.FullName to C:\scratchdir\Windows\WinSxS_edit\amd64_microsoft.windows.c..-controls.resources_6595b64144ccf1df_5.82.26100.1591_kok-in_1dd89cb753d5a9b2
Copying amd64_microsoft.windows.c..-controls.resources_6595b64144ccf1df_5.82.26100.1591_lb-lu_1534f2fb47d5973f.FullName to C:\scratchdir\Windows\WinSxS_edit\amd64_microsoft.windows.c..-controls.resources_6595b64144ccf1df_5.82.26100.1591_lb-lu_1534f2fb47d5973f
Copying amd64_microsoft.windows.c..-controls.resources_6595b64144ccf1df_5.82.26100.1591_lo-la_0bc9d4674df2a7f0.FullName to C:\scratchdir\Windows\WinSxS_edit\amd64_microsoft.windows.c..-controls.resources_6595b64144ccf1df_5.82.26100.1591_lo-la_0bc9d4674df2a7f0
Copying amd64_microsoft.windows.c..-controls.resources_6595b64144ccf1df_5.82.26100.1591_lt-lt_1400cd3548b089aa.FullName to C:\scratchdir\Windows\WinSxS_edit\amd64_microsoft.windows.c..-controls.resources_6595b64144ccf1df_5.82.26100.1591_lt-lt_1400cd3548b089aa
Copying amd64_microsoft.windows.c..-controls.resources_6595b64144ccf1df_5.82.26100.1591_lv-lv_14ce3bb9482eca9a.FullName to C:\scratchdir\Windows\WinSxS_edit\amd64_microsoft.windows.c..-controls.resources_6595b64144ccf1df_5.82.26100.1591_lv-lv_14ce3bb9482eca9a
Copying amd64_microsoft.windows.c..-controls.resources_6595b64144ccf1df_5.82.26100.1591_mi-nz_ba3efde63932c1f4.FullName to C:\scratchdir\Windows\WinSxS_edit\amd64_microsoft.windows.c..-controls.resources_6595b64144ccf1df_5.82.26100.1591_mi-nz_ba3efde63932c1f4
Copying amd64_microsoft.windows.c..-controls.resources_6595b64144ccf1df_5.82.26100.1591_mk-mk_b38289243d899c4c.FullName to C:\scratchdir\Windows\WinSxS_edit\amd64_microsoft.windows.c..-controls.resources_6595b64144ccf1df_5.82.26100.1591_mk-mk_b38289243d899c4c
Copying amd64_microsoft.windows.c..-controls.resources_6595b64144ccf1df_5.82.26100.1591_ml-in_b4cca9e23cb65f4e.FullName to C:\scratchdir\Windows\WinSxS_edit\amd64_microsoft.windows.c..-controls.resources_6595b64144ccf1df_5.82.26100.1591_ml-in_b4cca9e23cb65f4e
Copying amd64_microsoft.windows.c..-controls.resources_6595b64144ccf1df_5.82.26100.1591_mr-in_b48bca5a3ce706f4.FullName to C:\scratchdir\Windows\WinSxS_edit\amd64_microsoft.windows.c..-controls.resources_6595b64144ccf1df_5.82.26100.1591_mr-in_b48bca5a3ce706f4
Copying amd64_microsoft.windows.c..-controls.resources_6595b64144ccf1df_5.82.26100.1591_ms-my_b9616e4839ccbb36.FullName to C:\scratchdir\Windows\WinSxS_edit\amd64_microsoft.windows.c..-controls.resources_6595b64144ccf1df_5.82.26100.1591_ms-my_b9616e4839ccbb36
Copying amd64_microsoft.windows.c..-controls.resources_6595b64144ccf1df_5.82.26100.1591_mt-mt_b71efa763b41c084.FullName to C:\scratchdir\Windows\WinSxS_edit\amd64_microsoft.windows.c..-controls.resources_6595b64144ccf1df_5.82.26100.1591_mt-mt_b71efa763b41c084
Copying amd64_microsoft.windows.c..-controls.resources_6595b64144ccf1df_5.82.26100.1591_nb-no_58c822692eade9c9.FullName to C:\scratchdir\Windows\WinSxS_edit\amd64_microsoft.windows.c..-controls.resources_6595b64144ccf1df_5.82.26100.1591_nb-no_58c822692eade9c9
Copying amd64_microsoft.windows.c..-controls.resources_6595b64144ccf1df_5.82.26100.1591_ne-np_591939d32e7d4223.FullName to C:\scratchdir\Windows\WinSxS_edit\amd64_microsoft.windows.c..-controls.resources_6595b64144ccf1df_5.82.26100.1591_ne-np_591939d32e7d4223
Copying amd64_microsoft.windows.c..-controls.resources_6595b64144ccf1df_5.82.26100.1591_nl-nl_57076da72fd9f39e.FullName to C:\scratchdir\Windows\WinSxS_edit\amd64_microsoft.windows.c..-controls.resources_6595b64144ccf1df_5.82.26100.1591_nl-nl_57076da72fd9f39e
Copying amd64_microsoft.windows.c..-controls.resources_6595b64144ccf1df_5.82.26100.1591_nn-no_584663592f0f3915.FullName to C:\scratchdir\Windows\WinSxS_edit\amd64_microsoft.windows.c..-controls.resources_6595b64144ccf1df_5.82.26100.1591_nn-no_584663592f0f3915
Copying amd64_microsoft.windows.c..-controls.resources_6595b64144ccf1df_5.82.26100.1591_or-in_fac8526c22094166.FullName to C:\scratchdir\Windows\WinSxS_edit\amd64_microsoft.windows.c..-controls.resources_6595b64144ccf1df_5.82.26100.1591_or-in_fac8526c22094166
Copying amd64_microsoft.windows.c..-controls.resources_6595b64144ccf1df_5.82.26100.1591_pa-in_9e9e65211410839e.FullName to C:\scratchdir\Windows\WinSxS_edit\amd64_microsoft.windows.c..-controls.resources_6595b64144ccf1df_5.82.26100.1591_pa-in_9e9e65211410839e
Copying amd64_microsoft.windows.c..-controls.resources_6595b64144ccf1df_5.82.26100.1591_pl-pl_9d43c82914fc6152.FullName to C:\scratchdir\Windows\WinSxS_edit\amd64_microsoft.windows.c..-controls.resources_6595b64144ccf1df_5.82.26100.1591_pl-pl_9d43c82914fc6152
Copying amd64_microsoft.windows.c..-controls.resources_6595b64144ccf1df_5.82.26100.1591_pt-br_9f97b2cd1385f536.FullName to C:\scratchdir\Windows\WinSxS_edit\amd64_microsoft.windows.c..-controls.resources_6595b64144ccf1df_5.82.26100.1591_pt-br_9f97b2cd1385f536
Copying amd64_microsoft.windows.c..-controls.resources_6595b64144ccf1df_5.82.26100.1591_pt-pt_a079823912f56512.FullName to C:\scratchdir\Windows\WinSxS_edit\amd64_microsoft.windows.c..-controls.resources_6595b64144ccf1df_5.82.26100.1591_pt-pt_a079823912f56512
Copying amd64_microsoft.windows.c..-controls.resources_6595b64144ccf1df_5.82.26100.1591_qps-ploc_5c9773f9ea1ce396.FullName to C:\scratchdir\Windows\WinSxS_edit\amd64_microsoft.windows.c..-controls.resources_6595b64144ccf1df_5.82.26100.1591_qps-ploc_5c9773f9ea1ce396
Copying amd64_microsoft.windows.c..-controls.resources_6595b64144ccf1df_5.82.26100.1591_qps..ocm_f6f4a1af4ffb5cdf.FullName to C:\scratchdir\Windows\WinSxS_edit\amd64_microsoft.windows.c..-controls.resources_6595b64144ccf1df_5.82.26100.1591_qps..ocm_f6f4a1af4ffb5cdf
Copying amd64_microsoft.windows.c..-controls.resources_6595b64144ccf1df_5.82.26100.1591_quz-pe_049a3889b4863b33.FullName to C:\scratchdir\Windows\WinSxS_edit\amd64_microsoft.windows.c..-controls.resources_6595b64144ccf1df_5.82.26100.1591_quz-pe_049a3889b4863b33
Copying amd64_microsoft.windows.c..-controls.resources_6595b64144ccf1df_5.82.26100.1591_ro-ro_e4b44870f95c306e.FullName to C:\scratchdir\Windows\WinSxS_edit\amd64_microsoft.windows.c..-controls.resources_6595b64144ccf1df_5.82.26100.1591_ro-ro_e4b44870f95c306e
Copying amd64_microsoft.windows.c..-controls.resources_6595b64144ccf1df_5.82.26100.1591_ru-ru_e71c93fcf7d6f33e.FullName to C:\scratchdir\Windows\WinSxS_edit\amd64_microsoft.windows.c..-controls.resources_6595b64144ccf1df_5.82.26100.1591_ru-ru_e71c93fcf7d6f33e
Copying amd64_microsoft.windows.c..-controls.resources_6595b64144ccf1df_5.82.26100.1591_sk-sk_863798a9ecf0e568.FullName to C:\scratchdir\Windows\WinSxS_edit\amd64_microsoft.windows.c..-controls.resources_6595b64144ccf1df_5.82.26100.1591_sk-sk_863798a9ecf0e568
Copying amd64_microsoft.windows.c..-controls.resources_6595b64144ccf1df_5.82.26100.1591_sl-si_8549ba61ed8af84b.FullName to C:\scratchdir\Windows\WinSxS_edit\amd64_microsoft.windows.c..-controls.resources_6595b64144ccf1df_5.82.26100.1591_sl-si_8549ba61ed8af84b
Copying amd64_microsoft.windows.c..-controls.resources_6595b64144ccf1df_5.82.26100.1591_sq-al_8669da5fecd6c443.FullName to C:\scratchdir\Windows\WinSxS_edit\amd64_microsoft.windows.c..-controls.resources_6595b64144ccf1df_5.82.26100.1591_sq-al_8669da5fecd6c443
Copying amd64_microsoft.windows.c..-controls.resources_6595b64144ccf1df_5.82.26100.1591_sr-..-ba_e25d79b00175668f.FullName to C:\scratchdir\Windows\WinSxS_edit\amd64_microsoft.windows.c..-controls.resources_6595b64144ccf1df_5.82.26100.1591_sr-..-ba_e25d79b00175668f
Copying amd64_microsoft.windows.c..-controls.resources_6595b64144ccf1df_5.82.26100.1591_sr-..-rs_2b7a22a6629c9f7c.FullName to C:\scratchdir\Windows\WinSxS_edit\amd64_microsoft.windows.c..-controls.resources_6595b64144ccf1df_5.82.26100.1591_sr-..-rs_2b7a22a6629c9f7c
Copying amd64_microsoft.windows.c..-controls.resources_6595b64144ccf1df_5.82.26100.1591_sr-..-rs_e8b34df7fd77a5f1.FullName to C:\scratchdir\Windows\WinSxS_edit\amd64_microsoft.windows.c..-controls.resources_6595b64144ccf1df_5.82.26100.1591_sr-..-rs_e8b34df7fd77a5f1
Copying amd64_microsoft.windows.c..-controls.resources_6595b64144ccf1df_5.82.26100.1591_sv-se_83177e71eefffd99.FullName to C:\scratchdir\Windows\WinSxS_edit\amd64_microsoft.windows.c..-controls.resources_6595b64144ccf1df_5.82.26100.1591_sv-se_83177e71eefffd99
Copying amd64_microsoft.windows.c..-controls.resources_6595b64144ccf1df_5.82.26100.1591_ta-in_2b177544de54f882.FullName to C:\scratchdir\Windows\WinSxS_edit\amd64_microsoft.windows.c..-controls.resources_6595b64144ccf1df_5.82.26100.1591_ta-in_2b177544de54f882
Copying amd64_microsoft.windows.c..-controls.resources_6595b64144ccf1df_5.82.26100.1591_te-in_2aec3594de756846.FullName to C:\scratchdir\Windows\WinSxS_edit\amd64_microsoft.windows.c..-controls.resources_6595b64144ccf1df_5.82.26100.1591_te-in_2aec3594de756846
Copying amd64_microsoft.windows.c..-controls.resources_6595b64144ccf1df_5.82.26100.1591_th-th_2821a024e044bada.FullName to C:\scratchdir\Windows\WinSxS_edit\amd64_microsoft.windows.c..-controls.resources_6595b64144ccf1df_5.82.26100.1591_th-th_2821a024e044bada
Copying amd64_microsoft.windows.c..-controls.resources_6595b64144ccf1df_5.82.26100.1591_tr-tr_2c24c8b8ddbbff8a.FullName to C:\scratchdir\Windows\WinSxS_edit\amd64_microsoft.windows.c..-controls.resources_6595b64144ccf1df_5.82.26100.1591_tr-tr_2c24c8b8ddbbff8a
Copying amd64_microsoft.windows.c..-controls.resources_6595b64144ccf1df_5.82.26100.1591_tt-ru_2d63ebfadcf111bf.FullName to C:\scratchdir\Windows\WinSxS_edit\amd64_microsoft.windows.c..-controls.resources_6595b64144ccf1df_5.82.26100.1591_tt-ru_2d63ebfadcf111bf
Copying amd64_microsoft.windows.c..-controls.resources_6595b64144ccf1df_5.82.26100.1591_ug-cn_cdf56275d116239b.FullName to C:\scratchdir\Windows\WinSxS_edit\amd64_microsoft.windows.c..-controls.resources_6595b64144ccf1df_5.82.26100.1591_ug-cn_cdf56275d116239b
Copying amd64_microsoft.windows.c..-controls.resources_6595b64144ccf1df_5.82.26100.1591_uk-ua_c804ab5fd4ed25d6.FullName to C:\scratchdir\Windows\WinSxS_edit\amd64_microsoft.windows.c..-controls.resources_6595b64144ccf1df_5.82.26100.1591_uk-ua_c804ab5fd4ed25d6
Copying amd64_microsoft.windows.c..-controls.resources_6595b64144ccf1df_5.82.26100.1591_ur-pk_cc28b59fd24b968e.FullName to C:\scratchdir\Windows\WinSxS_edit\amd64_microsoft.windows.c..-controls.resources_6595b64144ccf1df_5.82.26100.1591_ur-pk_cc28b59fd24b968e
Copying amd64_microsoft.windows.c..-controls.resources_6595b64144ccf1df_5.82.26100.1591_uz-..-uz_0fbfb1c9f2926e3e.FullName to C:\scratchdir\Windows\WinSxS_edit\amd64_microsoft.windows.c..-controls.resources_6595b64144ccf1df_5.82.26100.1591_uz-..-uz_0fbfb1c9f2926e3e
Copying amd64_microsoft.windows.c..-controls.resources_6595b64144ccf1df_5.82.26100.1591_vi-vn_70fc55cec3b95fa9.FullName to C:\scratchdir\Windows\WinSxS_edit\amd64_microsoft.windows.c..-controls.resources_6595b64144ccf1df_5.82.26100.1591_vi-vn_70fc55cec3b95fa9
Copying amd64_microsoft.windows.c..-controls.resources_6595b64144ccf1df_5.82.26100.1591_zh-cn_fd81e6b68df3d1a9.FullName to C:\scratchdir\Windows\WinSxS_edit\amd64_microsoft.windows.c..-controls.resources_6595b64144ccf1df_5.82.26100.1591_zh-cn_fd81e6b68df3d1a9
Copying amd64_microsoft.windows.c..-controls.resources_6595b64144ccf1df_5.82.26100.1591_zh-tw_017e240c8b64ae19.FullName to C:\scratchdir\Windows\WinSxS_edit\amd64_microsoft.windows.c..-controls.resources_6595b64144ccf1df_5.82.26100.1591_zh-tw_017e240c8b64ae19
Copying amd64_microsoft.windows.c..-controls.resources_6595b64144ccf1df_6.0.26100.1591_af-za_bffc71164a70d52b.FullName to C:\scratchdir\Windows\WinSxS_edit\amd64_microsoft.windows.c..-controls.resources_6595b64144ccf1df_6.0.26100.1591_af-za_bffc71164a70d52b
Copying amd64_microsoft.windows.c..-controls.resources_6595b64144ccf1df_6.0.26100.1591_am-et_c81fa874453cd492.FullName to C:\scratchdir\Windows\WinSxS_edit\amd64_microsoft.windows.c..-controls.resources_6595b64144ccf1df_6.0.26100.1591_am-et_c81fa874453cd492
Copying amd64_microsoft.windows.c..-controls.resources_6595b64144ccf1df_6.0.26100.1591_ar-sa_bf7b517e4ad17110.FullName to C:\scratchdir\Windows\WinSxS_edit\amd64_microsoft.windows.c..-controls.resources_6595b64144ccf1df_6.0.26100.1591_ar-sa_bf7b517e4ad17110
Copying amd64_microsoft.windows.c..-controls.resources_6595b64144ccf1df_6.0.26100.1591_as-in_c53542b84723c792.FullName to C:\scratchdir\Windows\WinSxS_edit\amd64_microsoft.windows.c..-controls.resources_6595b64144ccf1df_6.0.26100.1591_as-in_c53542b84723c792
Copying amd64_microsoft.windows.c..-controls.resources_6595b64144ccf1df_6.0.26100.1591_az-..-az_8da326133698427f.FullName to C:\scratchdir\Windows\WinSxS_edit\amd64_microsoft.windows.c..-controls.resources_6595b64144ccf1df_6.0.26100.1591_az-..-az_8da326133698427f
Copying amd64_microsoft.windows.c..-controls.resources_6595b64144ccf1df_6.0.26100.1591_be-by_6dcc541b361fdc03.FullName to C:\scratchdir\Windows\WinSxS_edit\amd64_microsoft.windows.c..-controls.resources_6595b64144ccf1df_6.0.26100.1591_be-by_6dcc541b361fdc03
Copying amd64_microsoft.windows.c..-controls.resources_6595b64144ccf1df_6.0.26100.1591_bg-bg_65bb33073b51c267.FullName to C:\scratchdir\Windows\WinSxS_edit\amd64_microsoft.windows.c..-controls.resources_6595b64144ccf1df_6.0.26100.1591_bg-bg_65bb33073b51c267
Copying amd64_microsoft.windows.c..-controls.resources_6595b64144ccf1df_6.0.26100.1591_bn-in_6889965d398c5916.FullName to C:\scratchdir\Windows\WinSxS_edit\amd64_microsoft.windows.c..-controls.resources_6595b64144ccf1df_6.0.26100.1591_bn-in_6889965d398c5916
Copying amd64_microsoft.windows.c..-controls.resources_6595b64144ccf1df_6.0.26100.1591_bs-..-ba_e86ac10b5011556d.FullName to C:\scratchdir\Windows\WinSxS_edit\amd64_microsoft.windows.c..-controls.resources_6595b64144ccf1df_6.0.26100.1591_bs-..-ba_e86ac10b5011556d
Copying amd64_microsoft.windows.c..-controls.resources_6595b64144ccf1df_6.0.26100.1591_ca-..cia_5f85416859dd9a5d.FullName to C:\scratchdir\Windows\WinSxS_edit\amd64_microsoft.windows.c..-controls.resources_6595b64144ccf1df_6.0.26100.1591_ca-..cia_5f85416859dd9a5d
Copying amd64_microsoft.windows.c..-controls.resources_6595b64144ccf1df_6.0.26100.1591_ca-es_0e6c68682a46bb31.FullName to C:\scratchdir\Windows\WinSxS_edit\amd64_microsoft.windows.c..-controls.resources_6595b64144ccf1df_6.0.26100.1591_ca-es_0e6c68682a46bb31
Copying amd64_microsoft.windows.c..-controls.resources_6595b64144ccf1df_6.0.26100.1591_chr..-us_21d6f073c25b54e5.FullName to C:\scratchdir\Windows\WinSxS_edit\amd64_microsoft.windows.c..-controls.resources_6595b64144ccf1df_6.0.26100.1591_chr..-us_21d6f073c25b54e5
Copying amd64_microsoft.windows.c..-controls.resources_6595b64144ccf1df_6.0.26100.1591_cs-cz_10c4a9a228d99e92.FullName to C:\scratchdir\Windows\WinSxS_edit\amd64_microsoft.windows.c..-controls.resources_6595b64144ccf1df_6.0.26100.1591_cs-cz_10c4a9a228d99e92
Copying amd64_microsoft.windows.c..-controls.resources_6595b64144ccf1df_6.0.26100.1591_cy-gb_05dec2aa2fe24014.FullName to C:\scratchdir\Windows\WinSxS_edit\amd64_microsoft.windows.c..-controls.resources_6595b64144ccf1df_6.0.26100.1591_cy-gb_05dec2aa2fe24014
Copying amd64_microsoft.windows.c..-controls.resources_6595b64144ccf1df_6.0.26100.1591_da-dk_adfe89c91f1f9a91.FullName to C:\scratchdir\Windows\WinSxS_edit\amd64_microsoft.windows.c..-controls.resources_6595b64144ccf1df_6.0.26100.1591_da-dk_adfe89c91f1f9a91
Copying amd64_microsoft.windows.c..-controls.resources_6595b64144ccf1df_6.0.26100.1591_de-de_ab2a1f0520f5ef2b.FullName to C:\scratchdir\Windows\WinSxS_edit\amd64_microsoft.windows.c..-controls.resources_6595b64144ccf1df_6.0.26100.1591_de-de_ab2a1f0520f5ef2b
Copying amd64_microsoft.windows.c..-controls.resources_6595b64144ccf1df_6.0.26100.1591_el-gr_53c04c98100b57b9.FullName to C:\scratchdir\Windows\WinSxS_edit\amd64_microsoft.windows.c..-controls.resources_6595b64144ccf1df_6.0.26100.1591_el-gr_53c04c98100b57b9
Copying amd64_microsoft.windows.c..-controls.resources_6595b64144ccf1df_6.0.26100.1591_en-gb_4c9239e014ab472b.FullName to C:\scratchdir\Windows\WinSxS_edit\amd64_microsoft.windows.c..-controls.resources_6595b64144ccf1df_6.0.26100.1591_en-gb_4c9239e014ab472b
Copying amd64_microsoft.windows.c..-controls.resources_6595b64144ccf1df_6.0.26100.1591_en-us_541af4fe0fd3faf0.FullName to C:\scratchdir\Windows\WinSxS_edit\amd64_microsoft.windows.c..-controls.resources_6595b64144ccf1df_6.0.26100.1591_en-us_541af4fe0fd3faf0
Copying amd64_microsoft.windows.c..-controls.resources_6595b64144ccf1df_6.0.26100.1591_es-es_53e651e20ffaec95.FullName to C:\scratchdir\Windows\WinSxS_edit\amd64_microsoft.windows.c..-controls.resources_6595b64144ccf1df_6.0.26100.1591_es-es_53e651e20ffaec95
Copying amd64_microsoft.windows.c..-controls.resources_6595b64144ccf1df_6.0.26100.1591_es-mx_561d3f880e8ed040.FullName to C:\scratchdir\Windows\WinSxS_edit\amd64_microsoft.windows.c..-controls.resources_6595b64144ccf1df_6.0.26100.1591_es-mx_561d3f880e8ed040
Copying amd64_microsoft.windows.c..-controls.resources_6595b64144ccf1df_6.0.26100.1591_et-ee_4da61d721400c924.FullName to C:\scratchdir\Windows\WinSxS_edit\amd64_microsoft.windows.c..-controls.resources_6595b64144ccf1df_6.0.26100.1591_et-ee_4da61d721400c924
Copying amd64_microsoft.windows.c..-controls.resources_6595b64144ccf1df_6.0.26100.1591_eu-es_53d0b20a100b2477.FullName to C:\scratchdir\Windows\WinSxS_edit\amd64_microsoft.windows.c..-controls.resources_6595b64144ccf1df_6.0.26100.1591_eu-es_53d0b20a100b2477
Copying amd64_microsoft.windows.c..-controls.resources_6595b64144ccf1df_6.0.26100.1591_fa-ir_f7555235024374d9.FullName to C:\scratchdir\Windows\WinSxS_edit\amd64_microsoft.windows.c..-controls.resources_6595b64144ccf1df_6.0.26100.1591_fa-ir_f7555235024374d9
Copying amd64_microsoft.windows.c..-controls.resources_6595b64144ccf1df_6.0.26100.1591_fi-fi_f301568f0514debf.FullName to C:\scratchdir\Windows\WinSxS_edit\amd64_microsoft.windows.c..-controls.resources_6595b64144ccf1df_6.0.26100.1591_fi-fi_f301568f0514debf
Copying amd64_microsoft.windows.c..-controls.resources_6595b64144ccf1df_6.0.26100.1591_fil-ph_973c559b4a326a76.FullName to C:\scratchdir\Windows\WinSxS_edit\amd64_microsoft.windows.c..-controls.resources_6595b64144ccf1df_6.0.26100.1591_fil-ph_973c559b4a326a76
Copying amd64_microsoft.windows.c..-controls.resources_6595b64144ccf1df_6.0.26100.1591_fr-ca_ef14122b07a5691d.FullName to C:\scratchdir\Windows\WinSxS_edit\amd64_microsoft.windows.c..-controls.resources_6595b64144ccf1df_6.0.26100.1591_fr-ca_ef14122b07a5691d
Copying amd64_microsoft.windows.c..-controls.resources_6595b64144ccf1df_6.0.26100.1591_fr-fr_f69dc7e102cd02f7.FullName to C:\scratchdir\Windows\WinSxS_edit\amd64_microsoft.windows.c..-controls.resources_6595b64144ccf1df_6.0.26100.1591_fr-fr_f69dc7e102cd02f7
Copying amd64_microsoft.windows.c..-controls.resources_6595b64144ccf1df_6.0.26100.1591_ga-ie_94afb8e7f8895737.FullName to C:\scratchdir\Windows\WinSxS_edit\amd64_microsoft.windows.c..-controls.resources_6595b64144ccf1df_6.0.26100.1591_ga-ie_94afb8e7f8895737
Copying amd64_microsoft.windows.c..-controls.resources_6595b64144ccf1df_6.0.26100.1591_gd-gb_933ae129f97c6a33.FullName to C:\scratchdir\Windows\WinSxS_edit\amd64_microsoft.windows.c..-controls.resources_6595b64144ccf1df_6.0.26100.1591_gd-gb_933ae129f97c6a33
Copying amd64_microsoft.windows.c..-controls.resources_6595b64144ccf1df_6.0.26100.1591_gl-es_9a6e8967f4e46370.FullName to C:\scratchdir\Windows\WinSxS_edit\amd64_microsoft.windows.c..-controls.resources_6595b64144ccf1df_6.0.26100.1591_gl-es_9a6e8967f4e46370
Copying amd64_microsoft.windows.c..-controls.resources_6595b64144ccf1df_6.0.26100.1591_gu-in_97d53b15f69aaeca.FullName to C:\scratchdir\Windows\WinSxS_edit\amd64_microsoft.windows.c..-controls.resources_6595b64144ccf1df_6.0.26100.1591_gu-in_97d53b15f69aaeca
Copying amd64_microsoft.windows.c..-controls.resources_6595b64144ccf1df_6.0.26100.1591_he-il_3abd6f82e93c03e5.FullName to C:\scratchdir\Windows\WinSxS_edit\amd64_microsoft.windows.c..-controls.resources_6595b64144ccf1df_6.0.26100.1591_he-il_3abd6f82e93c03e5
Copying amd64_microsoft.windows.c..-controls.resources_6595b64144ccf1df_6.0.26100.1591_hi-in_3b753e2ee8ca7cb7.FullName to C:\scratchdir\Windows\WinSxS_edit\amd64_microsoft.windows.c..-controls.resources_6595b64144ccf1df_6.0.26100.1591_hi-in_3b753e2ee8ca7cb7
Copying amd64_microsoft.windows.c..-controls.resources_6595b64144ccf1df_6.0.26100.1591_hr-hr_3cda2262e7ef70ab.FullName to C:\scratchdir\Windows\WinSxS_edit\amd64_microsoft.windows.c..-controls.resources_6595b64144ccf1df_6.0.26100.1591_hr-hr_3cda2262e7ef70ab
Copying amd64_microsoft.windows.c..-controls.resources_6595b64144ccf1df_6.0.26100.1591_hu-hu_3e0e4828e72cd213.FullName to C:\scratchdir\Windows\WinSxS_edit\amd64_microsoft.windows.c..-controls.resources_6595b64144ccf1df_6.0.26100.1591_hu-hu_3e0e4828e72cd213
Copying amd64_microsoft.windows.c..-controls.resources_6595b64144ccf1df_6.0.26100.1591_hy-am_3a576e80e9946a38.FullName to C:\scratchdir\Windows\WinSxS_edit\amd64_microsoft.windows.c..-controls.resources_6595b64144ccf1df_6.0.26100.1591_hy-am_3a576e80e9946a38
Copying amd64_microsoft.windows.c..-controls.resources_6595b64144ccf1df_6.0.26100.1591_id-id_da5a4a07de0ce0f5.FullName to C:\scratchdir\Windows\WinSxS_edit\amd64_microsoft.windows.c..-controls.resources_6595b64144ccf1df_6.0.26100.1591_id-id_da5a4a07de0ce0f5
Copying amd64_microsoft.windows.c..-controls.resources_6595b64144ccf1df_6.0.26100.1591_is-is_e05f06e5da3fc7fd.FullName to C:\scratchdir\Windows\WinSxS_edit\amd64_microsoft.windows.c..-controls.resources_6595b64144ccf1df_6.0.26100.1591_is-is_e05f06e5da3fc7fd
Copying amd64_microsoft.windows.c..-controls.resources_6595b64144ccf1df_6.0.26100.1591_it-it_e0c5be27d9fee875.FullName to C:\scratchdir\Windows\WinSxS_edit\amd64_microsoft.windows.c..-controls.resources_6595b64144ccf1df_6.0.26100.1591_it-it_e0c5be27d9fee875
Copying amd64_microsoft.windows.c..-controls.resources_6595b64144ccf1df_6.0.26100.1591_ja-jp_82eb3d34cd19fa50.FullName to C:\scratchdir\Windows\WinSxS_edit\amd64_microsoft.windows.c..-controls.resources_6595b64144ccf1df_6.0.26100.1591_ja-jp_82eb3d34cd19fa50
Copying amd64_microsoft.windows.c..-controls.resources_6595b64144ccf1df_6.0.26100.1591_ka-ge_2128f69bc2cd98d9.FullName to C:\scratchdir\Windows\WinSxS_edit\amd64_microsoft.windows.c..-controls.resources_6595b64144ccf1df_6.0.26100.1591_ka-ge_2128f69bc2cd98d9
Copying amd64_microsoft.windows.c..-controls.resources_6595b64144ccf1df_6.0.26100.1591_kk-kz_2a0c9309bd2275da.FullName to C:\scratchdir\Windows\WinSxS_edit\amd64_microsoft.windows.c..-controls.resources_6595b64144ccf1df_6.0.26100.1591_kk-kz_2a0c9309bd2275da
Copying amd64_microsoft.windows.c..-controls.resources_6595b64144ccf1df_6.0.26100.1591_km-kh_21fb71f5c2545c3e.FullName to C:\scratchdir\Windows\WinSxS_edit\amd64_microsoft.windows.c..-controls.resources_6595b64144ccf1df_6.0.26100.1591_km-kh_21fb71f5c2545c3e
Copying amd64_microsoft.windows.c..-controls.resources_6595b64144ccf1df_6.0.26100.1591_kn-in_2499faadc0a66017.FullName to C:\scratchdir\Windows\WinSxS_edit\amd64_microsoft.windows.c..-controls.resources_6595b64144ccf1df_6.0.26100.1591_kn-in_2499faadc0a66017
Copying amd64_microsoft.windows.c..-controls.resources_6595b64144ccf1df_6.0.26100.1591_ko-kr_265519e9bf8ac166.FullName to C:\scratchdir\Windows\WinSxS_edit\amd64_microsoft.windows.c..-controls.resources_6595b64144ccf1df_6.0.26100.1591_ko-kr_265519e9bf8ac166
Copying amd64_microsoft.windows.c..-controls.resources_6595b64144ccf1df_6.0.26100.1591_kok-in_d3f8156cbcd7ad0b.FullName to C:\scratchdir\Windows\WinSxS_edit\amd64_microsoft.windows.c..-controls.resources_6595b64144ccf1df_6.0.26100.1591_kok-in_d3f8156cbcd7ad0b
Copying amd64_microsoft.windows.c..-controls.resources_6595b64144ccf1df_6.0.26100.1591_lb-lu_cb546bb0b0d79a98.FullName to C:\scratchdir\Windows\WinSxS_edit\amd64_microsoft.windows.c..-controls.resources_6595b64144ccf1df_6.0.26100.1591_lb-lu_cb546bb0b0d79a98
Copying amd64_microsoft.windows.c..-controls.resources_6595b64144ccf1df_6.0.26100.1591_lo-la_c1e94d1cb6f4ab49.FullName to C:\scratchdir\Windows\WinSxS_edit\amd64_microsoft.windows.c..-controls.resources_6595b64144ccf1df_6.0.26100.1591_lo-la_c1e94d1cb6f4ab49
Copying amd64_microsoft.windows.c..-controls.resources_6595b64144ccf1df_6.0.26100.1591_lt-lt_ca2045eab1b28d03.FullName to C:\scratchdir\Windows\WinSxS_edit\amd64_microsoft.windows.c..-controls.resources_6595b64144ccf1df_6.0.26100.1591_lt-lt_ca2045eab1b28d03
Copying amd64_microsoft.windows.c..-controls.resources_6595b64144ccf1df_6.0.26100.1591_lv-lv_caedb46eb130cdf3.FullName to C:\scratchdir\Windows\WinSxS_edit\amd64_microsoft.windows.c..-controls.resources_6595b64144ccf1df_6.0.26100.1591_lv-lv_caedb46eb130cdf3
Copying amd64_microsoft.windows.c..-controls.resources_6595b64144ccf1df_6.0.26100.1591_mi-nz_705e769ba234c54d.FullName to C:\scratchdir\Windows\WinSxS_edit\amd64_microsoft.windows.c..-controls.resources_6595b64144ccf1df_6.0.26100.1591_mi-nz_705e769ba234c54d
Copying amd64_microsoft.windows.c..-controls.resources_6595b64144ccf1df_6.0.26100.1591_mk-mk_69a201d9a68b9fa5.FullName to C:\scratchdir\Windows\WinSxS_edit\amd64_microsoft.windows.c..-controls.resources_6595b64144ccf1df_6.0.26100.1591_mk-mk_69a201d9a68b9fa5
Copying amd64_microsoft.windows.c..-controls.resources_6595b64144ccf1df_6.0.26100.1591_ml-in_6aec2297a5b862a7.FullName to C:\scratchdir\Windows\WinSxS_edit\amd64_microsoft.windows.c..-controls.resources_6595b64144ccf1df_6.0.26100.1591_ml-in_6aec2297a5b862a7
Copying amd64_microsoft.windows.c..-controls.resources_6595b64144ccf1df_6.0.26100.1591_mr-in_6aab430fa5e90a4d.FullName to C:\scratchdir\Windows\WinSxS_edit\amd64_microsoft.windows.c..-controls.resources_6595b64144ccf1df_6.0.26100.1591_mr-in_6aab430fa5e90a4d
Copying amd64_microsoft.windows.c..-controls.resources_6595b64144ccf1df_6.0.26100.1591_ms-my_6f80e6fda2cebe8f.FullName to C:\scratchdir\Windows\WinSxS_edit\amd64_microsoft.windows.c..-controls.resources_6595b64144ccf1df_6.0.26100.1591_ms-my_6f80e6fda2cebe8f
Copying amd64_microsoft.windows.c..-controls.resources_6595b64144ccf1df_6.0.26100.1591_mt-mt_6d3e732ba443c3dd.FullName to C:\scratchdir\Windows\WinSxS_edit\amd64_microsoft.windows.c..-controls.resources_6595b64144ccf1df_6.0.26100.1591_mt-mt_6d3e732ba443c3dd
Copying amd64_microsoft.windows.c..-controls.resources_6595b64144ccf1df_6.0.26100.1591_nb-no_0ee79b1e97afed22.FullName to C:\scratchdir\Windows\WinSxS_edit\amd64_microsoft.windows.c..-controls.resources_6595b64144ccf1df_6.0.26100.1591_nb-no_0ee79b1e97afed22
Copying amd64_microsoft.windows.c..-controls.resources_6595b64144ccf1df_6.0.26100.1591_ne-np_0f38b288977f457c.FullName to C:\scratchdir\Windows\WinSxS_edit\amd64_microsoft.windows.c..-controls.resources_6595b64144ccf1df_6.0.26100.1591_ne-np_0f38b288977f457c
Copying amd64_microsoft.windows.c..-controls.resources_6595b64144ccf1df_6.0.26100.1591_nl-nl_0d26e65c98dbf6f7.FullName to C:\scratchdir\Windows\WinSxS_edit\amd64_microsoft.windows.c..-controls.resources_6595b64144ccf1df_6.0.26100.1591_nl-nl_0d26e65c98dbf6f7
Copying amd64_microsoft.windows.c..-controls.resources_6595b64144ccf1df_6.0.26100.1591_nn-no_0e65dc0e98113c6e.FullName to C:\scratchdir\Windows\WinSxS_edit\amd64_microsoft.windows.c..-controls.resources_6595b64144ccf1df_6.0.26100.1591_nn-no_0e65dc0e98113c6e
Copying amd64_microsoft.windows.c..-controls.resources_6595b64144ccf1df_6.0.26100.1591_or-in_b0e7cb218b0b44bf.FullName to C:\scratchdir\Windows\WinSxS_edit\amd64_microsoft.windows.c..-controls.resources_6595b64144ccf1df_6.0.26100.1591_or-in_b0e7cb218b0b44bf
Copying amd64_microsoft.windows.c..-controls.resources_6595b64144ccf1df_6.0.26100.1591_pa-in_54bdddd67d1286f7.FullName to C:\scratchdir\Windows\WinSxS_edit\amd64_microsoft.windows.c..-controls.resources_6595b64144ccf1df_6.0.26100.1591_pa-in_54bdddd67d1286f7
Copying amd64_microsoft.windows.c..-controls.resources_6595b64144ccf1df_6.0.26100.1591_pl-pl_536340de7dfe64ab.FullName to C:\scratchdir\Windows\WinSxS_edit\amd64_microsoft.windows.c..-controls.resources_6595b64144ccf1df_6.0.26100.1591_pl-pl_536340de7dfe64ab
Copying amd64_microsoft.windows.c..-controls.resources_6595b64144ccf1df_6.0.26100.1591_pt-br_55b72b827c87f88f.FullName to C:\scratchdir\Windows\WinSxS_edit\amd64_microsoft.windows.c..-controls.resources_6595b64144ccf1df_6.0.26100.1591_pt-br_55b72b827c87f88f
Copying amd64_microsoft.windows.c..-controls.resources_6595b64144ccf1df_6.0.26100.1591_pt-pt_5698faee7bf7686b.FullName to C:\scratchdir\Windows\WinSxS_edit\amd64_microsoft.windows.c..-controls.resources_6595b64144ccf1df_6.0.26100.1591_pt-pt_5698faee7bf7686b
Copying amd64_microsoft.windows.c..-controls.resources_6595b64144ccf1df_6.0.26100.1591_qps-ploc_12b6ecaf531ee6ef.FullName to C:\scratchdir\Windows\WinSxS_edit\amd64_microsoft.windows.c..-controls.resources_6595b64144ccf1df_6.0.26100.1591_qps-ploc_12b6ecaf531ee6ef
Copying amd64_microsoft.windows.c..-controls.resources_6595b64144ccf1df_6.0.26100.1591_qps..ocm_ad141a64b8fd6038.FullName to C:\scratchdir\Windows\WinSxS_edit\amd64_microsoft.windows.c..-controls.resources_6595b64144ccf1df_6.0.26100.1591_qps..ocm_ad141a64b8fd6038
Copying amd64_microsoft.windows.c..-controls.resources_6595b64144ccf1df_6.0.26100.1591_quz-pe_bab9b13f1d883e8c.FullName to C:\scratchdir\Windows\WinSxS_edit\amd64_microsoft.windows.c..-controls.resources_6595b64144ccf1df_6.0.26100.1591_quz-pe_bab9b13f1d883e8c
Copying amd64_microsoft.windows.c..-controls.resources_6595b64144ccf1df_6.0.26100.1591_ro-ro_9ad3c126625e33c7.FullName to C:\scratchdir\Windows\WinSxS_edit\amd64_microsoft.windows.c..-controls.resources_6595b64144ccf1df_6.0.26100.1591_ro-ro_9ad3c126625e33c7
Copying amd64_microsoft.windows.c..-controls.resources_6595b64144ccf1df_6.0.26100.1591_ru-ru_9d3c0cb260d8f697.FullName to C:\scratchdir\Windows\WinSxS_edit\amd64_microsoft.windows.c..-controls.resources_6595b64144ccf1df_6.0.26100.1591_ru-ru_9d3c0cb260d8f697
Copying amd64_microsoft.windows.c..-controls.resources_6595b64144ccf1df_6.0.26100.1591_sk-sk_3c57115f55f2e8c1.FullName to C:\scratchdir\Windows\WinSxS_edit\amd64_microsoft.windows.c..-controls.resources_6595b64144ccf1df_6.0.26100.1591_sk-sk_3c57115f55f2e8c1
Copying amd64_microsoft.windows.c..-controls.resources_6595b64144ccf1df_6.0.26100.1591_sl-si_3b693317568cfba4.FullName to C:\scratchdir\Windows\WinSxS_edit\amd64_microsoft.windows.c..-controls.resources_6595b64144ccf1df_6.0.26100.1591_sl-si_3b693317568cfba4
Copying amd64_microsoft.windows.c..-controls.resources_6595b64144ccf1df_6.0.26100.1591_sq-al_3c89531555d8c79c.FullName to C:\scratchdir\Windows\WinSxS_edit\amd64_microsoft.windows.c..-controls.resources_6595b64144ccf1df_6.0.26100.1591_sq-al_3c89531555d8c79c
Copying amd64_microsoft.windows.c..-controls.resources_6595b64144ccf1df_6.0.26100.1591_sr-..-ba_987cf2656a7769e8.FullName to C:\scratchdir\Windows\WinSxS_edit\amd64_microsoft.windows.c..-controls.resources_6595b64144ccf1df_6.0.26100.1591_sr-..-ba_987cf2656a7769e8
Copying amd64_microsoft.windows.c..-controls.resources_6595b64144ccf1df_6.0.26100.1591_sr-..-rs_9ed2c6ad6679a94a.FullName to C:\scratchdir\Windows\WinSxS_edit\amd64_microsoft.windows.c..-controls.resources_6595b64144ccf1df_6.0.26100.1591_sr-..-rs_9ed2c6ad6679a94a
Copying amd64_microsoft.windows.c..-controls.resources_6595b64144ccf1df_6.0.26100.1591_sr-..-rs_e1999b5bcb9ea2d5.FullName to C:\scratchdir\Windows\WinSxS_edit\amd64_microsoft.windows.c..-controls.resources_6595b64144ccf1df_6.0.26100.1591_sr-..-rs_e1999b5bcb9ea2d5
Copying amd64_microsoft.windows.c..-controls.resources_6595b64144ccf1df_6.0.26100.1591_sv-se_3936f727580200f2.FullName to C:\scratchdir\Windows\WinSxS_edit\amd64_microsoft.windows.c..-controls.resources_6595b64144ccf1df_6.0.26100.1591_sv-se_3936f727580200f2
Copying amd64_microsoft.windows.c..-controls.resources_6595b64144ccf1df_6.0.26100.1591_ta-in_e136edfa4756fbdb.FullName to C:\scratchdir\Windows\WinSxS_edit\amd64_microsoft.windows.c..-controls.resources_6595b64144ccf1df_6.0.26100.1591_ta-in_e136edfa4756fbdb
Copying amd64_microsoft.windows.c..-controls.resources_6595b64144ccf1df_6.0.26100.1591_te-in_e10bae4a47776b9f.FullName to C:\scratchdir\Windows\WinSxS_edit\amd64_microsoft.windows.c..-controls.resources_6595b64144ccf1df_6.0.26100.1591_te-in_e10bae4a47776b9f
Copying amd64_microsoft.windows.c..-controls.resources_6595b64144ccf1df_6.0.26100.1591_th-th_de4118da4946be33.FullName to C:\scratchdir\Windows\WinSxS_edit\amd64_microsoft.windows.c..-controls.resources_6595b64144ccf1df_6.0.26100.1591_th-th_de4118da4946be33
Copying amd64_microsoft.windows.c..-controls.resources_6595b64144ccf1df_6.0.26100.1591_tr-tr_e244416e46be02e3.FullName to C:\scratchdir\Windows\WinSxS_edit\amd64_microsoft.windows.c..-controls.resources_6595b64144ccf1df_6.0.26100.1591_tr-tr_e244416e46be02e3
Copying amd64_microsoft.windows.c..-controls.resources_6595b64144ccf1df_6.0.26100.1591_tt-ru_e38364b045f31518.FullName to C:\scratchdir\Windows\WinSxS_edit\amd64_microsoft.windows.c..-controls.resources_6595b64144ccf1df_6.0.26100.1591_tt-ru_e38364b045f31518
Copying amd64_microsoft.windows.c..-controls.resources_6595b64144ccf1df_6.0.26100.1591_ug-cn_8414db2b3a1826f4.FullName to C:\scratchdir\Windows\WinSxS_edit\amd64_microsoft.windows.c..-controls.resources_6595b64144ccf1df_6.0.26100.1591_ug-cn_8414db2b3a1826f4
Copying amd64_microsoft.windows.c..-controls.resources_6595b64144ccf1df_6.0.26100.1591_uk-ua_7e2424153def292f.FullName to C:\scratchdir\Windows\WinSxS_edit\amd64_microsoft.windows.c..-controls.resources_6595b64144ccf1df_6.0.26100.1591_uk-ua_7e2424153def292f
Copying amd64_microsoft.windows.c..-controls.resources_6595b64144ccf1df_6.0.26100.1591_ur-pk_82482e553b4d99e7.FullName to C:\scratchdir\Windows\WinSxS_edit\amd64_microsoft.windows.c..-controls.resources_6595b64144ccf1df_6.0.26100.1591_ur-pk_82482e553b4d99e7
Copying amd64_microsoft.windows.c..-controls.resources_6595b64144ccf1df_6.0.26100.1591_uz-..-uz_c5df2a7f5b947197.FullName to C:\scratchdir\Windows\WinSxS_edit\amd64_microsoft.windows.c..-controls.resources_6595b64144ccf1df_6.0.26100.1591_uz-..-uz_c5df2a7f5b947197
Copying amd64_microsoft.windows.c..-controls.resources_6595b64144ccf1df_6.0.26100.1591_vi-vn_271bce842cbb6302.FullName to C:\scratchdir\Windows\WinSxS_edit\amd64_microsoft.windows.c..-controls.resources_6595b64144ccf1df_6.0.26100.1591_vi-vn_271bce842cbb6302
Copying amd64_microsoft.windows.c..-controls.resources_6595b64144ccf1df_6.0.26100.1591_zh-cn_b3a15f6bf6f5d502.FullName to C:\scratchdir\Windows\WinSxS_edit\amd64_microsoft.windows.c..-controls.resources_6595b64144ccf1df_6.0.26100.1591_zh-cn_b3a15f6bf6f5d502
Copying amd64_microsoft.windows.c..-controls.resources_6595b64144ccf1df_6.0.26100.1591_zh-tw_b79d9cc1f466b172.FullName to C:\scratchdir\Windows\WinSxS_edit\amd64_microsoft.windows.c..-controls.resources_6595b64144ccf1df_6.0.26100.1591_zh-tw_b79d9cc1f466b172
Copying amd64_microsoft.windows.common-controls_6595b64144ccf1df_5.82.26100.8037_none_87ebc5097a2f9e52.FullName to C:\scratchdir\Windows\WinSxS_edit\amd64_microsoft.windows.common-controls_6595b64144ccf1df_5.82.26100.8037_none_87ebc5097a2f9e52
Copying amd64_microsoft.windows.common-controls_6595b64144ccf1df_6.0.26100.8037_none_3e092faae333b53b.FullName to C:\scratchdir\Windows\WinSxS_edit\amd64_microsoft.windows.common-controls_6595b64144ccf1df_6.0.26100.8037_none_3e092faae333b53b
Copying amd64_microsoft.windows.gdiplus_6595b64144ccf1df_1.0.26100.8036_none_7fa2ca73a4c03bc1.FullName to C:\scratchdir\Windows\WinSxS_edit\amd64_microsoft.windows.gdiplus_6595b64144ccf1df_1.0.26100.8036_none_7fa2ca73a4c03bc1
Copying amd64_microsoft.windows.gdiplus_6595b64144ccf1df_1.1.26100.8036_none_6ef439583dc61568.FullName to C:\scratchdir\Windows\WinSxS_edit\amd64_microsoft.windows.gdiplus_6595b64144ccf1df_1.1.26100.8036_none_6ef439583dc61568
Copying amd64_microsoft.windows.i..utomation.proxystub_6595b64144ccf1df_1.0.26100.5074_none_9910702c70834c7b.FullName to C:\scratchdir\Windows\WinSxS_edit\amd64_microsoft.windows.i..utomation.proxystub_6595b64144ccf1df_1.0.26100.5074_none_9910702c70834c7b
Copying amd64_microsoft.windows.isolationautomation_6595b64144ccf1df_1.0.26100.5074_none_ef991ef911793267.FullName to C:\scratchdir\Windows\WinSxS_edit\amd64_microsoft.windows.isolationautomation_6595b64144ccf1df_1.0.26100.5074_none_ef991ef911793267
Copying amd64_microsoft-windows-s..stack-inetsrv-extra_31bf3856ad364e35_10.0.26100.1_none_3623c33a0a3667ee.FullName to C:\scratchdir\Windows\WinSxS_edit\amd64_microsoft-windows-s..stack-inetsrv-extra_31bf3856ad364e35_10.0.26100.1_none_3623c33a0a3667ee
Copying amd64_microsoft-windows-s..stack-inetsrv-extra_31bf3856ad364e35_10.0.26100.8035_none_d51fd60a518dd383.FullName to C:\scratchdir\Windows\WinSxS_edit\amd64_microsoft-windows-s..stack-inetsrv-extra_31bf3856ad364e35_10.0.26100.8035_none_d51fd60a518dd383
Copying amd64_microsoft-windows-s..stack-msg.resources_31bf3856ad364e35_10.0.26100.1_en-gb_57b07bce00b748db.FullName to C:\scratchdir\Windows\WinSxS_edit\amd64_microsoft-windows-s..stack-msg.resources_31bf3856ad364e35_10.0.26100.1_en-gb_57b07bce00b748db
Copying amd64_microsoft-windows-s..stack-termsrv-extra_31bf3856ad364e35_10.0.26100.1_none_0fc47adfa8400bc0.FullName to C:\scratchdir\Windows\WinSxS_edit\amd64_microsoft-windows-s..stack-termsrv-extra_31bf3856ad364e35_10.0.26100.1_none_0fc47adfa8400bc0
Copying amd64_microsoft-windows-s..stack-termsrv-extra_31bf3856ad364e35_10.0.26100.8035_none_aec08dafef977755.FullName to C:\scratchdir\Windows\WinSxS_edit\amd64_microsoft-windows-s..stack-termsrv-extra_31bf3856ad364e35_10.0.26100.8035_none_aec08dafef977755
Copying amd64_microsoft-windows-servicingstack_31bf3856ad364e35_10.0.26100.1_none_065309a92fd714e9.FullName to C:\scratchdir\Windows\WinSxS_edit\amd64_microsoft-windows-servicingstack_31bf3856ad364e35_10.0.26100.1_none_065309a92fd714e9
Copying amd64_microsoft-windows-servicingstack_31bf3856ad364e35_10.0.26100.8035_none_a54f1c79772e807e.FullName to C:\scratchdir\Windows\WinSxS_edit\amd64_microsoft-windows-servicingstack_31bf3856ad364e35_10.0.26100.8035_none_a54f1c79772e807e
Copying amd64_microsoft-windows-servicingstack-inetsrv_31bf3856ad364e35_10.0.26100.1_none_3220d817cf846111.FullName to C:\scratchdir\Windows\WinSxS_edit\amd64_microsoft-windows-servicingstack-inetsrv_31bf3856ad364e35_10.0.26100.1_none_3220d817cf846111
Copying amd64_microsoft-windows-servicingstack-inetsrv_31bf3856ad364e35_10.0.26100.8035_none_d11ceae816dbcca6.FullName to C:\scratchdir\Windows\WinSxS_edit\amd64_microsoft-windows-servicingstack-inetsrv_31bf3856ad364e35_10.0.26100.8035_none_d11ceae816dbcca6
Copying amd64_microsoft-windows-servicingstack-msg_31bf3856ad364e35_10.0.26100.1882_none_da3dde43db2792e7.FullName to C:\scratchdir\Windows\WinSxS_edit\amd64_microsoft-windows-servicingstack-msg_31bf3856ad364e35_10.0.26100.1882_none_da3dde43db2792e7
Copying amd64_microsoft-windows-servicingstack-msg_31bf3856ad364e35_10.0.26100.1_none_3b9312539394020b.FullName to C:\scratchdir\Windows\WinSxS_edit\amd64_microsoft-windows-servicingstack-msg_31bf3856ad364e35_10.0.26100.1_none_3b9312539394020b
Copying amd64_microsoft-windows-servicingstack-onecore_31bf3856ad364e35_10.0.26100.1_none_3b449eba87da327f.FullName to C:\scratchdir\Windows\WinSxS_edit\amd64_microsoft-windows-servicingstack-onecore_31bf3856ad364e35_10.0.26100.1_none_3b449eba87da327f
Copying amd64_microsoft-windows-servicingstack-onecore_31bf3856ad364e35_10.0.26100.8035_none_da40b18acf319e14.FullName to C:\scratchdir\Windows\WinSxS_edit\amd64_microsoft-windows-servicingstack-onecore_31bf3856ad364e35_10.0.26100.8035_none_da40b18acf319e14
Copying Catalogs.FullName to C:\scratchdir\Windows\WinSxS_edit\Catalogs
Copying FileMaps.FullName to C:\scratchdir\Windows\WinSxS_edit\FileMaps
Copying Fusion.FullName to C:\scratchdir\Windows\WinSxS_edit\Fusion
Copying InstallTemp.FullName to C:\scratchdir\Windows\WinSxS_edit\InstallTemp
Copying Manifests.FullName to C:\scratchdir\Windows\WinSxS_edit\Manifests
Copying x86_microsoft.vc80.crt_1fc8b3b9a1e18e3b_8.0.50727.9680_none_d090cb7c44278b28.FullName to C:\scratchdir\Windows\WinSxS_edit\x86_microsoft.vc80.crt_1fc8b3b9a1e18e3b_8.0.50727.9680_none_d090cb7c44278b28
Copying x86_microsoft.vc90.crt_1fc8b3b9a1e18e3b_9.0.30729.9635_none_508ff82ebcbafee0.FullName to C:\scratchdir\Windows\WinSxS_edit\x86_microsoft.vc90.crt_1fc8b3b9a1e18e3b_9.0.30729.9635_none_508ff82ebcbafee0
Copying x86_microsoft.windows.c..-controls.resources_6595b64144ccf1df_5.82.26100.1591_af-za_518a2f37f5eafad8.FullName to C:\scratchdir\Windows\WinSxS_edit\x86_microsoft.windows.c..-controls.resources_6595b64144ccf1df_5.82.26100.1591_af-za_518a2f37f5eafad8
Copying x86_microsoft.windows.c..-controls.resources_6595b64144ccf1df_5.82.26100.1591_am-et_59ad6695f0b6fa3f.FullName to C:\scratchdir\Windows\WinSxS_edit\x86_microsoft.windows.c..-controls.resources_6595b64144ccf1df_5.82.26100.1591_am-et_59ad6695f0b6fa3f
Copying x86_microsoft.windows.c..-controls.resources_6595b64144ccf1df_5.82.26100.1591_ar-sa_51090f9ff64b96bd.FullName to C:\scratchdir\Windows\WinSxS_edit\x86_microsoft.windows.c..-controls.resources_6595b64144ccf1df_5.82.26100.1591_ar-sa_51090f9ff64b96bd
Copying x86_microsoft.windows.c..-controls.resources_6595b64144ccf1df_5.82.26100.1591_as-in_56c300d9f29ded3f.FullName to C:\scratchdir\Windows\WinSxS_edit\x86_microsoft.windows.c..-controls.resources_6595b64144ccf1df_5.82.26100.1591_as-in_56c300d9f29ded3f
Copying x86_microsoft.windows.c..-controls.resources_6595b64144ccf1df_5.82.26100.1591_az-..-az_1f30e434e212682c.FullName to C:\scratchdir\Windows\WinSxS_edit\x86_microsoft.windows.c..-controls.resources_6595b64144ccf1df_5.82.26100.1591_az-..-az_1f30e434e212682c
Copying x86_microsoft.windows.c..-controls.resources_6595b64144ccf1df_5.82.26100.1591_be-by_ff5a123ce19a01b0.FullName to C:\scratchdir\Windows\WinSxS_edit\x86_microsoft.windows.c..-controls.resources_6595b64144ccf1df_5.82.26100.1591_be-by_ff5a123ce19a01b0
Copying x86_microsoft.windows.c..-controls.resources_6595b64144ccf1df_5.82.26100.1591_bg-bg_f748f128e6cbe814.FullName to C:\scratchdir\Windows\WinSxS_edit\x86_microsoft.windows.c..-controls.resources_6595b64144ccf1df_5.82.26100.1591_bg-bg_f748f128e6cbe814
Copying x86_microsoft.windows.c..-controls.resources_6595b64144ccf1df_5.82.26100.1591_bn-in_fa17547ee5067ec3.FullName to C:\scratchdir\Windows\WinSxS_edit\x86_microsoft.windows.c..-controls.resources_6595b64144ccf1df_5.82.26100.1591_bn-in_fa17547ee5067ec3
Copying x86_microsoft.windows.c..-controls.resources_6595b64144ccf1df_5.82.26100.1591_bs-..-ba_79f87f2cfb8b7b1a.FullName to C:\scratchdir\Windows\WinSxS_edit\x86_microsoft.windows.c..-controls.resources_6595b64144ccf1df_5.82.26100.1591_bs-..-ba_79f87f2cfb8b7b1a
Copying x86_microsoft.windows.c..-controls.resources_6595b64144ccf1df_5.82.26100.1591_ca-..cia_f112ff8a0557c00a.FullName to C:\scratchdir\Windows\WinSxS_edit\x86_microsoft.windows.c..-controls.resources_6595b64144ccf1df_5.82.26100.1591_ca-..cia_f112ff8a0557c00a
Copying x86_microsoft.windows.c..-controls.resources_6595b64144ccf1df_5.82.26100.1591_ca-es_9ffa2689d5c0e0de.FullName to C:\scratchdir\Windows\WinSxS_edit\x86_microsoft.windows.c..-controls.resources_6595b64144ccf1df_5.82.26100.1591_ca-es_9ffa2689d5c0e0de
Copying x86_microsoft.windows.c..-controls.resources_6595b64144ccf1df_5.82.26100.1591_chr..-us_b364ae956dd57a92.FullName to C:\scratchdir\Windows\WinSxS_edit\x86_microsoft.windows.c..-controls.resources_6595b64144ccf1df_5.82.26100.1591_chr..-us_b364ae956dd57a92
Copying x86_microsoft.windows.c..-controls.resources_6595b64144ccf1df_5.82.26100.1591_cs-cz_a25267c3d453c43f.FullName to C:\scratchdir\Windows\WinSxS_edit\x86_microsoft.windows.c..-controls.resources_6595b64144ccf1df_5.82.26100.1591_cs-cz_a25267c3d453c43f
Copying x86_microsoft.windows.c..-controls.resources_6595b64144ccf1df_5.82.26100.1591_cy-gb_976c80cbdb5c65c1.FullName to C:\scratchdir\Windows\WinSxS_edit\x86_microsoft.windows.c..-controls.resources_6595b64144ccf1df_5.82.26100.1591_cy-gb_976c80cbdb5c65c1
Copying x86_microsoft.windows.c..-controls.resources_6595b64144ccf1df_5.82.26100.1591_da-dk_3f8c47eaca99c03e.FullName to C:\scratchdir\Windows\WinSxS_edit\x86_microsoft.windows.c..-controls.resources_6595b64144ccf1df_5.82.26100.1591_da-dk_3f8c47eaca99c03e
Copying x86_microsoft.windows.c..-controls.resources_6595b64144ccf1df_5.82.26100.1591_de-de_3cb7dd26cc7014d8.FullName to C:\scratchdir\Windows\WinSxS_edit\x86_microsoft.windows.c..-controls.resources_6595b64144ccf1df_5.82.26100.1591_de-de_3cb7dd26cc7014d8
Copying x86_microsoft.windows.c..-controls.resources_6595b64144ccf1df_5.82.26100.1591_el-gr_e54e0ab9bb857d66.FullName to C:\scratchdir\Windows\WinSxS_edit\x86_microsoft.windows.c..-controls.resources_6595b64144ccf1df_5.82.26100.1591_el-gr_e54e0ab9bb857d66
Copying x86_microsoft.windows.c..-controls.resources_6595b64144ccf1df_5.82.26100.1591_en-gb_de1ff801c0256cd8.FullName to C:\scratchdir\Windows\WinSxS_edit\x86_microsoft.windows.c..-controls.resources_6595b64144ccf1df_5.82.26100.1591_en-gb_de1ff801c0256cd8
Copying x86_microsoft.windows.c..-controls.resources_6595b64144ccf1df_5.82.26100.1591_en-us_e5a8b31fbb4e209d.FullName to C:\scratchdir\Windows\WinSxS_edit\x86_microsoft.windows.c..-controls.resources_6595b64144ccf1df_5.82.26100.1591_en-us_e5a8b31fbb4e209d
Copying x86_microsoft.windows.c..-controls.resources_6595b64144ccf1df_5.82.26100.1591_es-es_e5741003bb751242.FullName to C:\scratchdir\Windows\WinSxS_edit\x86_microsoft.windows.c..-controls.resources_6595b64144ccf1df_5.82.26100.1591_es-es_e5741003bb751242
Copying x86_microsoft.windows.c..-controls.resources_6595b64144ccf1df_5.82.26100.1591_es-mx_e7aafda9ba08f5ed.FullName to C:\scratchdir\Windows\WinSxS_edit\x86_microsoft.windows.c..-controls.resources_6595b64144ccf1df_5.82.26100.1591_es-mx_e7aafda9ba08f5ed
Copying x86_microsoft.windows.c..-controls.resources_6595b64144ccf1df_5.82.26100.1591_et-ee_df33db93bf7aeed1.FullName to C:\scratchdir\Windows\WinSxS_edit\x86_microsoft.windows.c..-controls.resources_6595b64144ccf1df_5.82.26100.1591_et-ee_df33db93bf7aeed1
Copying x86_microsoft.windows.c..-controls.resources_6595b64144ccf1df_5.82.26100.1591_eu-es_e55e702bbb854a24.FullName to C:\scratchdir\Windows\WinSxS_edit\x86_microsoft.windows.c..-controls.resources_6595b64144ccf1df_5.82.26100.1591_eu-es_e55e702bbb854a24
Copying x86_microsoft.windows.c..-controls.resources_6595b64144ccf1df_5.82.26100.1591_fa-ir_88e31056adbd9a86.FullName to C:\scratchdir\Windows\WinSxS_edit\x86_microsoft.windows.c..-controls.resources_6595b64144ccf1df_5.82.26100.1591_fa-ir_88e31056adbd9a86
Copying x86_microsoft.windows.c..-controls.resources_6595b64144ccf1df_5.82.26100.1591_fi-fi_848f14b0b08f046c.FullName to C:\scratchdir\Windows\WinSxS_edit\x86_microsoft.windows.c..-controls.resources_6595b64144ccf1df_5.82.26100.1591_fi-fi_848f14b0b08f046c
Copying x86_microsoft.windows.c..-controls.resources_6595b64144ccf1df_5.82.26100.1591_fil-ph_28ca13bcf5ac9023.FullName to C:\scratchdir\Windows\WinSxS_edit\x86_microsoft.windows.c..-controls.resources_6595b64144ccf1df_5.82.26100.1591_fil-ph_28ca13bcf5ac9023
Copying x86_microsoft.windows.c..-controls.resources_6595b64144ccf1df_5.82.26100.1591_fr-ca_80a1d04cb31f8eca.FullName to C:\scratchdir\Windows\WinSxS_edit\x86_microsoft.windows.c..-controls.resources_6595b64144ccf1df_5.82.26100.1591_fr-ca_80a1d04cb31f8eca
Copying x86_microsoft.windows.c..-controls.resources_6595b64144ccf1df_5.82.26100.1591_fr-fr_882b8602ae4728a4.FullName to C:\scratchdir\Windows\WinSxS_edit\x86_microsoft.windows.c..-controls.resources_6595b64144ccf1df_5.82.26100.1591_fr-fr_882b8602ae4728a4
Copying x86_microsoft.windows.c..-controls.resources_6595b64144ccf1df_5.82.26100.1591_ga-ie_263d7709a4037ce4.FullName to C:\scratchdir\Windows\WinSxS_edit\x86_microsoft.windows.c..-controls.resources_6595b64144ccf1df_5.82.26100.1591_ga-ie_263d7709a4037ce4
Copying x86_microsoft.windows.c..-controls.resources_6595b64144ccf1df_5.82.26100.1591_gd-gb_24c89f4ba4f68fe0.FullName to C:\scratchdir\Windows\WinSxS_edit\x86_microsoft.windows.c..-controls.resources_6595b64144ccf1df_5.82.26100.1591_gd-gb_24c89f4ba4f68fe0
Copying x86_microsoft.windows.c..-controls.resources_6595b64144ccf1df_5.82.26100.1591_gl-es_2bfc4789a05e891d.FullName to C:\scratchdir\Windows\WinSxS_edit\x86_microsoft.windows.c..-controls.resources_6595b64144ccf1df_5.82.26100.1591_gl-es_2bfc4789a05e891d
Copying x86_microsoft.windows.c..-controls.resources_6595b64144ccf1df_5.82.26100.1591_gu-in_2962f937a214d477.FullName to C:\scratchdir\Windows\WinSxS_edit\x86_microsoft.windows.c..-controls.resources_6595b64144ccf1df_5.82.26100.1591_gu-in_2962f937a214d477
Copying x86_microsoft.windows.c..-controls.resources_6595b64144ccf1df_5.82.26100.1591_he-il_cc4b2da494b62992.FullName to C:\scratchdir\Windows\WinSxS_edit\x86_microsoft.windows.c..-controls.resources_6595b64144ccf1df_5.82.26100.1591_he-il_cc4b2da494b62992
Copying x86_microsoft.windows.c..-controls.resources_6595b64144ccf1df_5.82.26100.1591_hi-in_cd02fc509444a264.FullName to C:\scratchdir\Windows\WinSxS_edit\x86_microsoft.windows.c..-controls.resources_6595b64144ccf1df_5.82.26100.1591_hi-in_cd02fc509444a264
Copying x86_microsoft.windows.c..-controls.resources_6595b64144ccf1df_5.82.26100.1591_hr-hr_ce67e08493699658.FullName to C:\scratchdir\Windows\WinSxS_edit\x86_microsoft.windows.c..-controls.resources_6595b64144ccf1df_5.82.26100.1591_hr-hr_ce67e08493699658
Copying x86_microsoft.windows.c..-controls.resources_6595b64144ccf1df_5.82.26100.1591_hu-hu_cf9c064a92a6f7c0.FullName to C:\scratchdir\Windows\WinSxS_edit\x86_microsoft.windows.c..-controls.resources_6595b64144ccf1df_5.82.26100.1591_hu-hu_cf9c064a92a6f7c0
Copying x86_microsoft.windows.c..-controls.resources_6595b64144ccf1df_5.82.26100.1591_hy-am_cbe52ca2950e8fe5.FullName to C:\scratchdir\Windows\WinSxS_edit\x86_microsoft.windows.c..-controls.resources_6595b64144ccf1df_5.82.26100.1591_hy-am_cbe52ca2950e8fe5
Copying x86_microsoft.windows.c..-controls.resources_6595b64144ccf1df_5.82.26100.1591_id-id_6be80829898706a2.FullName to C:\scratchdir\Windows\WinSxS_edit\x86_microsoft.windows.c..-controls.resources_6595b64144ccf1df_5.82.26100.1591_id-id_6be80829898706a2
Copying x86_microsoft.windows.c..-controls.resources_6595b64144ccf1df_5.82.26100.1591_is-is_71ecc50785b9edaa.FullName to C:\scratchdir\Windows\WinSxS_edit\x86_microsoft.windows.c..-controls.resources_6595b64144ccf1df_5.82.26100.1591_is-is_71ecc50785b9edaa
Copying x86_microsoft.windows.c..-controls.resources_6595b64144ccf1df_5.82.26100.1591_it-it_72537c4985790e22.FullName to C:\scratchdir\Windows\WinSxS_edit\x86_microsoft.windows.c..-controls.resources_6595b64144ccf1df_5.82.26100.1591_it-it_72537c4985790e22
Copying x86_microsoft.windows.c..-controls.resources_6595b64144ccf1df_5.82.26100.1591_ja-jp_1478fb5678941ffd.FullName to C:\scratchdir\Windows\WinSxS_edit\x86_microsoft.windows.c..-controls.resources_6595b64144ccf1df_5.82.26100.1591_ja-jp_1478fb5678941ffd
Copying x86_microsoft.windows.c..-controls.resources_6595b64144ccf1df_5.82.26100.1591_ka-ge_b2b6b4bd6e47be86.FullName to C:\scratchdir\Windows\WinSxS_edit\x86_microsoft.windows.c..-controls.resources_6595b64144ccf1df_5.82.26100.1591_ka-ge_b2b6b4bd6e47be86
Copying x86_microsoft.windows.c..-controls.resources_6595b64144ccf1df_5.82.26100.1591_kk-kz_bb9a512b689c9b87.FullName to C:\scratchdir\Windows\WinSxS_edit\x86_microsoft.windows.c..-controls.resources_6595b64144ccf1df_5.82.26100.1591_kk-kz_bb9a512b689c9b87
Copying x86_microsoft.windows.c..-controls.resources_6595b64144ccf1df_5.82.26100.1591_km-kh_b38930176dce81eb.FullName to C:\scratchdir\Windows\WinSxS_edit\x86_microsoft.windows.c..-controls.resources_6595b64144ccf1df_5.82.26100.1591_km-kh_b38930176dce81eb
Copying x86_microsoft.windows.c..-controls.resources_6595b64144ccf1df_5.82.26100.1591_kn-in_b627b8cf6c2085c4.FullName to C:\scratchdir\Windows\WinSxS_edit\x86_microsoft.windows.c..-controls.resources_6595b64144ccf1df_5.82.26100.1591_kn-in_b627b8cf6c2085c4
Copying x86_microsoft.windows.c..-controls.resources_6595b64144ccf1df_5.82.26100.1591_ko-kr_b7e2d80b6b04e713.FullName to C:\scratchdir\Windows\WinSxS_edit\x86_microsoft.windows.c..-controls.resources_6595b64144ccf1df_5.82.26100.1591_ko-kr_b7e2d80b6b04e713
Copying x86_microsoft.windows.c..-controls.resources_6595b64144ccf1df_5.82.26100.1591_kok-in_6585d38e6851d2b8.FullName to C:\scratchdir\Windows\WinSxS_edit\x86_microsoft.windows.c..-controls.resources_6595b64144ccf1df_5.82.26100.1591_kok-in_6585d38e6851d2b8
Copying x86_microsoft.windows.c..-controls.resources_6595b64144ccf1df_5.82.26100.1591_lb-lu_5ce229d25c51c045.FullName to C:\scratchdir\Windows\WinSxS_edit\x86_microsoft.windows.c..-controls.resources_6595b64144ccf1df_5.82.26100.1591_lb-lu_5ce229d25c51c045
Copying x86_microsoft.windows.c..-controls.resources_6595b64144ccf1df_5.82.26100.1591_lo-la_53770b3e626ed0f6.FullName to C:\scratchdir\Windows\WinSxS_edit\x86_microsoft.windows.c..-controls.resources_6595b64144ccf1df_5.82.26100.1591_lo-la_53770b3e626ed0f6
Copying x86_microsoft.windows.c..-controls.resources_6595b64144ccf1df_5.82.26100.1591_lt-lt_5bae040c5d2cb2b0.FullName to C:\scratchdir\Windows\WinSxS_edit\x86_microsoft.windows.c..-controls.resources_6595b64144ccf1df_5.82.26100.1591_lt-lt_5bae040c5d2cb2b0
Copying x86_microsoft.windows.c..-controls.resources_6595b64144ccf1df_5.82.26100.1591_lv-lv_5c7b72905caaf3a0.FullName to C:\scratchdir\Windows\WinSxS_edit\x86_microsoft.windows.c..-controls.resources_6595b64144ccf1df_5.82.26100.1591_lv-lv_5c7b72905caaf3a0
Copying x86_microsoft.windows.c..-controls.resources_6595b64144ccf1df_5.82.26100.1591_mi-nz_01ec34bd4daeeafa.FullName to C:\scratchdir\Windows\WinSxS_edit\x86_microsoft.windows.c..-controls.resources_6595b64144ccf1df_5.82.26100.1591_mi-nz_01ec34bd4daeeafa
Copying x86_microsoft.windows.c..-controls.resources_6595b64144ccf1df_5.82.26100.1591_mk-mk_fb2fbffb5205c552.FullName to C:\scratchdir\Windows\WinSxS_edit\x86_microsoft.windows.c..-controls.resources_6595b64144ccf1df_5.82.26100.1591_mk-mk_fb2fbffb5205c552
Copying x86_microsoft.windows.c..-controls.resources_6595b64144ccf1df_5.82.26100.1591_ml-in_fc79e0b951328854.FullName to C:\scratchdir\Windows\WinSxS_edit\x86_microsoft.windows.c..-controls.resources_6595b64144ccf1df_5.82.26100.1591_ml-in_fc79e0b951328854
Copying x86_microsoft.windows.c..-controls.resources_6595b64144ccf1df_5.82.26100.1591_mr-in_fc39013151632ffa.FullName to C:\scratchdir\Windows\WinSxS_edit\x86_microsoft.windows.c..-controls.resources_6595b64144ccf1df_5.82.26100.1591_mr-in_fc39013151632ffa
Copying x86_microsoft.windows.c..-controls.resources_6595b64144ccf1df_5.82.26100.1591_ms-my_010ea51f4e48e43c.FullName to C:\scratchdir\Windows\WinSxS_edit\x86_microsoft.windows.c..-controls.resources_6595b64144ccf1df_5.82.26100.1591_ms-my_010ea51f4e48e43c
Copying x86_microsoft.windows.c..-controls.resources_6595b64144ccf1df_5.82.26100.1591_mt-mt_fecc314d4fbde98a.FullName to C:\scratchdir\Windows\WinSxS_edit\x86_microsoft.windows.c..-controls.resources_6595b64144ccf1df_5.82.26100.1591_mt-mt_fecc314d4fbde98a
Copying x86_microsoft.windows.c..-controls.resources_6595b64144ccf1df_5.82.26100.1591_nb-no_a0755940432a12cf.FullName to C:\scratchdir\Windows\WinSxS_edit\x86_microsoft.windows.c..-controls.resources_6595b64144ccf1df_5.82.26100.1591_nb-no_a0755940432a12cf
Copying x86_microsoft.windows.c..-controls.resources_6595b64144ccf1df_5.82.26100.1591_ne-np_a0c670aa42f96b29.FullName to C:\scratchdir\Windows\WinSxS_edit\x86_microsoft.windows.c..-controls.resources_6595b64144ccf1df_5.82.26100.1591_ne-np_a0c670aa42f96b29
Copying x86_microsoft.windows.c..-controls.resources_6595b64144ccf1df_5.82.26100.1591_nl-nl_9eb4a47e44561ca4.FullName to C:\scratchdir\Windows\WinSxS_edit\x86_microsoft.windows.c..-controls.resources_6595b64144ccf1df_5.82.26100.1591_nl-nl_9eb4a47e44561ca4
Copying x86_microsoft.windows.c..-controls.resources_6595b64144ccf1df_5.82.26100.1591_nn-no_9ff39a30438b621b.FullName to C:\scratchdir\Windows\WinSxS_edit\x86_microsoft.windows.c..-controls.resources_6595b64144ccf1df_5.82.26100.1591_nn-no_9ff39a30438b621b
Copying x86_microsoft.windows.c..-controls.resources_6595b64144ccf1df_5.82.26100.1591_or-in_4275894336856a6c.FullName to C:\scratchdir\Windows\WinSxS_edit\x86_microsoft.windows.c..-controls.resources_6595b64144ccf1df_5.82.26100.1591_or-in_4275894336856a6c
Copying x86_microsoft.windows.c..-controls.resources_6595b64144ccf1df_5.82.26100.1591_pa-in_e64b9bf8288caca4.FullName to C:\scratchdir\Windows\WinSxS_edit\x86_microsoft.windows.c..-controls.resources_6595b64144ccf1df_5.82.26100.1591_pa-in_e64b9bf8288caca4
Copying x86_microsoft.windows.c..-controls.resources_6595b64144ccf1df_5.82.26100.1591_pl-pl_e4f0ff0029788a58.FullName to C:\scratchdir\Windows\WinSxS_edit\x86_microsoft.windows.c..-controls.resources_6595b64144ccf1df_5.82.26100.1591_pl-pl_e4f0ff0029788a58
Copying x86_microsoft.windows.c..-controls.resources_6595b64144ccf1df_5.82.26100.1591_pt-br_e744e9a428021e3c.FullName to C:\scratchdir\Windows\WinSxS_edit\x86_microsoft.windows.c..-controls.resources_6595b64144ccf1df_5.82.26100.1591_pt-br_e744e9a428021e3c
Copying x86_microsoft.windows.c..-controls.resources_6595b64144ccf1df_5.82.26100.1591_pt-pt_e826b91027718e18.FullName to C:\scratchdir\Windows\WinSxS_edit\x86_microsoft.windows.c..-controls.resources_6595b64144ccf1df_5.82.26100.1591_pt-pt_e826b91027718e18
Copying x86_microsoft.windows.c..-controls.resources_6595b64144ccf1df_5.82.26100.1591_qps-ploc_a444aad0fe990c9c.FullName to C:\scratchdir\Windows\WinSxS_edit\x86_microsoft.windows.c..-controls.resources_6595b64144ccf1df_5.82.26100.1591_qps-ploc_a444aad0fe990c9c
Copying x86_microsoft.windows.c..-controls.resources_6595b64144ccf1df_5.82.26100.1591_qps..ocm_3ea1d886647785e5.FullName to C:\scratchdir\Windows\WinSxS_edit\x86_microsoft.windows.c..-controls.resources_6595b64144ccf1df_5.82.26100.1591_qps..ocm_3ea1d886647785e5
Copying x86_microsoft.windows.c..-controls.resources_6595b64144ccf1df_5.82.26100.1591_quz-pe_4c476f60c9026439.FullName to C:\scratchdir\Windows\WinSxS_edit\x86_microsoft.windows.c..-controls.resources_6595b64144ccf1df_5.82.26100.1591_quz-pe_4c476f60c9026439
Copying x86_microsoft.windows.c..-controls.resources_6595b64144ccf1df_5.82.26100.1591_ro-ro_2c617f480dd85974.FullName to C:\scratchdir\Windows\WinSxS_edit\x86_microsoft.windows.c..-controls.resources_6595b64144ccf1df_5.82.26100.1591_ro-ro_2c617f480dd85974
Copying x86_microsoft.windows.c..-controls.resources_6595b64144ccf1df_5.82.26100.1591_ru-ru_2ec9cad40c531c44.FullName to C:\scratchdir\Windows\WinSxS_edit\x86_microsoft.windows.c..-controls.resources_6595b64144ccf1df_5.82.26100.1591_ru-ru_2ec9cad40c531c44
Copying x86_microsoft.windows.c..-controls.resources_6595b64144ccf1df_5.82.26100.1591_sk-sk_cde4cf81016d0e6e.FullName to C:\scratchdir\Windows\WinSxS_edit\x86_microsoft.windows.c..-controls.resources_6595b64144ccf1df_5.82.26100.1591_sk-sk_cde4cf81016d0e6e
Copying x86_microsoft.windows.c..-controls.resources_6595b64144ccf1df_5.82.26100.1591_sl-si_ccf6f13902072151.FullName to C:\scratchdir\Windows\WinSxS_edit\x86_microsoft.windows.c..-controls.resources_6595b64144ccf1df_5.82.26100.1591_sl-si_ccf6f13902072151
Copying x86_microsoft.windows.c..-controls.resources_6595b64144ccf1df_5.82.26100.1591_sq-al_ce1711370152ed49.FullName to C:\scratchdir\Windows\WinSxS_edit\x86_microsoft.windows.c..-controls.resources_6595b64144ccf1df_5.82.26100.1591_sq-al_ce1711370152ed49
Copying x86_microsoft.windows.c..-controls.resources_6595b64144ccf1df_5.82.26100.1591_sr-..-ba_2a0ab08715f18f95.FullName to C:\scratchdir\Windows\WinSxS_edit\x86_microsoft.windows.c..-controls.resources_6595b64144ccf1df_5.82.26100.1591_sr-..-ba_2a0ab08715f18f95
Copying x86_microsoft.windows.c..-controls.resources_6595b64144ccf1df_5.82.26100.1591_sr-..-rs_306084cf11f3cef7.FullName to C:\scratchdir\Windows\WinSxS_edit\x86_microsoft.windows.c..-controls.resources_6595b64144ccf1df_5.82.26100.1591_sr-..-rs_306084cf11f3cef7
Copying x86_microsoft.windows.c..-controls.resources_6595b64144ccf1df_5.82.26100.1591_sr-..-rs_7327597d7718c882.FullName to C:\scratchdir\Windows\WinSxS_edit\x86_microsoft.windows.c..-controls.resources_6595b64144ccf1df_5.82.26100.1591_sr-..-rs_7327597d7718c882
Copying x86_microsoft.windows.c..-controls.resources_6595b64144ccf1df_5.82.26100.1591_sv-se_cac4b549037c269f.FullName to C:\scratchdir\Windows\WinSxS_edit\x86_microsoft.windows.c..-controls.resources_6595b64144ccf1df_5.82.26100.1591_sv-se_cac4b549037c269f
Copying x86_microsoft.windows.c..-controls.resources_6595b64144ccf1df_5.82.26100.1591_ta-in_72c4ac1bf2d12188.FullName to C:\scratchdir\Windows\WinSxS_edit\x86_microsoft.windows.c..-controls.resources_6595b64144ccf1df_5.82.26100.1591_ta-in_72c4ac1bf2d12188
Copying x86_microsoft.windows.c..-controls.resources_6595b64144ccf1df_5.82.26100.1591_te-in_72996c6bf2f1914c.FullName to C:\scratchdir\Windows\WinSxS_edit\x86_microsoft.windows.c..-controls.resources_6595b64144ccf1df_5.82.26100.1591_te-in_72996c6bf2f1914c
Copying x86_microsoft.windows.c..-controls.resources_6595b64144ccf1df_5.82.26100.1591_th-th_6fced6fbf4c0e3e0.FullName to C:\scratchdir\Windows\WinSxS_edit\x86_microsoft.windows.c..-controls.resources_6595b64144ccf1df_5.82.26100.1591_th-th_6fced6fbf4c0e3e0
Copying x86_microsoft.windows.c..-controls.resources_6595b64144ccf1df_5.82.26100.1591_tr-tr_73d1ff8ff2382890.FullName to C:\scratchdir\Windows\WinSxS_edit\x86_microsoft.windows.c..-controls.resources_6595b64144ccf1df_5.82.26100.1591_tr-tr_73d1ff8ff2382890
Copying x86_microsoft.windows.c..-controls.resources_6595b64144ccf1df_5.82.26100.1591_tt-ru_751122d1f16d3ac5.FullName to C:\scratchdir\Windows\WinSxS_edit\x86_microsoft.windows.c..-controls.resources_6595b64144ccf1df_5.82.26100.1591_tt-ru_751122d1f16d3ac5
Copying x86_microsoft.windows.c..-controls.resources_6595b64144ccf1df_5.82.26100.1591_ug-cn_15a2994ce5924ca1.FullName to C:\scratchdir\Windows\WinSxS_edit\x86_microsoft.windows.c..-controls.resources_6595b64144ccf1df_5.82.26100.1591_ug-cn_15a2994ce5924ca1
Copying x86_microsoft.windows.c..-controls.resources_6595b64144ccf1df_5.82.26100.1591_uk-ua_0fb1e236e9694edc.FullName to C:\scratchdir\Windows\WinSxS_edit\x86_microsoft.windows.c..-controls.resources_6595b64144ccf1df_5.82.26100.1591_uk-ua_0fb1e236e9694edc
Copying x86_microsoft.windows.c..-controls.resources_6595b64144ccf1df_5.82.26100.1591_ur-pk_13d5ec76e6c7bf94.FullName to C:\scratchdir\Windows\WinSxS_edit\x86_microsoft.windows.c..-controls.resources_6595b64144ccf1df_5.82.26100.1591_ur-pk_13d5ec76e6c7bf94
Copying x86_microsoft.windows.c..-controls.resources_6595b64144ccf1df_5.82.26100.1591_uz-..-uz_576ce8a1070e9744.FullName to C:\scratchdir\Windows\WinSxS_edit\x86_microsoft.windows.c..-controls.resources_6595b64144ccf1df_5.82.26100.1591_uz-..-uz_576ce8a1070e9744
Copying x86_microsoft.windows.c..-controls.resources_6595b64144ccf1df_5.82.26100.1591_vi-vn_b8a98ca5d83588af.FullName to C:\scratchdir\Windows\WinSxS_edit\x86_microsoft.windows.c..-controls.resources_6595b64144ccf1df_5.82.26100.1591_vi-vn_b8a98ca5d83588af
Copying x86_microsoft.windows.c..-controls.resources_6595b64144ccf1df_5.82.26100.1591_zh-cn_452f1d8da26ffaaf.FullName to C:\scratchdir\Windows\WinSxS_edit\x86_microsoft.windows.c..-controls.resources_6595b64144ccf1df_5.82.26100.1591_zh-cn_452f1d8da26ffaaf
Copying x86_microsoft.windows.c..-controls.resources_6595b64144ccf1df_5.82.26100.1591_zh-tw_492b5ae39fe0d71f.FullName to C:\scratchdir\Windows\WinSxS_edit\x86_microsoft.windows.c..-controls.resources_6595b64144ccf1df_5.82.26100.1591_zh-tw_492b5ae39fe0d71f
Copying x86_microsoft.windows.c..-controls.resources_6595b64144ccf1df_6.0.26100.1591_af-za_07a9a7ed5eecfe31.FullName to C:\scratchdir\Windows\WinSxS_edit\x86_microsoft.windows.c..-controls.resources_6595b64144ccf1df_6.0.26100.1591_af-za_07a9a7ed5eecfe31
Copying x86_microsoft.windows.c..-controls.resources_6595b64144ccf1df_6.0.26100.1591_am-et_0fccdf4b59b8fd98.FullName to C:\scratchdir\Windows\WinSxS_edit\x86_microsoft.windows.c..-controls.resources_6595b64144ccf1df_6.0.26100.1591_am-et_0fccdf4b59b8fd98
Copying x86_microsoft.windows.c..-controls.resources_6595b64144ccf1df_6.0.26100.1591_ar-sa_072888555f4d9a16.FullName to C:\scratchdir\Windows\WinSxS_edit\x86_microsoft.windows.c..-controls.resources_6595b64144ccf1df_6.0.26100.1591_ar-sa_072888555f4d9a16
Copying x86_microsoft.windows.c..-controls.resources_6595b64144ccf1df_6.0.26100.1591_as-in_0ce2798f5b9ff098.FullName to C:\scratchdir\Windows\WinSxS_edit\x86_microsoft.windows.c..-controls.resources_6595b64144ccf1df_6.0.26100.1591_as-in_0ce2798f5b9ff098
Copying x86_microsoft.windows.c..-controls.resources_6595b64144ccf1df_6.0.26100.1591_az-..-az_d5505cea4b146b85.FullName to C:\scratchdir\Windows\WinSxS_edit\x86_microsoft.windows.c..-controls.resources_6595b64144ccf1df_6.0.26100.1591_az-..-az_d5505cea4b146b85
Copying x86_microsoft.windows.c..-controls.resources_6595b64144ccf1df_6.0.26100.1591_be-by_b5798af24a9c0509.FullName to C:\scratchdir\Windows\WinSxS_edit\x86_microsoft.windows.c..-controls.resources_6595b64144ccf1df_6.0.26100.1591_be-by_b5798af24a9c0509
Copying x86_microsoft.windows.c..-controls.resources_6595b64144ccf1df_6.0.26100.1591_bg-bg_ad6869de4fcdeb6d.FullName to C:\scratchdir\Windows\WinSxS_edit\x86_microsoft.windows.c..-controls.resources_6595b64144ccf1df_6.0.26100.1591_bg-bg_ad6869de4fcdeb6d
Copying x86_microsoft.windows.c..-controls.resources_6595b64144ccf1df_6.0.26100.1591_bn-in_b036cd344e08821c.FullName to C:\scratchdir\Windows\WinSxS_edit\x86_microsoft.windows.c..-controls.resources_6595b64144ccf1df_6.0.26100.1591_bn-in_b036cd344e08821c
Copying x86_microsoft.windows.c..-controls.resources_6595b64144ccf1df_6.0.26100.1591_bs-..-ba_3017f7e2648d7e73.FullName to C:\scratchdir\Windows\WinSxS_edit\x86_microsoft.windows.c..-controls.resources_6595b64144ccf1df_6.0.26100.1591_bs-..-ba_3017f7e2648d7e73
Copying x86_microsoft.windows.c..-controls.resources_6595b64144ccf1df_6.0.26100.1591_ca-..cia_a732783f6e59c363.FullName to C:\scratchdir\Windows\WinSxS_edit\x86_microsoft.windows.c..-controls.resources_6595b64144ccf1df_6.0.26100.1591_ca-..cia_a732783f6e59c363
Copying x86_microsoft.windows.c..-controls.resources_6595b64144ccf1df_6.0.26100.1591_ca-es_56199f3f3ec2e437.FullName to C:\scratchdir\Windows\WinSxS_edit\x86_microsoft.windows.c..-controls.resources_6595b64144ccf1df_6.0.26100.1591_ca-es_56199f3f3ec2e437
Copying x86_microsoft.windows.c..-controls.resources_6595b64144ccf1df_6.0.26100.1591_chr..-us_6984274ad6d77deb.FullName to C:\scratchdir\Windows\WinSxS_edit\x86_microsoft.windows.c..-controls.resources_6595b64144ccf1df_6.0.26100.1591_chr..-us_6984274ad6d77deb
Copying x86_microsoft.windows.c..-controls.resources_6595b64144ccf1df_6.0.26100.1591_cs-cz_5871e0793d55c798.FullName to C:\scratchdir\Windows\WinSxS_edit\x86_microsoft.windows.c..-controls.resources_6595b64144ccf1df_6.0.26100.1591_cs-cz_5871e0793d55c798
Copying x86_microsoft.windows.c..-controls.resources_6595b64144ccf1df_6.0.26100.1591_cy-gb_4d8bf981445e691a.FullName to C:\scratchdir\Windows\WinSxS_edit\x86_microsoft.windows.c..-controls.resources_6595b64144ccf1df_6.0.26100.1591_cy-gb_4d8bf981445e691a
Copying x86_microsoft.windows.c..-controls.resources_6595b64144ccf1df_6.0.26100.1591_da-dk_f5abc0a0339bc397.FullName to C:\scratchdir\Windows\WinSxS_edit\x86_microsoft.windows.c..-controls.resources_6595b64144ccf1df_6.0.26100.1591_da-dk_f5abc0a0339bc397
Copying x86_microsoft.windows.c..-controls.resources_6595b64144ccf1df_6.0.26100.1591_de-de_f2d755dc35721831.FullName to C:\scratchdir\Windows\WinSxS_edit\x86_microsoft.windows.c..-controls.resources_6595b64144ccf1df_6.0.26100.1591_de-de_f2d755dc35721831
Copying x86_microsoft.windows.c..-controls.resources_6595b64144ccf1df_6.0.26100.1591_el-gr_9b6d836f248780bf.FullName to C:\scratchdir\Windows\WinSxS_edit\x86_microsoft.windows.c..-controls.resources_6595b64144ccf1df_6.0.26100.1591_el-gr_9b6d836f248780bf
Copying x86_microsoft.windows.c..-controls.resources_6595b64144ccf1df_6.0.26100.1591_en-gb_943f70b729277031.FullName to C:\scratchdir\Windows\WinSxS_edit\x86_microsoft.windows.c..-controls.resources_6595b64144ccf1df_6.0.26100.1591_en-gb_943f70b729277031
Copying x86_microsoft.windows.c..-controls.resources_6595b64144ccf1df_6.0.26100.1591_en-us_9bc82bd5245023f6.FullName to C:\scratchdir\Windows\WinSxS_edit\x86_microsoft.windows.c..-controls.resources_6595b64144ccf1df_6.0.26100.1591_en-us_9bc82bd5245023f6
Copying x86_microsoft.windows.c..-controls.resources_6595b64144ccf1df_6.0.26100.1591_es-es_9b9388b92477159b.FullName to C:\scratchdir\Windows\WinSxS_edit\x86_microsoft.windows.c..-controls.resources_6595b64144ccf1df_6.0.26100.1591_es-es_9b9388b92477159b
Copying x86_microsoft.windows.c..-controls.resources_6595b64144ccf1df_6.0.26100.1591_es-mx_9dca765f230af946.FullName to C:\scratchdir\Windows\WinSxS_edit\x86_microsoft.windows.c..-controls.resources_6595b64144ccf1df_6.0.26100.1591_es-mx_9dca765f230af946
Copying x86_microsoft.windows.c..-controls.resources_6595b64144ccf1df_6.0.26100.1591_et-ee_95535449287cf22a.FullName to C:\scratchdir\Windows\WinSxS_edit\x86_microsoft.windows.c..-controls.resources_6595b64144ccf1df_6.0.26100.1591_et-ee_95535449287cf22a
Copying x86_microsoft.windows.c..-controls.resources_6595b64144ccf1df_6.0.26100.1591_eu-es_9b7de8e124874d7d.FullName to C:\scratchdir\Windows\WinSxS_edit\x86_microsoft.windows.c..-controls.resources_6595b64144ccf1df_6.0.26100.1591_eu-es_9b7de8e124874d7d
Copying x86_microsoft.windows.c..-controls.resources_6595b64144ccf1df_6.0.26100.1591_fa-ir_3f02890c16bf9ddf.FullName to C:\scratchdir\Windows\WinSxS_edit\x86_microsoft.windows.c..-controls.resources_6595b64144ccf1df_6.0.26100.1591_fa-ir_3f02890c16bf9ddf
Copying x86_microsoft.windows.c..-controls.resources_6595b64144ccf1df_6.0.26100.1591_fi-fi_3aae8d66199107c5.FullName to C:\scratchdir\Windows\WinSxS_edit\x86_microsoft.windows.c..-controls.resources_6595b64144ccf1df_6.0.26100.1591_fi-fi_3aae8d66199107c5
Copying x86_microsoft.windows.c..-controls.resources_6595b64144ccf1df_6.0.26100.1591_fil-ph_dee98c725eae937c.FullName to C:\scratchdir\Windows\WinSxS_edit\x86_microsoft.windows.c..-controls.resources_6595b64144ccf1df_6.0.26100.1591_fil-ph_dee98c725eae937c
Copying x86_microsoft.windows.c..-controls.resources_6595b64144ccf1df_6.0.26100.1591_fr-ca_36c149021c219223.FullName to C:\scratchdir\Windows\WinSxS_edit\x86_microsoft.windows.c..-controls.resources_6595b64144ccf1df_6.0.26100.1591_fr-ca_36c149021c219223
Copying x86_microsoft.windows.c..-controls.resources_6595b64144ccf1df_6.0.26100.1591_fr-fr_3e4afeb817492bfd.FullName to C:\scratchdir\Windows\WinSxS_edit\x86_microsoft.windows.c..-controls.resources_6595b64144ccf1df_6.0.26100.1591_fr-fr_3e4afeb817492bfd
Copying x86_microsoft.windows.c..-controls.resources_6595b64144ccf1df_6.0.26100.1591_ga-ie_dc5cefbf0d05803d.FullName to C:\scratchdir\Windows\WinSxS_edit\x86_microsoft.windows.c..-controls.resources_6595b64144ccf1df_6.0.26100.1591_ga-ie_dc5cefbf0d05803d
Copying x86_microsoft.windows.c..-controls.resources_6595b64144ccf1df_6.0.26100.1591_gd-gb_dae818010df89339.FullName to C:\scratchdir\Windows\WinSxS_edit\x86_microsoft.windows.c..-controls.resources_6595b64144ccf1df_6.0.26100.1591_gd-gb_dae818010df89339
Copying x86_microsoft.windows.c..-controls.resources_6595b64144ccf1df_6.0.26100.1591_gl-es_e21bc03f09608c76.FullName to C:\scratchdir\Windows\WinSxS_edit\x86_microsoft.windows.c..-controls.resources_6595b64144ccf1df_6.0.26100.1591_gl-es_e21bc03f09608c76
Copying x86_microsoft.windows.c..-controls.resources_6595b64144ccf1df_6.0.26100.1591_gu-in_df8271ed0b16d7d0.FullName to C:\scratchdir\Windows\WinSxS_edit\x86_microsoft.windows.c..-controls.resources_6595b64144ccf1df_6.0.26100.1591_gu-in_df8271ed0b16d7d0
Copying x86_microsoft.windows.c..-controls.resources_6595b64144ccf1df_6.0.26100.1591_he-il_826aa659fdb82ceb.FullName to C:\scratchdir\Windows\WinSxS_edit\x86_microsoft.windows.c..-controls.resources_6595b64144ccf1df_6.0.26100.1591_he-il_826aa659fdb82ceb
Copying x86_microsoft.windows.c..-controls.resources_6595b64144ccf1df_6.0.26100.1591_hi-in_83227505fd46a5bd.FullName to C:\scratchdir\Windows\WinSxS_edit\x86_microsoft.windows.c..-controls.resources_6595b64144ccf1df_6.0.26100.1591_hi-in_83227505fd46a5bd
Copying x86_microsoft.windows.c..-controls.resources_6595b64144ccf1df_6.0.26100.1591_hr-hr_84875939fc6b99b1.FullName to C:\scratchdir\Windows\WinSxS_edit\x86_microsoft.windows.c..-controls.resources_6595b64144ccf1df_6.0.26100.1591_hr-hr_84875939fc6b99b1
Copying x86_microsoft.windows.c..-controls.resources_6595b64144ccf1df_6.0.26100.1591_hu-hu_85bb7efffba8fb19.FullName to C:\scratchdir\Windows\WinSxS_edit\x86_microsoft.windows.c..-controls.resources_6595b64144ccf1df_6.0.26100.1591_hu-hu_85bb7efffba8fb19
Copying x86_microsoft.windows.c..-controls.resources_6595b64144ccf1df_6.0.26100.1591_hy-am_8204a557fe10933e.FullName to C:\scratchdir\Windows\WinSxS_edit\x86_microsoft.windows.c..-controls.resources_6595b64144ccf1df_6.0.26100.1591_hy-am_8204a557fe10933e
Copying x86_microsoft.windows.c..-controls.resources_6595b64144ccf1df_6.0.26100.1591_id-id_220780def28909fb.FullName to C:\scratchdir\Windows\WinSxS_edit\x86_microsoft.windows.c..-controls.resources_6595b64144ccf1df_6.0.26100.1591_id-id_220780def28909fb
Copying x86_microsoft.windows.c..-controls.resources_6595b64144ccf1df_6.0.26100.1591_is-is_280c3dbceebbf103.FullName to C:\scratchdir\Windows\WinSxS_edit\x86_microsoft.windows.c..-controls.resources_6595b64144ccf1df_6.0.26100.1591_is-is_280c3dbceebbf103
Copying x86_microsoft.windows.c..-controls.resources_6595b64144ccf1df_6.0.26100.1591_it-it_2872f4feee7b117b.FullName to C:\scratchdir\Windows\WinSxS_edit\x86_microsoft.windows.c..-controls.resources_6595b64144ccf1df_6.0.26100.1591_it-it_2872f4feee7b117b
Copying x86_microsoft.windows.c..-controls.resources_6595b64144ccf1df_6.0.26100.1591_ja-jp_ca98740be1962356.FullName to C:\scratchdir\Windows\WinSxS_edit\x86_microsoft.windows.c..-controls.resources_6595b64144ccf1df_6.0.26100.1591_ja-jp_ca98740be1962356
Copying x86_microsoft.windows.c..-controls.resources_6595b64144ccf1df_6.0.26100.1591_ka-ge_68d62d72d749c1df.FullName to C:\scratchdir\Windows\WinSxS_edit\x86_microsoft.windows.c..-controls.resources_6595b64144ccf1df_6.0.26100.1591_ka-ge_68d62d72d749c1df
Copying x86_microsoft.windows.c..-controls.resources_6595b64144ccf1df_6.0.26100.1591_kk-kz_71b9c9e0d19e9ee0.FullName to C:\scratchdir\Windows\WinSxS_edit\x86_microsoft.windows.c..-controls.resources_6595b64144ccf1df_6.0.26100.1591_kk-kz_71b9c9e0d19e9ee0
Copying x86_microsoft.windows.c..-controls.resources_6595b64144ccf1df_6.0.26100.1591_km-kh_69a8a8ccd6d08544.FullName to C:\scratchdir\Windows\WinSxS_edit\x86_microsoft.windows.c..-controls.resources_6595b64144ccf1df_6.0.26100.1591_km-kh_69a8a8ccd6d08544
Copying x86_microsoft.windows.c..-controls.resources_6595b64144ccf1df_6.0.26100.1591_kn-in_6c473184d522891d.FullName to C:\scratchdir\Windows\WinSxS_edit\x86_microsoft.windows.c..-controls.resources_6595b64144ccf1df_6.0.26100.1591_kn-in_6c473184d522891d
Copying x86_microsoft.windows.c..-controls.resources_6595b64144ccf1df_6.0.26100.1591_ko-kr_6e0250c0d406ea6c.FullName to C:\scratchdir\Windows\WinSxS_edit\x86_microsoft.windows.c..-controls.resources_6595b64144ccf1df_6.0.26100.1591_ko-kr_6e0250c0d406ea6c
Copying x86_microsoft.windows.c..-controls.resources_6595b64144ccf1df_6.0.26100.1591_kok-in_1ba54c43d153d611.FullName to C:\scratchdir\Windows\WinSxS_edit\x86_microsoft.windows.c..-controls.resources_6595b64144ccf1df_6.0.26100.1591_kok-in_1ba54c43d153d611
Copying x86_microsoft.windows.c..-controls.resources_6595b64144ccf1df_6.0.26100.1591_lb-lu_1301a287c553c39e.FullName to C:\scratchdir\Windows\WinSxS_edit\x86_microsoft.windows.c..-controls.resources_6595b64144ccf1df_6.0.26100.1591_lb-lu_1301a287c553c39e
Copying x86_microsoft.windows.c..-controls.resources_6595b64144ccf1df_6.0.26100.1591_lo-la_099683f3cb70d44f.FullName to C:\scratchdir\Windows\WinSxS_edit\x86_microsoft.windows.c..-controls.resources_6595b64144ccf1df_6.0.26100.1591_lo-la_099683f3cb70d44f
Copying x86_microsoft.windows.c..-controls.resources_6595b64144ccf1df_6.0.26100.1591_lt-lt_11cd7cc1c62eb609.FullName to C:\scratchdir\Windows\WinSxS_edit\x86_microsoft.windows.c..-controls.resources_6595b64144ccf1df_6.0.26100.1591_lt-lt_11cd7cc1c62eb609
Copying x86_microsoft.windows.c..-controls.resources_6595b64144ccf1df_6.0.26100.1591_lv-lv_129aeb45c5acf6f9.FullName to C:\scratchdir\Windows\WinSxS_edit\x86_microsoft.windows.c..-controls.resources_6595b64144ccf1df_6.0.26100.1591_lv-lv_129aeb45c5acf6f9
Copying x86_microsoft.windows.c..-controls.resources_6595b64144ccf1df_6.0.26100.1591_mi-nz_b80bad72b6b0ee53.FullName to C:\scratchdir\Windows\WinSxS_edit\x86_microsoft.windows.c..-controls.resources_6595b64144ccf1df_6.0.26100.1591_mi-nz_b80bad72b6b0ee53
Copying x86_microsoft.windows.c..-controls.resources_6595b64144ccf1df_6.0.26100.1591_mk-mk_b14f38b0bb07c8ab.FullName to C:\scratchdir\Windows\WinSxS_edit\x86_microsoft.windows.c..-controls.resources_6595b64144ccf1df_6.0.26100.1591_mk-mk_b14f38b0bb07c8ab
Copying x86_microsoft.windows.c..-controls.resources_6595b64144ccf1df_6.0.26100.1591_ml-in_b299596eba348bad.FullName to C:\scratchdir\Windows\WinSxS_edit\x86_microsoft.windows.c..-controls.resources_6595b64144ccf1df_6.0.26100.1591_ml-in_b299596eba348bad
Copying x86_microsoft.windows.c..-controls.resources_6595b64144ccf1df_6.0.26100.1591_mr-in_b25879e6ba653353.FullName to C:\scratchdir\Windows\WinSxS_edit\x86_microsoft.windows.c..-controls.resources_6595b64144ccf1df_6.0.26100.1591_mr-in_b25879e6ba653353
Copying x86_microsoft.windows.c..-controls.resources_6595b64144ccf1df_6.0.26100.1591_ms-my_b72e1dd4b74ae795.FullName to C:\scratchdir\Windows\WinSxS_edit\x86_microsoft.windows.c..-controls.resources_6595b64144ccf1df_6.0.26100.1591_ms-my_b72e1dd4b74ae795
Copying x86_microsoft.windows.c..-controls.resources_6595b64144ccf1df_6.0.26100.1591_mt-mt_b4ebaa02b8bfece3.FullName to C:\scratchdir\Windows\WinSxS_edit\x86_microsoft.windows.c..-controls.resources_6595b64144ccf1df_6.0.26100.1591_mt-mt_b4ebaa02b8bfece3
Copying x86_microsoft.windows.c..-controls.resources_6595b64144ccf1df_6.0.26100.1591_nb-no_5694d1f5ac2c1628.FullName to C:\scratchdir\Windows\WinSxS_edit\x86_microsoft.windows.c..-controls.resources_6595b64144ccf1df_6.0.26100.1591_nb-no_5694d1f5ac2c1628
Copying x86_microsoft.windows.c..-controls.resources_6595b64144ccf1df_6.0.26100.1591_ne-np_56e5e95fabfb6e82.FullName to C:\scratchdir\Windows\WinSxS_edit\x86_microsoft.windows.c..-controls.resources_6595b64144ccf1df_6.0.26100.1591_ne-np_56e5e95fabfb6e82
Copying x86_microsoft.windows.c..-controls.resources_6595b64144ccf1df_6.0.26100.1591_nl-nl_54d41d33ad581ffd.FullName to C:\scratchdir\Windows\WinSxS_edit\x86_microsoft.windows.c..-controls.resources_6595b64144ccf1df_6.0.26100.1591_nl-nl_54d41d33ad581ffd
Copying x86_microsoft.windows.c..-controls.resources_6595b64144ccf1df_6.0.26100.1591_nn-no_561312e5ac8d6574.FullName to C:\scratchdir\Windows\WinSxS_edit\x86_microsoft.windows.c..-controls.resources_6595b64144ccf1df_6.0.26100.1591_nn-no_561312e5ac8d6574
Copying x86_microsoft.windows.c..-controls.resources_6595b64144ccf1df_6.0.26100.1591_or-in_f89501f89f876dc5.FullName to C:\scratchdir\Windows\WinSxS_edit\x86_microsoft.windows.c..-controls.resources_6595b64144ccf1df_6.0.26100.1591_or-in_f89501f89f876dc5
Copying x86_microsoft.windows.c..-controls.resources_6595b64144ccf1df_6.0.26100.1591_pa-in_9c6b14ad918eaffd.FullName to C:\scratchdir\Windows\WinSxS_edit\x86_microsoft.windows.c..-controls.resources_6595b64144ccf1df_6.0.26100.1591_pa-in_9c6b14ad918eaffd
Copying x86_microsoft.windows.c..-controls.resources_6595b64144ccf1df_6.0.26100.1591_pl-pl_9b1077b5927a8db1.FullName to C:\scratchdir\Windows\WinSxS_edit\x86_microsoft.windows.c..-controls.resources_6595b64144ccf1df_6.0.26100.1591_pl-pl_9b1077b5927a8db1
Copying x86_microsoft.windows.c..-controls.resources_6595b64144ccf1df_6.0.26100.1591_pt-br_9d64625991042195.FullName to C:\scratchdir\Windows\WinSxS_edit\x86_microsoft.windows.c..-controls.resources_6595b64144ccf1df_6.0.26100.1591_pt-br_9d64625991042195
Copying x86_microsoft.windows.c..-controls.resources_6595b64144ccf1df_6.0.26100.1591_pt-pt_9e4631c590739171.FullName to C:\scratchdir\Windows\WinSxS_edit\x86_microsoft.windows.c..-controls.resources_6595b64144ccf1df_6.0.26100.1591_pt-pt_9e4631c590739171
Copying x86_microsoft.windows.c..-controls.resources_6595b64144ccf1df_6.0.26100.1591_qps-ploc_5a642386679b0ff5.FullName to C:\scratchdir\Windows\WinSxS_edit\x86_microsoft.windows.c..-controls.resources_6595b64144ccf1df_6.0.26100.1591_qps-ploc_5a642386679b0ff5
Copying x86_microsoft.windows.c..-controls.resources_6595b64144ccf1df_6.0.26100.1591_qps..ocm_f4c1513bcd79893e.FullName to C:\scratchdir\Windows\WinSxS_edit\x86_microsoft.windows.c..-controls.resources_6595b64144ccf1df_6.0.26100.1591_qps..ocm_f4c1513bcd79893e
Copying x86_microsoft.windows.c..-controls.resources_6595b64144ccf1df_6.0.26100.1591_quz-pe_0266e81632046792.FullName to C:\scratchdir\Windows\WinSxS_edit\x86_microsoft.windows.c..-controls.resources_6595b64144ccf1df_6.0.26100.1591_quz-pe_0266e81632046792
Copying x86_microsoft.windows.c..-controls.resources_6595b64144ccf1df_6.0.26100.1591_ro-ro_e280f7fd76da5ccd.FullName to C:\scratchdir\Windows\WinSxS_edit\x86_microsoft.windows.c..-controls.resources_6595b64144ccf1df_6.0.26100.1591_ro-ro_e280f7fd76da5ccd
Copying x86_microsoft.windows.c..-controls.resources_6595b64144ccf1df_6.0.26100.1591_ru-ru_e4e9438975551f9d.FullName to C:\scratchdir\Windows\WinSxS_edit\x86_microsoft.windows.c..-controls.resources_6595b64144ccf1df_6.0.26100.1591_ru-ru_e4e9438975551f9d
Copying x86_microsoft.windows.c..-controls.resources_6595b64144ccf1df_6.0.26100.1591_sk-sk_840448366a6f11c7.FullName to C:\scratchdir\Windows\WinSxS_edit\x86_microsoft.windows.c..-controls.resources_6595b64144ccf1df_6.0.26100.1591_sk-sk_840448366a6f11c7
Copying x86_microsoft.windows.c..-controls.resources_6595b64144ccf1df_6.0.26100.1591_sl-si_831669ee6b0924aa.FullName to C:\scratchdir\Windows\WinSxS_edit\x86_microsoft.windows.c..-controls.resources_6595b64144ccf1df_6.0.26100.1591_sl-si_831669ee6b0924aa
Copying x86_microsoft.windows.c..-controls.resources_6595b64144ccf1df_6.0.26100.1591_sq-al_843689ec6a54f0a2.FullName to C:\scratchdir\Windows\WinSxS_edit\x86_microsoft.windows.c..-controls.resources_6595b64144ccf1df_6.0.26100.1591_sq-al_843689ec6a54f0a2
Copying x86_microsoft.windows.c..-controls.resources_6595b64144ccf1df_6.0.26100.1591_sr-..-ba_e02a293c7ef392ee.FullName to C:\scratchdir\Windows\WinSxS_edit\x86_microsoft.windows.c..-controls.resources_6595b64144ccf1df_6.0.26100.1591_sr-..-ba_e02a293c7ef392ee
Copying x86_microsoft.windows.c..-controls.resources_6595b64144ccf1df_6.0.26100.1591_sr-..-rs_2946d232e01acbdb.FullName to C:\scratchdir\Windows\WinSxS_edit\x86_microsoft.windows.c..-controls.resources_6595b64144ccf1df_6.0.26100.1591_sr-..-rs_2946d232e01acbdb
Copying x86_microsoft.windows.c..-controls.resources_6595b64144ccf1df_6.0.26100.1591_sr-..-rs_e67ffd847af5d250.FullName to C:\scratchdir\Windows\WinSxS_edit\x86_microsoft.windows.c..-controls.resources_6595b64144ccf1df_6.0.26100.1591_sr-..-rs_e67ffd847af5d250
Copying x86_microsoft.windows.c..-controls.resources_6595b64144ccf1df_6.0.26100.1591_sv-se_80e42dfe6c7e29f8.FullName to C:\scratchdir\Windows\WinSxS_edit\x86_microsoft.windows.c..-controls.resources_6595b64144ccf1df_6.0.26100.1591_sv-se_80e42dfe6c7e29f8
Copying x86_microsoft.windows.c..-controls.resources_6595b64144ccf1df_6.0.26100.1591_ta-in_28e424d15bd324e1.FullName to C:\scratchdir\Windows\WinSxS_edit\x86_microsoft.windows.c..-controls.resources_6595b64144ccf1df_6.0.26100.1591_ta-in_28e424d15bd324e1
Copying x86_microsoft.windows.c..-controls.resources_6595b64144ccf1df_6.0.26100.1591_te-in_28b8e5215bf394a5.FullName to C:\scratchdir\Windows\WinSxS_edit\x86_microsoft.windows.c..-controls.resources_6595b64144ccf1df_6.0.26100.1591_te-in_28b8e5215bf394a5
Copying x86_microsoft.windows.c..-controls.resources_6595b64144ccf1df_6.0.26100.1591_th-th_25ee4fb15dc2e739.FullName to C:\scratchdir\Windows\WinSxS_edit\x86_microsoft.windows.c..-controls.resources_6595b64144ccf1df_6.0.26100.1591_th-th_25ee4fb15dc2e739
Copying x86_microsoft.windows.c..-controls.resources_6595b64144ccf1df_6.0.26100.1591_tr-tr_29f178455b3a2be9.FullName to C:\scratchdir\Windows\WinSxS_edit\x86_microsoft.windows.c..-controls.resources_6595b64144ccf1df_6.0.26100.1591_tr-tr_29f178455b3a2be9
Copying x86_microsoft.windows.c..-controls.resources_6595b64144ccf1df_6.0.26100.1591_tt-ru_2b309b875a6f3e1e.FullName to C:\scratchdir\Windows\WinSxS_edit\x86_microsoft.windows.c..-controls.resources_6595b64144ccf1df_6.0.26100.1591_tt-ru_2b309b875a6f3e1e
Copying x86_microsoft.windows.c..-controls.resources_6595b64144ccf1df_6.0.26100.1591_ug-cn_cbc212024e944ffa.FullName to C:\scratchdir\Windows\WinSxS_edit\x86_microsoft.windows.c..-controls.resources_6595b64144ccf1df_6.0.26100.1591_ug-cn_cbc212024e944ffa
Copying x86_microsoft.windows.c..-controls.resources_6595b64144ccf1df_6.0.26100.1591_uk-ua_c5d15aec526b5235.FullName to C:\scratchdir\Windows\WinSxS_edit\x86_microsoft.windows.c..-controls.resources_6595b64144ccf1df_6.0.26100.1591_uk-ua_c5d15aec526b5235
Copying x86_microsoft.windows.c..-controls.resources_6595b64144ccf1df_6.0.26100.1591_ur-pk_c9f5652c4fc9c2ed.FullName to C:\scratchdir\Windows\WinSxS_edit\x86_microsoft.windows.c..-controls.resources_6595b64144ccf1df_6.0.26100.1591_ur-pk_c9f5652c4fc9c2ed
Copying x86_microsoft.windows.c..-controls.resources_6595b64144ccf1df_6.0.26100.1591_uz-..-uz_0d8c615670109a9d.FullName to C:\scratchdir\Windows\WinSxS_edit\x86_microsoft.windows.c..-controls.resources_6595b64144ccf1df_6.0.26100.1591_uz-..-uz_0d8c615670109a9d
Copying x86_microsoft.windows.c..-controls.resources_6595b64144ccf1df_6.0.26100.1591_vi-vn_6ec9055b41378c08.FullName to C:\scratchdir\Windows\WinSxS_edit\x86_microsoft.windows.c..-controls.resources_6595b64144ccf1df_6.0.26100.1591_vi-vn_6ec9055b41378c08
Copying x86_microsoft.windows.c..-controls.resources_6595b64144ccf1df_6.0.26100.1591_zh-cn_fb4e96430b71fe08.FullName to C:\scratchdir\Windows\WinSxS_edit\x86_microsoft.windows.c..-controls.resources_6595b64144ccf1df_6.0.26100.1591_zh-cn_fb4e96430b71fe08
Copying x86_microsoft.windows.c..-controls.resources_6595b64144ccf1df_6.0.26100.1591_zh-tw_ff4ad39908e2da78.FullName to C:\scratchdir\Windows\WinSxS_edit\x86_microsoft.windows.c..-controls.resources_6595b64144ccf1df_6.0.26100.1591_zh-tw_ff4ad39908e2da78
Copying x86_microsoft.windows.c..-controls.resources_6595b64144ccf1df_5.82.26100.1591_af-za_518a2f37f5eafad8.FullName to C:\scratchdir\Windows\WinSxS_edit\x86_microsoft.windows.c..-controls.resources_6595b64144ccf1df_5.82.26100.1591_af-za_518a2f37f5eafad8
Copying x86_microsoft.windows.c..-controls.resources_6595b64144ccf1df_5.82.26100.1591_am-et_59ad6695f0b6fa3f.FullName to C:\scratchdir\Windows\WinSxS_edit\x86_microsoft.windows.c..-controls.resources_6595b64144ccf1df_5.82.26100.1591_am-et_59ad6695f0b6fa3f
Copying x86_microsoft.windows.c..-controls.resources_6595b64144ccf1df_5.82.26100.1591_ar-sa_51090f9ff64b96bd.FullName to C:\scratchdir\Windows\WinSxS_edit\x86_microsoft.windows.c..-controls.resources_6595b64144ccf1df_5.82.26100.1591_ar-sa_51090f9ff64b96bd
Copying x86_microsoft.windows.c..-controls.resources_6595b64144ccf1df_5.82.26100.1591_as-in_56c300d9f29ded3f.FullName to C:\scratchdir\Windows\WinSxS_edit\x86_microsoft.windows.c..-controls.resources_6595b64144ccf1df_5.82.26100.1591_as-in_56c300d9f29ded3f
Copying x86_microsoft.windows.c..-controls.resources_6595b64144ccf1df_5.82.26100.1591_az-..-az_1f30e434e212682c.FullName to C:\scratchdir\Windows\WinSxS_edit\x86_microsoft.windows.c..-controls.resources_6595b64144ccf1df_5.82.26100.1591_az-..-az_1f30e434e212682c
Copying x86_microsoft.windows.c..-controls.resources_6595b64144ccf1df_5.82.26100.1591_be-by_ff5a123ce19a01b0.FullName to C:\scratchdir\Windows\WinSxS_edit\x86_microsoft.windows.c..-controls.resources_6595b64144ccf1df_5.82.26100.1591_be-by_ff5a123ce19a01b0
Copying x86_microsoft.windows.c..-controls.resources_6595b64144ccf1df_5.82.26100.1591_bg-bg_f748f128e6cbe814.FullName to C:\scratchdir\Windows\WinSxS_edit\x86_microsoft.windows.c..-controls.resources_6595b64144ccf1df_5.82.26100.1591_bg-bg_f748f128e6cbe814
Copying x86_microsoft.windows.c..-controls.resources_6595b64144ccf1df_5.82.26100.1591_bn-in_fa17547ee5067ec3.FullName to C:\scratchdir\Windows\WinSxS_edit\x86_microsoft.windows.c..-controls.resources_6595b64144ccf1df_5.82.26100.1591_bn-in_fa17547ee5067ec3
Copying x86_microsoft.windows.c..-controls.resources_6595b64144ccf1df_5.82.26100.1591_bs-..-ba_79f87f2cfb8b7b1a.FullName to C:\scratchdir\Windows\WinSxS_edit\x86_microsoft.windows.c..-controls.resources_6595b64144ccf1df_5.82.26100.1591_bs-..-ba_79f87f2cfb8b7b1a
Copying x86_microsoft.windows.c..-controls.resources_6595b64144ccf1df_5.82.26100.1591_ca-..cia_f112ff8a0557c00a.FullName to C:\scratchdir\Windows\WinSxS_edit\x86_microsoft.windows.c..-controls.resources_6595b64144ccf1df_5.82.26100.1591_ca-..cia_f112ff8a0557c00a
Copying x86_microsoft.windows.c..-controls.resources_6595b64144ccf1df_5.82.26100.1591_ca-es_9ffa2689d5c0e0de.FullName to C:\scratchdir\Windows\WinSxS_edit\x86_microsoft.windows.c..-controls.resources_6595b64144ccf1df_5.82.26100.1591_ca-es_9ffa2689d5c0e0de
Copying x86_microsoft.windows.c..-controls.resources_6595b64144ccf1df_5.82.26100.1591_chr..-us_b364ae956dd57a92.FullName to C:\scratchdir\Windows\WinSxS_edit\x86_microsoft.windows.c..-controls.resources_6595b64144ccf1df_5.82.26100.1591_chr..-us_b364ae956dd57a92
Copying x86_microsoft.windows.c..-controls.resources_6595b64144ccf1df_5.82.26100.1591_cs-cz_a25267c3d453c43f.FullName to C:\scratchdir\Windows\WinSxS_edit\x86_microsoft.windows.c..-controls.resources_6595b64144ccf1df_5.82.26100.1591_cs-cz_a25267c3d453c43f
Copying x86_microsoft.windows.c..-controls.resources_6595b64144ccf1df_5.82.26100.1591_cy-gb_976c80cbdb5c65c1.FullName to C:\scratchdir\Windows\WinSxS_edit\x86_microsoft.windows.c..-controls.resources_6595b64144ccf1df_5.82.26100.1591_cy-gb_976c80cbdb5c65c1
Copying x86_microsoft.windows.c..-controls.resources_6595b64144ccf1df_5.82.26100.1591_da-dk_3f8c47eaca99c03e.FullName to C:\scratchdir\Windows\WinSxS_edit\x86_microsoft.windows.c..-controls.resources_6595b64144ccf1df_5.82.26100.1591_da-dk_3f8c47eaca99c03e
Copying x86_microsoft.windows.c..-controls.resources_6595b64144ccf1df_5.82.26100.1591_de-de_3cb7dd26cc7014d8.FullName to C:\scratchdir\Windows\WinSxS_edit\x86_microsoft.windows.c..-controls.resources_6595b64144ccf1df_5.82.26100.1591_de-de_3cb7dd26cc7014d8
Copying x86_microsoft.windows.c..-controls.resources_6595b64144ccf1df_5.82.26100.1591_el-gr_e54e0ab9bb857d66.FullName to C:\scratchdir\Windows\WinSxS_edit\x86_microsoft.windows.c..-controls.resources_6595b64144ccf1df_5.82.26100.1591_el-gr_e54e0ab9bb857d66
Copying x86_microsoft.windows.c..-controls.resources_6595b64144ccf1df_5.82.26100.1591_en-gb_de1ff801c0256cd8.FullName to C:\scratchdir\Windows\WinSxS_edit\x86_microsoft.windows.c..-controls.resources_6595b64144ccf1df_5.82.26100.1591_en-gb_de1ff801c0256cd8
Copying x86_microsoft.windows.c..-controls.resources_6595b64144ccf1df_5.82.26100.1591_en-us_e5a8b31fbb4e209d.FullName to C:\scratchdir\Windows\WinSxS_edit\x86_microsoft.windows.c..-controls.resources_6595b64144ccf1df_5.82.26100.1591_en-us_e5a8b31fbb4e209d
Copying x86_microsoft.windows.c..-controls.resources_6595b64144ccf1df_5.82.26100.1591_es-es_e5741003bb751242.FullName to C:\scratchdir\Windows\WinSxS_edit\x86_microsoft.windows.c..-controls.resources_6595b64144ccf1df_5.82.26100.1591_es-es_e5741003bb751242
Copying x86_microsoft.windows.c..-controls.resources_6595b64144ccf1df_5.82.26100.1591_es-mx_e7aafda9ba08f5ed.FullName to C:\scratchdir\Windows\WinSxS_edit\x86_microsoft.windows.c..-controls.resources_6595b64144ccf1df_5.82.26100.1591_es-mx_e7aafda9ba08f5ed
Copying x86_microsoft.windows.c..-controls.resources_6595b64144ccf1df_5.82.26100.1591_et-ee_df33db93bf7aeed1.FullName to C:\scratchdir\Windows\WinSxS_edit\x86_microsoft.windows.c..-controls.resources_6595b64144ccf1df_5.82.26100.1591_et-ee_df33db93bf7aeed1
Copying x86_microsoft.windows.c..-controls.resources_6595b64144ccf1df_5.82.26100.1591_eu-es_e55e702bbb854a24.FullName to C:\scratchdir\Windows\WinSxS_edit\x86_microsoft.windows.c..-controls.resources_6595b64144ccf1df_5.82.26100.1591_eu-es_e55e702bbb854a24
Copying x86_microsoft.windows.c..-controls.resources_6595b64144ccf1df_5.82.26100.1591_fa-ir_88e31056adbd9a86.FullName to C:\scratchdir\Windows\WinSxS_edit\x86_microsoft.windows.c..-controls.resources_6595b64144ccf1df_5.82.26100.1591_fa-ir_88e31056adbd9a86
Copying x86_microsoft.windows.c..-controls.resources_6595b64144ccf1df_5.82.26100.1591_fi-fi_848f14b0b08f046c.FullName to C:\scratchdir\Windows\WinSxS_edit\x86_microsoft.windows.c..-controls.resources_6595b64144ccf1df_5.82.26100.1591_fi-fi_848f14b0b08f046c
Copying x86_microsoft.windows.c..-controls.resources_6595b64144ccf1df_5.82.26100.1591_fil-ph_28ca13bcf5ac9023.FullName to C:\scratchdir\Windows\WinSxS_edit\x86_microsoft.windows.c..-controls.resources_6595b64144ccf1df_5.82.26100.1591_fil-ph_28ca13bcf5ac9023
Copying x86_microsoft.windows.c..-controls.resources_6595b64144ccf1df_5.82.26100.1591_fr-ca_80a1d04cb31f8eca.FullName to C:\scratchdir\Windows\WinSxS_edit\x86_microsoft.windows.c..-controls.resources_6595b64144ccf1df_5.82.26100.1591_fr-ca_80a1d04cb31f8eca
Copying x86_microsoft.windows.c..-controls.resources_6595b64144ccf1df_5.82.26100.1591_fr-fr_882b8602ae4728a4.FullName to C:\scratchdir\Windows\WinSxS_edit\x86_microsoft.windows.c..-controls.resources_6595b64144ccf1df_5.82.26100.1591_fr-fr_882b8602ae4728a4
Copying x86_microsoft.windows.c..-controls.resources_6595b64144ccf1df_5.82.26100.1591_ga-ie_263d7709a4037ce4.FullName to C:\scratchdir\Windows\WinSxS_edit\x86_microsoft.windows.c..-controls.resources_6595b64144ccf1df_5.82.26100.1591_ga-ie_263d7709a4037ce4
Copying x86_microsoft.windows.c..-controls.resources_6595b64144ccf1df_5.82.26100.1591_gd-gb_24c89f4ba4f68fe0.FullName to C:\scratchdir\Windows\WinSxS_edit\x86_microsoft.windows.c..-controls.resources_6595b64144ccf1df_5.82.26100.1591_gd-gb_24c89f4ba4f68fe0
Copying x86_microsoft.windows.c..-controls.resources_6595b64144ccf1df_5.82.26100.1591_gl-es_2bfc4789a05e891d.FullName to C:\scratchdir\Windows\WinSxS_edit\x86_microsoft.windows.c..-controls.resources_6595b64144ccf1df_5.82.26100.1591_gl-es_2bfc4789a05e891d
Copying x86_microsoft.windows.c..-controls.resources_6595b64144ccf1df_5.82.26100.1591_gu-in_2962f937a214d477.FullName to C:\scratchdir\Windows\WinSxS_edit\x86_microsoft.windows.c..-controls.resources_6595b64144ccf1df_5.82.26100.1591_gu-in_2962f937a214d477
Copying x86_microsoft.windows.c..-controls.resources_6595b64144ccf1df_5.82.26100.1591_he-il_cc4b2da494b62992.FullName to C:\scratchdir\Windows\WinSxS_edit\x86_microsoft.windows.c..-controls.resources_6595b64144ccf1df_5.82.26100.1591_he-il_cc4b2da494b62992
Copying x86_microsoft.windows.c..-controls.resources_6595b64144ccf1df_5.82.26100.1591_hi-in_cd02fc509444a264.FullName to C:\scratchdir\Windows\WinSxS_edit\x86_microsoft.windows.c..-controls.resources_6595b64144ccf1df_5.82.26100.1591_hi-in_cd02fc509444a264
Copying x86_microsoft.windows.c..-controls.resources_6595b64144ccf1df_5.82.26100.1591_hr-hr_ce67e08493699658.FullName to C:\scratchdir\Windows\WinSxS_edit\x86_microsoft.windows.c..-controls.resources_6595b64144ccf1df_5.82.26100.1591_hr-hr_ce67e08493699658
Copying x86_microsoft.windows.c..-controls.resources_6595b64144ccf1df_5.82.26100.1591_hu-hu_cf9c064a92a6f7c0.FullName to C:\scratchdir\Windows\WinSxS_edit\x86_microsoft.windows.c..-controls.resources_6595b64144ccf1df_5.82.26100.1591_hu-hu_cf9c064a92a6f7c0
Copying x86_microsoft.windows.c..-controls.resources_6595b64144ccf1df_5.82.26100.1591_hy-am_cbe52ca2950e8fe5.FullName to C:\scratchdir\Windows\WinSxS_edit\x86_microsoft.windows.c..-controls.resources_6595b64144ccf1df_5.82.26100.1591_hy-am_cbe52ca2950e8fe5
Copying x86_microsoft.windows.c..-controls.resources_6595b64144ccf1df_5.82.26100.1591_id-id_6be80829898706a2.FullName to C:\scratchdir\Windows\WinSxS_edit\x86_microsoft.windows.c..-controls.resources_6595b64144ccf1df_5.82.26100.1591_id-id_6be80829898706a2
Copying x86_microsoft.windows.c..-controls.resources_6595b64144ccf1df_5.82.26100.1591_is-is_71ecc50785b9edaa.FullName to C:\scratchdir\Windows\WinSxS_edit\x86_microsoft.windows.c..-controls.resources_6595b64144ccf1df_5.82.26100.1591_is-is_71ecc50785b9edaa
Copying x86_microsoft.windows.c..-controls.resources_6595b64144ccf1df_5.82.26100.1591_it-it_72537c4985790e22.FullName to C:\scratchdir\Windows\WinSxS_edit\x86_microsoft.windows.c..-controls.resources_6595b64144ccf1df_5.82.26100.1591_it-it_72537c4985790e22
Copying x86_microsoft.windows.c..-controls.resources_6595b64144ccf1df_5.82.26100.1591_ja-jp_1478fb5678941ffd.FullName to C:\scratchdir\Windows\WinSxS_edit\x86_microsoft.windows.c..-controls.resources_6595b64144ccf1df_5.82.26100.1591_ja-jp_1478fb5678941ffd
Copying x86_microsoft.windows.c..-controls.resources_6595b64144ccf1df_5.82.26100.1591_ka-ge_b2b6b4bd6e47be86.FullName to C:\scratchdir\Windows\WinSxS_edit\x86_microsoft.windows.c..-controls.resources_6595b64144ccf1df_5.82.26100.1591_ka-ge_b2b6b4bd6e47be86
Copying x86_microsoft.windows.c..-controls.resources_6595b64144ccf1df_5.82.26100.1591_kk-kz_bb9a512b689c9b87.FullName to C:\scratchdir\Windows\WinSxS_edit\x86_microsoft.windows.c..-controls.resources_6595b64144ccf1df_5.82.26100.1591_kk-kz_bb9a512b689c9b87
Copying x86_microsoft.windows.c..-controls.resources_6595b64144ccf1df_5.82.26100.1591_km-kh_b38930176dce81eb.FullName to C:\scratchdir\Windows\WinSxS_edit\x86_microsoft.windows.c..-controls.resources_6595b64144ccf1df_5.82.26100.1591_km-kh_b38930176dce81eb
Copying x86_microsoft.windows.c..-controls.resources_6595b64144ccf1df_5.82.26100.1591_kn-in_b627b8cf6c2085c4.FullName to C:\scratchdir\Windows\WinSxS_edit\x86_microsoft.windows.c..-controls.resources_6595b64144ccf1df_5.82.26100.1591_kn-in_b627b8cf6c2085c4
Copying x86_microsoft.windows.c..-controls.resources_6595b64144ccf1df_5.82.26100.1591_ko-kr_b7e2d80b6b04e713.FullName to C:\scratchdir\Windows\WinSxS_edit\x86_microsoft.windows.c..-controls.resources_6595b64144ccf1df_5.82.26100.1591_ko-kr_b7e2d80b6b04e713
Copying x86_microsoft.windows.c..-controls.resources_6595b64144ccf1df_5.82.26100.1591_kok-in_6585d38e6851d2b8.FullName to C:\scratchdir\Windows\WinSxS_edit\x86_microsoft.windows.c..-controls.resources_6595b64144ccf1df_5.82.26100.1591_kok-in_6585d38e6851d2b8
Copying x86_microsoft.windows.c..-controls.resources_6595b64144ccf1df_5.82.26100.1591_lb-lu_5ce229d25c51c045.FullName to C:\scratchdir\Windows\WinSxS_edit\x86_microsoft.windows.c..-controls.resources_6595b64144ccf1df_5.82.26100.1591_lb-lu_5ce229d25c51c045
Copying x86_microsoft.windows.c..-controls.resources_6595b64144ccf1df_5.82.26100.1591_lo-la_53770b3e626ed0f6.FullName to C:\scratchdir\Windows\WinSxS_edit\x86_microsoft.windows.c..-controls.resources_6595b64144ccf1df_5.82.26100.1591_lo-la_53770b3e626ed0f6
Copying x86_microsoft.windows.c..-controls.resources_6595b64144ccf1df_5.82.26100.1591_lt-lt_5bae040c5d2cb2b0.FullName to C:\scratchdir\Windows\WinSxS_edit\x86_microsoft.windows.c..-controls.resources_6595b64144ccf1df_5.82.26100.1591_lt-lt_5bae040c5d2cb2b0
Copying x86_microsoft.windows.c..-controls.resources_6595b64144ccf1df_5.82.26100.1591_lv-lv_5c7b72905caaf3a0.FullName to C:\scratchdir\Windows\WinSxS_edit\x86_microsoft.windows.c..-controls.resources_6595b64144ccf1df_5.82.26100.1591_lv-lv_5c7b72905caaf3a0
Copying x86_microsoft.windows.c..-controls.resources_6595b64144ccf1df_5.82.26100.1591_mi-nz_01ec34bd4daeeafa.FullName to C:\scratchdir\Windows\WinSxS_edit\x86_microsoft.windows.c..-controls.resources_6595b64144ccf1df_5.82.26100.1591_mi-nz_01ec34bd4daeeafa
Copying x86_microsoft.windows.c..-controls.resources_6595b64144ccf1df_5.82.26100.1591_mk-mk_fb2fbffb5205c552.FullName to C:\scratchdir\Windows\WinSxS_edit\x86_microsoft.windows.c..-controls.resources_6595b64144ccf1df_5.82.26100.1591_mk-mk_fb2fbffb5205c552
Copying x86_microsoft.windows.c..-controls.resources_6595b64144ccf1df_5.82.26100.1591_ml-in_fc79e0b951328854.FullName to C:\scratchdir\Windows\WinSxS_edit\x86_microsoft.windows.c..-controls.resources_6595b64144ccf1df_5.82.26100.1591_ml-in_fc79e0b951328854
Copying x86_microsoft.windows.c..-controls.resources_6595b64144ccf1df_5.82.26100.1591_mr-in_fc39013151632ffa.FullName to C:\scratchdir\Windows\WinSxS_edit\x86_microsoft.windows.c..-controls.resources_6595b64144ccf1df_5.82.26100.1591_mr-in_fc39013151632ffa
Copying x86_microsoft.windows.c..-controls.resources_6595b64144ccf1df_5.82.26100.1591_ms-my_010ea51f4e48e43c.FullName to C:\scratchdir\Windows\WinSxS_edit\x86_microsoft.windows.c..-controls.resources_6595b64144ccf1df_5.82.26100.1591_ms-my_010ea51f4e48e43c
Copying x86_microsoft.windows.c..-controls.resources_6595b64144ccf1df_5.82.26100.1591_mt-mt_fecc314d4fbde98a.FullName to C:\scratchdir\Windows\WinSxS_edit\x86_microsoft.windows.c..-controls.resources_6595b64144ccf1df_5.82.26100.1591_mt-mt_fecc314d4fbde98a
Copying x86_microsoft.windows.c..-controls.resources_6595b64144ccf1df_5.82.26100.1591_nb-no_a0755940432a12cf.FullName to C:\scratchdir\Windows\WinSxS_edit\x86_microsoft.windows.c..-controls.resources_6595b64144ccf1df_5.82.26100.1591_nb-no_a0755940432a12cf
Copying x86_microsoft.windows.c..-controls.resources_6595b64144ccf1df_5.82.26100.1591_ne-np_a0c670aa42f96b29.FullName to C:\scratchdir\Windows\WinSxS_edit\x86_microsoft.windows.c..-controls.resources_6595b64144ccf1df_5.82.26100.1591_ne-np_a0c670aa42f96b29
Copying x86_microsoft.windows.c..-controls.resources_6595b64144ccf1df_5.82.26100.1591_nl-nl_9eb4a47e44561ca4.FullName to C:\scratchdir\Windows\WinSxS_edit\x86_microsoft.windows.c..-controls.resources_6595b64144ccf1df_5.82.26100.1591_nl-nl_9eb4a47e44561ca4
Copying x86_microsoft.windows.c..-controls.resources_6595b64144ccf1df_5.82.26100.1591_nn-no_9ff39a30438b621b.FullName to C:\scratchdir\Windows\WinSxS_edit\x86_microsoft.windows.c..-controls.resources_6595b64144ccf1df_5.82.26100.1591_nn-no_9ff39a30438b621b
Copying x86_microsoft.windows.c..-controls.resources_6595b64144ccf1df_5.82.26100.1591_or-in_4275894336856a6c.FullName to C:\scratchdir\Windows\WinSxS_edit\x86_microsoft.windows.c..-controls.resources_6595b64144ccf1df_5.82.26100.1591_or-in_4275894336856a6c
Copying x86_microsoft.windows.c..-controls.resources_6595b64144ccf1df_5.82.26100.1591_pa-in_e64b9bf8288caca4.FullName to C:\scratchdir\Windows\WinSxS_edit\x86_microsoft.windows.c..-controls.resources_6595b64144ccf1df_5.82.26100.1591_pa-in_e64b9bf8288caca4
Copying x86_microsoft.windows.c..-controls.resources_6595b64144ccf1df_5.82.26100.1591_pl-pl_e4f0ff0029788a58.FullName to C:\scratchdir\Windows\WinSxS_edit\x86_microsoft.windows.c..-controls.resources_6595b64144ccf1df_5.82.26100.1591_pl-pl_e4f0ff0029788a58
Copying x86_microsoft.windows.c..-controls.resources_6595b64144ccf1df_5.82.26100.1591_pt-br_e744e9a428021e3c.FullName to C:\scratchdir\Windows\WinSxS_edit\x86_microsoft.windows.c..-controls.resources_6595b64144ccf1df_5.82.26100.1591_pt-br_e744e9a428021e3c
Copying x86_microsoft.windows.c..-controls.resources_6595b64144ccf1df_5.82.26100.1591_pt-pt_e826b91027718e18.FullName to C:\scratchdir\Windows\WinSxS_edit\x86_microsoft.windows.c..-controls.resources_6595b64144ccf1df_5.82.26100.1591_pt-pt_e826b91027718e18
Copying x86_microsoft.windows.c..-controls.resources_6595b64144ccf1df_5.82.26100.1591_qps-ploc_a444aad0fe990c9c.FullName to C:\scratchdir\Windows\WinSxS_edit\x86_microsoft.windows.c..-controls.resources_6595b64144ccf1df_5.82.26100.1591_qps-ploc_a444aad0fe990c9c
Copying x86_microsoft.windows.c..-controls.resources_6595b64144ccf1df_5.82.26100.1591_qps..ocm_3ea1d886647785e5.FullName to C:\scratchdir\Windows\WinSxS_edit\x86_microsoft.windows.c..-controls.resources_6595b64144ccf1df_5.82.26100.1591_qps..ocm_3ea1d886647785e5
Copying x86_microsoft.windows.c..-controls.resources_6595b64144ccf1df_5.82.26100.1591_quz-pe_4c476f60c9026439.FullName to C:\scratchdir\Windows\WinSxS_edit\x86_microsoft.windows.c..-controls.resources_6595b64144ccf1df_5.82.26100.1591_quz-pe_4c476f60c9026439
Copying x86_microsoft.windows.c..-controls.resources_6595b64144ccf1df_5.82.26100.1591_ro-ro_2c617f480dd85974.FullName to C:\scratchdir\Windows\WinSxS_edit\x86_microsoft.windows.c..-controls.resources_6595b64144ccf1df_5.82.26100.1591_ro-ro_2c617f480dd85974
Copying x86_microsoft.windows.c..-controls.resources_6595b64144ccf1df_5.82.26100.1591_ru-ru_2ec9cad40c531c44.FullName to C:\scratchdir\Windows\WinSxS_edit\x86_microsoft.windows.c..-controls.resources_6595b64144ccf1df_5.82.26100.1591_ru-ru_2ec9cad40c531c44
Copying x86_microsoft.windows.c..-controls.resources_6595b64144ccf1df_5.82.26100.1591_sk-sk_cde4cf81016d0e6e.FullName to C:\scratchdir\Windows\WinSxS_edit\x86_microsoft.windows.c..-controls.resources_6595b64144ccf1df_5.82.26100.1591_sk-sk_cde4cf81016d0e6e
Copying x86_microsoft.windows.c..-controls.resources_6595b64144ccf1df_5.82.26100.1591_sl-si_ccf6f13902072151.FullName to C:\scratchdir\Windows\WinSxS_edit\x86_microsoft.windows.c..-controls.resources_6595b64144ccf1df_5.82.26100.1591_sl-si_ccf6f13902072151
Copying x86_microsoft.windows.c..-controls.resources_6595b64144ccf1df_5.82.26100.1591_sq-al_ce1711370152ed49.FullName to C:\scratchdir\Windows\WinSxS_edit\x86_microsoft.windows.c..-controls.resources_6595b64144ccf1df_5.82.26100.1591_sq-al_ce1711370152ed49
Copying x86_microsoft.windows.c..-controls.resources_6595b64144ccf1df_5.82.26100.1591_sr-..-ba_2a0ab08715f18f95.FullName to C:\scratchdir\Windows\WinSxS_edit\x86_microsoft.windows.c..-controls.resources_6595b64144ccf1df_5.82.26100.1591_sr-..-ba_2a0ab08715f18f95
Copying x86_microsoft.windows.c..-controls.resources_6595b64144ccf1df_5.82.26100.1591_sr-..-rs_306084cf11f3cef7.FullName to C:\scratchdir\Windows\WinSxS_edit\x86_microsoft.windows.c..-controls.resources_6595b64144ccf1df_5.82.26100.1591_sr-..-rs_306084cf11f3cef7
Copying x86_microsoft.windows.c..-controls.resources_6595b64144ccf1df_5.82.26100.1591_sr-..-rs_7327597d7718c882.FullName to C:\scratchdir\Windows\WinSxS_edit\x86_microsoft.windows.c..-controls.resources_6595b64144ccf1df_5.82.26100.1591_sr-..-rs_7327597d7718c882
Copying x86_microsoft.windows.c..-controls.resources_6595b64144ccf1df_5.82.26100.1591_sv-se_cac4b549037c269f.FullName to C:\scratchdir\Windows\WinSxS_edit\x86_microsoft.windows.c..-controls.resources_6595b64144ccf1df_5.82.26100.1591_sv-se_cac4b549037c269f
Copying x86_microsoft.windows.c..-controls.resources_6595b64144ccf1df_5.82.26100.1591_ta-in_72c4ac1bf2d12188.FullName to C:\scratchdir\Windows\WinSxS_edit\x86_microsoft.windows.c..-controls.resources_6595b64144ccf1df_5.82.26100.1591_ta-in_72c4ac1bf2d12188
Copying x86_microsoft.windows.c..-controls.resources_6595b64144ccf1df_5.82.26100.1591_te-in_72996c6bf2f1914c.FullName to C:\scratchdir\Windows\WinSxS_edit\x86_microsoft.windows.c..-controls.resources_6595b64144ccf1df_5.82.26100.1591_te-in_72996c6bf2f1914c
Copying x86_microsoft.windows.c..-controls.resources_6595b64144ccf1df_5.82.26100.1591_th-th_6fced6fbf4c0e3e0.FullName to C:\scratchdir\Windows\WinSxS_edit\x86_microsoft.windows.c..-controls.resources_6595b64144ccf1df_5.82.26100.1591_th-th_6fced6fbf4c0e3e0
Copying x86_microsoft.windows.c..-controls.resources_6595b64144ccf1df_5.82.26100.1591_tr-tr_73d1ff8ff2382890.FullName to C:\scratchdir\Windows\WinSxS_edit\x86_microsoft.windows.c..-controls.resources_6595b64144ccf1df_5.82.26100.1591_tr-tr_73d1ff8ff2382890
Copying x86_microsoft.windows.c..-controls.resources_6595b64144ccf1df_5.82.26100.1591_tt-ru_751122d1f16d3ac5.FullName to C:\scratchdir\Windows\WinSxS_edit\x86_microsoft.windows.c..-controls.resources_6595b64144ccf1df_5.82.26100.1591_tt-ru_751122d1f16d3ac5
Copying x86_microsoft.windows.c..-controls.resources_6595b64144ccf1df_5.82.26100.1591_ug-cn_15a2994ce5924ca1.FullName to C:\scratchdir\Windows\WinSxS_edit\x86_microsoft.windows.c..-controls.resources_6595b64144ccf1df_5.82.26100.1591_ug-cn_15a2994ce5924ca1
Copying x86_microsoft.windows.c..-controls.resources_6595b64144ccf1df_5.82.26100.1591_uk-ua_0fb1e236e9694edc.FullName to C:\scratchdir\Windows\WinSxS_edit\x86_microsoft.windows.c..-controls.resources_6595b64144ccf1df_5.82.26100.1591_uk-ua_0fb1e236e9694edc
Copying x86_microsoft.windows.c..-controls.resources_6595b64144ccf1df_5.82.26100.1591_ur-pk_13d5ec76e6c7bf94.FullName to C:\scratchdir\Windows\WinSxS_edit\x86_microsoft.windows.c..-controls.resources_6595b64144ccf1df_5.82.26100.1591_ur-pk_13d5ec76e6c7bf94
Copying x86_microsoft.windows.c..-controls.resources_6595b64144ccf1df_5.82.26100.1591_uz-..-uz_576ce8a1070e9744.FullName to C:\scratchdir\Windows\WinSxS_edit\x86_microsoft.windows.c..-controls.resources_6595b64144ccf1df_5.82.26100.1591_uz-..-uz_576ce8a1070e9744
Copying x86_microsoft.windows.c..-controls.resources_6595b64144ccf1df_5.82.26100.1591_vi-vn_b8a98ca5d83588af.FullName to C:\scratchdir\Windows\WinSxS_edit\x86_microsoft.windows.c..-controls.resources_6595b64144ccf1df_5.82.26100.1591_vi-vn_b8a98ca5d83588af
Copying x86_microsoft.windows.c..-controls.resources_6595b64144ccf1df_5.82.26100.1591_zh-cn_452f1d8da26ffaaf.FullName to C:\scratchdir\Windows\WinSxS_edit\x86_microsoft.windows.c..-controls.resources_6595b64144ccf1df_5.82.26100.1591_zh-cn_452f1d8da26ffaaf
Copying x86_microsoft.windows.c..-controls.resources_6595b64144ccf1df_5.82.26100.1591_zh-tw_492b5ae39fe0d71f.FullName to C:\scratchdir\Windows\WinSxS_edit\x86_microsoft.windows.c..-controls.resources_6595b64144ccf1df_5.82.26100.1591_zh-tw_492b5ae39fe0d71f
Copying x86_microsoft.windows.c..-controls.resources_6595b64144ccf1df_6.0.26100.1591_af-za_07a9a7ed5eecfe31.FullName to C:\scratchdir\Windows\WinSxS_edit\x86_microsoft.windows.c..-controls.resources_6595b64144ccf1df_6.0.26100.1591_af-za_07a9a7ed5eecfe31
Copying x86_microsoft.windows.c..-controls.resources_6595b64144ccf1df_6.0.26100.1591_am-et_0fccdf4b59b8fd98.FullName to C:\scratchdir\Windows\WinSxS_edit\x86_microsoft.windows.c..-controls.resources_6595b64144ccf1df_6.0.26100.1591_am-et_0fccdf4b59b8fd98
Copying x86_microsoft.windows.c..-controls.resources_6595b64144ccf1df_6.0.26100.1591_ar-sa_072888555f4d9a16.FullName to C:\scratchdir\Windows\WinSxS_edit\x86_microsoft.windows.c..-controls.resources_6595b64144ccf1df_6.0.26100.1591_ar-sa_072888555f4d9a16
Copying x86_microsoft.windows.c..-controls.resources_6595b64144ccf1df_6.0.26100.1591_as-in_0ce2798f5b9ff098.FullName to C:\scratchdir\Windows\WinSxS_edit\x86_microsoft.windows.c..-controls.resources_6595b64144ccf1df_6.0.26100.1591_as-in_0ce2798f5b9ff098
Copying x86_microsoft.windows.c..-controls.resources_6595b64144ccf1df_6.0.26100.1591_az-..-az_d5505cea4b146b85.FullName to C:\scratchdir\Windows\WinSxS_edit\x86_microsoft.windows.c..-controls.resources_6595b64144ccf1df_6.0.26100.1591_az-..-az_d5505cea4b146b85
Copying x86_microsoft.windows.c..-controls.resources_6595b64144ccf1df_6.0.26100.1591_be-by_b5798af24a9c0509.FullName to C:\scratchdir\Windows\WinSxS_edit\x86_microsoft.windows.c..-controls.resources_6595b64144ccf1df_6.0.26100.1591_be-by_b5798af24a9c0509
Copying x86_microsoft.windows.c..-controls.resources_6595b64144ccf1df_6.0.26100.1591_bg-bg_ad6869de4fcdeb6d.FullName to C:\scratchdir\Windows\WinSxS_edit\x86_microsoft.windows.c..-controls.resources_6595b64144ccf1df_6.0.26100.1591_bg-bg_ad6869de4fcdeb6d
Copying x86_microsoft.windows.c..-controls.resources_6595b64144ccf1df_6.0.26100.1591_bn-in_b036cd344e08821c.FullName to C:\scratchdir\Windows\WinSxS_edit\x86_microsoft.windows.c..-controls.resources_6595b64144ccf1df_6.0.26100.1591_bn-in_b036cd344e08821c
Copying x86_microsoft.windows.c..-controls.resources_6595b64144ccf1df_6.0.26100.1591_bs-..-ba_3017f7e2648d7e73.FullName to C:\scratchdir\Windows\WinSxS_edit\x86_microsoft.windows.c..-controls.resources_6595b64144ccf1df_6.0.26100.1591_bs-..-ba_3017f7e2648d7e73
Copying x86_microsoft.windows.c..-controls.resources_6595b64144ccf1df_6.0.26100.1591_ca-..cia_a732783f6e59c363.FullName to C:\scratchdir\Windows\WinSxS_edit\x86_microsoft.windows.c..-controls.resources_6595b64144ccf1df_6.0.26100.1591_ca-..cia_a732783f6e59c363
Copying x86_microsoft.windows.c..-controls.resources_6595b64144ccf1df_6.0.26100.1591_ca-es_56199f3f3ec2e437.FullName to C:\scratchdir\Windows\WinSxS_edit\x86_microsoft.windows.c..-controls.resources_6595b64144ccf1df_6.0.26100.1591_ca-es_56199f3f3ec2e437
Copying x86_microsoft.windows.c..-controls.resources_6595b64144ccf1df_6.0.26100.1591_chr..-us_6984274ad6d77deb.FullName to C:\scratchdir\Windows\WinSxS_edit\x86_microsoft.windows.c..-controls.resources_6595b64144ccf1df_6.0.26100.1591_chr..-us_6984274ad6d77deb
Copying x86_microsoft.windows.c..-controls.resources_6595b64144ccf1df_6.0.26100.1591_cs-cz_5871e0793d55c798.FullName to C:\scratchdir\Windows\WinSxS_edit\x86_microsoft.windows.c..-controls.resources_6595b64144ccf1df_6.0.26100.1591_cs-cz_5871e0793d55c798
Copying x86_microsoft.windows.c..-controls.resources_6595b64144ccf1df_6.0.26100.1591_cy-gb_4d8bf981445e691a.FullName to C:\scratchdir\Windows\WinSxS_edit\x86_microsoft.windows.c..-controls.resources_6595b64144ccf1df_6.0.26100.1591_cy-gb_4d8bf981445e691a
Copying x86_microsoft.windows.c..-controls.resources_6595b64144ccf1df_6.0.26100.1591_da-dk_f5abc0a0339bc397.FullName to C:\scratchdir\Windows\WinSxS_edit\x86_microsoft.windows.c..-controls.resources_6595b64144ccf1df_6.0.26100.1591_da-dk_f5abc0a0339bc397
Copying x86_microsoft.windows.c..-controls.resources_6595b64144ccf1df_6.0.26100.1591_de-de_f2d755dc35721831.FullName to C:\scratchdir\Windows\WinSxS_edit\x86_microsoft.windows.c..-controls.resources_6595b64144ccf1df_6.0.26100.1591_de-de_f2d755dc35721831
Copying x86_microsoft.windows.c..-controls.resources_6595b64144ccf1df_6.0.26100.1591_el-gr_9b6d836f248780bf.FullName to C:\scratchdir\Windows\WinSxS_edit\x86_microsoft.windows.c..-controls.resources_6595b64144ccf1df_6.0.26100.1591_el-gr_9b6d836f248780bf
Copying x86_microsoft.windows.c..-controls.resources_6595b64144ccf1df_6.0.26100.1591_en-gb_943f70b729277031.FullName to C:\scratchdir\Windows\WinSxS_edit\x86_microsoft.windows.c..-controls.resources_6595b64144ccf1df_6.0.26100.1591_en-gb_943f70b729277031
Copying x86_microsoft.windows.c..-controls.resources_6595b64144ccf1df_6.0.26100.1591_en-us_9bc82bd5245023f6.FullName to C:\scratchdir\Windows\WinSxS_edit\x86_microsoft.windows.c..-controls.resources_6595b64144ccf1df_6.0.26100.1591_en-us_9bc82bd5245023f6
Copying x86_microsoft.windows.c..-controls.resources_6595b64144ccf1df_6.0.26100.1591_es-es_9b9388b92477159b.FullName to C:\scratchdir\Windows\WinSxS_edit\x86_microsoft.windows.c..-controls.resources_6595b64144ccf1df_6.0.26100.1591_es-es_9b9388b92477159b
Copying x86_microsoft.windows.c..-controls.resources_6595b64144ccf1df_6.0.26100.1591_es-mx_9dca765f230af946.FullName to C:\scratchdir\Windows\WinSxS_edit\x86_microsoft.windows.c..-controls.resources_6595b64144ccf1df_6.0.26100.1591_es-mx_9dca765f230af946
Copying x86_microsoft.windows.c..-controls.resources_6595b64144ccf1df_6.0.26100.1591_et-ee_95535449287cf22a.FullName to C:\scratchdir\Windows\WinSxS_edit\x86_microsoft.windows.c..-controls.resources_6595b64144ccf1df_6.0.26100.1591_et-ee_95535449287cf22a
Copying x86_microsoft.windows.c..-controls.resources_6595b64144ccf1df_6.0.26100.1591_eu-es_9b7de8e124874d7d.FullName to C:\scratchdir\Windows\WinSxS_edit\x86_microsoft.windows.c..-controls.resources_6595b64144ccf1df_6.0.26100.1591_eu-es_9b7de8e124874d7d
Copying x86_microsoft.windows.c..-controls.resources_6595b64144ccf1df_6.0.26100.1591_fa-ir_3f02890c16bf9ddf.FullName to C:\scratchdir\Windows\WinSxS_edit\x86_microsoft.windows.c..-controls.resources_6595b64144ccf1df_6.0.26100.1591_fa-ir_3f02890c16bf9ddf
Copying x86_microsoft.windows.c..-controls.resources_6595b64144ccf1df_6.0.26100.1591_fi-fi_3aae8d66199107c5.FullName to C:\scratchdir\Windows\WinSxS_edit\x86_microsoft.windows.c..-controls.resources_6595b64144ccf1df_6.0.26100.1591_fi-fi_3aae8d66199107c5
Copying x86_microsoft.windows.c..-controls.resources_6595b64144ccf1df_6.0.26100.1591_fil-ph_dee98c725eae937c.FullName to C:\scratchdir\Windows\WinSxS_edit\x86_microsoft.windows.c..-controls.resources_6595b64144ccf1df_6.0.26100.1591_fil-ph_dee98c725eae937c
Copying x86_microsoft.windows.c..-controls.resources_6595b64144ccf1df_6.0.26100.1591_fr-ca_36c149021c219223.FullName to C:\scratchdir\Windows\WinSxS_edit\x86_microsoft.windows.c..-controls.resources_6595b64144ccf1df_6.0.26100.1591_fr-ca_36c149021c219223
Copying x86_microsoft.windows.c..-controls.resources_6595b64144ccf1df_6.0.26100.1591_fr-fr_3e4afeb817492bfd.FullName to C:\scratchdir\Windows\WinSxS_edit\x86_microsoft.windows.c..-controls.resources_6595b64144ccf1df_6.0.26100.1591_fr-fr_3e4afeb817492bfd
Copying x86_microsoft.windows.c..-controls.resources_6595b64144ccf1df_6.0.26100.1591_ga-ie_dc5cefbf0d05803d.FullName to C:\scratchdir\Windows\WinSxS_edit\x86_microsoft.windows.c..-controls.resources_6595b64144ccf1df_6.0.26100.1591_ga-ie_dc5cefbf0d05803d
Copying x86_microsoft.windows.c..-controls.resources_6595b64144ccf1df_6.0.26100.1591_gd-gb_dae818010df89339.FullName to C:\scratchdir\Windows\WinSxS_edit\x86_microsoft.windows.c..-controls.resources_6595b64144ccf1df_6.0.26100.1591_gd-gb_dae818010df89339
Copying x86_microsoft.windows.c..-controls.resources_6595b64144ccf1df_6.0.26100.1591_gl-es_e21bc03f09608c76.FullName to C:\scratchdir\Windows\WinSxS_edit\x86_microsoft.windows.c..-controls.resources_6595b64144ccf1df_6.0.26100.1591_gl-es_e21bc03f09608c76
Copying x86_microsoft.windows.c..-controls.resources_6595b64144ccf1df_6.0.26100.1591_gu-in_df8271ed0b16d7d0.FullName to C:\scratchdir\Windows\WinSxS_edit\x86_microsoft.windows.c..-controls.resources_6595b64144ccf1df_6.0.26100.1591_gu-in_df8271ed0b16d7d0
Copying x86_microsoft.windows.c..-controls.resources_6595b64144ccf1df_6.0.26100.1591_he-il_826aa659fdb82ceb.FullName to C:\scratchdir\Windows\WinSxS_edit\x86_microsoft.windows.c..-controls.resources_6595b64144ccf1df_6.0.26100.1591_he-il_826aa659fdb82ceb
Copying x86_microsoft.windows.c..-controls.resources_6595b64144ccf1df_6.0.26100.1591_hi-in_83227505fd46a5bd.FullName to C:\scratchdir\Windows\WinSxS_edit\x86_microsoft.windows.c..-controls.resources_6595b64144ccf1df_6.0.26100.1591_hi-in_83227505fd46a5bd
Copying x86_microsoft.windows.c..-controls.resources_6595b64144ccf1df_6.0.26100.1591_hr-hr_84875939fc6b99b1.FullName to C:\scratchdir\Windows\WinSxS_edit\x86_microsoft.windows.c..-controls.resources_6595b64144ccf1df_6.0.26100.1591_hr-hr_84875939fc6b99b1
Copying x86_microsoft.windows.c..-controls.resources_6595b64144ccf1df_6.0.26100.1591_hu-hu_85bb7efffba8fb19.FullName to C:\scratchdir\Windows\WinSxS_edit\x86_microsoft.windows.c..-controls.resources_6595b64144ccf1df_6.0.26100.1591_hu-hu_85bb7efffba8fb19
Copying x86_microsoft.windows.c..-controls.resources_6595b64144ccf1df_6.0.26100.1591_hy-am_8204a557fe10933e.FullName to C:\scratchdir\Windows\WinSxS_edit\x86_microsoft.windows.c..-controls.resources_6595b64144ccf1df_6.0.26100.1591_hy-am_8204a557fe10933e
Copying x86_microsoft.windows.c..-controls.resources_6595b64144ccf1df_6.0.26100.1591_id-id_220780def28909fb.FullName to C:\scratchdir\Windows\WinSxS_edit\x86_microsoft.windows.c..-controls.resources_6595b64144ccf1df_6.0.26100.1591_id-id_220780def28909fb
Copying x86_microsoft.windows.c..-controls.resources_6595b64144ccf1df_6.0.26100.1591_is-is_280c3dbceebbf103.FullName to C:\scratchdir\Windows\WinSxS_edit\x86_microsoft.windows.c..-controls.resources_6595b64144ccf1df_6.0.26100.1591_is-is_280c3dbceebbf103
Copying x86_microsoft.windows.c..-controls.resources_6595b64144ccf1df_6.0.26100.1591_it-it_2872f4feee7b117b.FullName to C:\scratchdir\Windows\WinSxS_edit\x86_microsoft.windows.c..-controls.resources_6595b64144ccf1df_6.0.26100.1591_it-it_2872f4feee7b117b
Copying x86_microsoft.windows.c..-controls.resources_6595b64144ccf1df_6.0.26100.1591_ja-jp_ca98740be1962356.FullName to C:\scratchdir\Windows\WinSxS_edit\x86_microsoft.windows.c..-controls.resources_6595b64144ccf1df_6.0.26100.1591_ja-jp_ca98740be1962356
Copying x86_microsoft.windows.c..-controls.resources_6595b64144ccf1df_6.0.26100.1591_ka-ge_68d62d72d749c1df.FullName to C:\scratchdir\Windows\WinSxS_edit\x86_microsoft.windows.c..-controls.resources_6595b64144ccf1df_6.0.26100.1591_ka-ge_68d62d72d749c1df
Copying x86_microsoft.windows.c..-controls.resources_6595b64144ccf1df_6.0.26100.1591_kk-kz_71b9c9e0d19e9ee0.FullName to C:\scratchdir\Windows\WinSxS_edit\x86_microsoft.windows.c..-controls.resources_6595b64144ccf1df_6.0.26100.1591_kk-kz_71b9c9e0d19e9ee0
Copying x86_microsoft.windows.c..-controls.resources_6595b64144ccf1df_6.0.26100.1591_km-kh_69a8a8ccd6d08544.FullName to C:\scratchdir\Windows\WinSxS_edit\x86_microsoft.windows.c..-controls.resources_6595b64144ccf1df_6.0.26100.1591_km-kh_69a8a8ccd6d08544
Copying x86_microsoft.windows.c..-controls.resources_6595b64144ccf1df_6.0.26100.1591_kn-in_6c473184d522891d.FullName to C:\scratchdir\Windows\WinSxS_edit\x86_microsoft.windows.c..-controls.resources_6595b64144ccf1df_6.0.26100.1591_kn-in_6c473184d522891d
Copying x86_microsoft.windows.c..-controls.resources_6595b64144ccf1df_6.0.26100.1591_ko-kr_6e0250c0d406ea6c.FullName to C:\scratchdir\Windows\WinSxS_edit\x86_microsoft.windows.c..-controls.resources_6595b64144ccf1df_6.0.26100.1591_ko-kr_6e0250c0d406ea6c
Copying x86_microsoft.windows.c..-controls.resources_6595b64144ccf1df_6.0.26100.1591_kok-in_1ba54c43d153d611.FullName to C:\scratchdir\Windows\WinSxS_edit\x86_microsoft.windows.c..-controls.resources_6595b64144ccf1df_6.0.26100.1591_kok-in_1ba54c43d153d611
Copying x86_microsoft.windows.c..-controls.resources_6595b64144ccf1df_6.0.26100.1591_lb-lu_1301a287c553c39e.FullName to C:\scratchdir\Windows\WinSxS_edit\x86_microsoft.windows.c..-controls.resources_6595b64144ccf1df_6.0.26100.1591_lb-lu_1301a287c553c39e
Copying x86_microsoft.windows.c..-controls.resources_6595b64144ccf1df_6.0.26100.1591_lo-la_099683f3cb70d44f.FullName to C:\scratchdir\Windows\WinSxS_edit\x86_microsoft.windows.c..-controls.resources_6595b64144ccf1df_6.0.26100.1591_lo-la_099683f3cb70d44f
Copying x86_microsoft.windows.c..-controls.resources_6595b64144ccf1df_6.0.26100.1591_lt-lt_11cd7cc1c62eb609.FullName to C:\scratchdir\Windows\WinSxS_edit\x86_microsoft.windows.c..-controls.resources_6595b64144ccf1df_6.0.26100.1591_lt-lt_11cd7cc1c62eb609
Copying x86_microsoft.windows.c..-controls.resources_6595b64144ccf1df_6.0.26100.1591_lv-lv_129aeb45c5acf6f9.FullName to C:\scratchdir\Windows\WinSxS_edit\x86_microsoft.windows.c..-controls.resources_6595b64144ccf1df_6.0.26100.1591_lv-lv_129aeb45c5acf6f9
Copying x86_microsoft.windows.c..-controls.resources_6595b64144ccf1df_6.0.26100.1591_mi-nz_b80bad72b6b0ee53.FullName to C:\scratchdir\Windows\WinSxS_edit\x86_microsoft.windows.c..-controls.resources_6595b64144ccf1df_6.0.26100.1591_mi-nz_b80bad72b6b0ee53
Copying x86_microsoft.windows.c..-controls.resources_6595b64144ccf1df_6.0.26100.1591_mk-mk_b14f38b0bb07c8ab.FullName to C:\scratchdir\Windows\WinSxS_edit\x86_microsoft.windows.c..-controls.resources_6595b64144ccf1df_6.0.26100.1591_mk-mk_b14f38b0bb07c8ab
Copying x86_microsoft.windows.c..-controls.resources_6595b64144ccf1df_6.0.26100.1591_ml-in_b299596eba348bad.FullName to C:\scratchdir\Windows\WinSxS_edit\x86_microsoft.windows.c..-controls.resources_6595b64144ccf1df_6.0.26100.1591_ml-in_b299596eba348bad
Copying x86_microsoft.windows.c..-controls.resources_6595b64144ccf1df_6.0.26100.1591_mr-in_b25879e6ba653353.FullName to C:\scratchdir\Windows\WinSxS_edit\x86_microsoft.windows.c..-controls.resources_6595b64144ccf1df_6.0.26100.1591_mr-in_b25879e6ba653353
Copying x86_microsoft.windows.c..-controls.resources_6595b64144ccf1df_6.0.26100.1591_ms-my_b72e1dd4b74ae795.FullName to C:\scratchdir\Windows\WinSxS_edit\x86_microsoft.windows.c..-controls.resources_6595b64144ccf1df_6.0.26100.1591_ms-my_b72e1dd4b74ae795
Copying x86_microsoft.windows.c..-controls.resources_6595b64144ccf1df_6.0.26100.1591_mt-mt_b4ebaa02b8bfece3.FullName to C:\scratchdir\Windows\WinSxS_edit\x86_microsoft.windows.c..-controls.resources_6595b64144ccf1df_6.0.26100.1591_mt-mt_b4ebaa02b8bfece3
Copying x86_microsoft.windows.c..-controls.resources_6595b64144ccf1df_6.0.26100.1591_nb-no_5694d1f5ac2c1628.FullName to C:\scratchdir\Windows\WinSxS_edit\x86_microsoft.windows.c..-controls.resources_6595b64144ccf1df_6.0.26100.1591_nb-no_5694d1f5ac2c1628
Copying x86_microsoft.windows.c..-controls.resources_6595b64144ccf1df_6.0.26100.1591_ne-np_56e5e95fabfb6e82.FullName to C:\scratchdir\Windows\WinSxS_edit\x86_microsoft.windows.c..-controls.resources_6595b64144ccf1df_6.0.26100.1591_ne-np_56e5e95fabfb6e82
Copying x86_microsoft.windows.c..-controls.resources_6595b64144ccf1df_6.0.26100.1591_nl-nl_54d41d33ad581ffd.FullName to C:\scratchdir\Windows\WinSxS_edit\x86_microsoft.windows.c..-controls.resources_6595b64144ccf1df_6.0.26100.1591_nl-nl_54d41d33ad581ffd
Copying x86_microsoft.windows.c..-controls.resources_6595b64144ccf1df_6.0.26100.1591_nn-no_561312e5ac8d6574.FullName to C:\scratchdir\Windows\WinSxS_edit\x86_microsoft.windows.c..-controls.resources_6595b64144ccf1df_6.0.26100.1591_nn-no_561312e5ac8d6574
Copying x86_microsoft.windows.c..-controls.resources_6595b64144ccf1df_6.0.26100.1591_or-in_f89501f89f876dc5.FullName to C:\scratchdir\Windows\WinSxS_edit\x86_microsoft.windows.c..-controls.resources_6595b64144ccf1df_6.0.26100.1591_or-in_f89501f89f876dc5
Copying x86_microsoft.windows.c..-controls.resources_6595b64144ccf1df_6.0.26100.1591_pa-in_9c6b14ad918eaffd.FullName to C:\scratchdir\Windows\WinSxS_edit\x86_microsoft.windows.c..-controls.resources_6595b64144ccf1df_6.0.26100.1591_pa-in_9c6b14ad918eaffd
Copying x86_microsoft.windows.c..-controls.resources_6595b64144ccf1df_6.0.26100.1591_pl-pl_9b1077b5927a8db1.FullName to C:\scratchdir\Windows\WinSxS_edit\x86_microsoft.windows.c..-controls.resources_6595b64144ccf1df_6.0.26100.1591_pl-pl_9b1077b5927a8db1
Copying x86_microsoft.windows.c..-controls.resources_6595b64144ccf1df_6.0.26100.1591_pt-br_9d64625991042195.FullName to C:\scratchdir\Windows\WinSxS_edit\x86_microsoft.windows.c..-controls.resources_6595b64144ccf1df_6.0.26100.1591_pt-br_9d64625991042195
Copying x86_microsoft.windows.c..-controls.resources_6595b64144ccf1df_6.0.26100.1591_pt-pt_9e4631c590739171.FullName to C:\scratchdir\Windows\WinSxS_edit\x86_microsoft.windows.c..-controls.resources_6595b64144ccf1df_6.0.26100.1591_pt-pt_9e4631c590739171
Copying x86_microsoft.windows.c..-controls.resources_6595b64144ccf1df_6.0.26100.1591_qps-ploc_5a642386679b0ff5.FullName to C:\scratchdir\Windows\WinSxS_edit\x86_microsoft.windows.c..-controls.resources_6595b64144ccf1df_6.0.26100.1591_qps-ploc_5a642386679b0ff5
Copying x86_microsoft.windows.c..-controls.resources_6595b64144ccf1df_6.0.26100.1591_qps..ocm_f4c1513bcd79893e.FullName to C:\scratchdir\Windows\WinSxS_edit\x86_microsoft.windows.c..-controls.resources_6595b64144ccf1df_6.0.26100.1591_qps..ocm_f4c1513bcd79893e
Copying x86_microsoft.windows.c..-controls.resources_6595b64144ccf1df_6.0.26100.1591_quz-pe_0266e81632046792.FullName to C:\scratchdir\Windows\WinSxS_edit\x86_microsoft.windows.c..-controls.resources_6595b64144ccf1df_6.0.26100.1591_quz-pe_0266e81632046792
Copying x86_microsoft.windows.c..-controls.resources_6595b64144ccf1df_6.0.26100.1591_ro-ro_e280f7fd76da5ccd.FullName to C:\scratchdir\Windows\WinSxS_edit\x86_microsoft.windows.c..-controls.resources_6595b64144ccf1df_6.0.26100.1591_ro-ro_e280f7fd76da5ccd
Copying x86_microsoft.windows.c..-controls.resources_6595b64144ccf1df_6.0.26100.1591_ru-ru_e4e9438975551f9d.FullName to C:\scratchdir\Windows\WinSxS_edit\x86_microsoft.windows.c..-controls.resources_6595b64144ccf1df_6.0.26100.1591_ru-ru_e4e9438975551f9d
Copying x86_microsoft.windows.c..-controls.resources_6595b64144ccf1df_6.0.26100.1591_sk-sk_840448366a6f11c7.FullName to C:\scratchdir\Windows\WinSxS_edit\x86_microsoft.windows.c..-controls.resources_6595b64144ccf1df_6.0.26100.1591_sk-sk_840448366a6f11c7
Copying x86_microsoft.windows.c..-controls.resources_6595b64144ccf1df_6.0.26100.1591_sl-si_831669ee6b0924aa.FullName to C:\scratchdir\Windows\WinSxS_edit\x86_microsoft.windows.c..-controls.resources_6595b64144ccf1df_6.0.26100.1591_sl-si_831669ee6b0924aa
Copying x86_microsoft.windows.c..-controls.resources_6595b64144ccf1df_6.0.26100.1591_sq-al_843689ec6a54f0a2.FullName to C:\scratchdir\Windows\WinSxS_edit\x86_microsoft.windows.c..-controls.resources_6595b64144ccf1df_6.0.26100.1591_sq-al_843689ec6a54f0a2
Copying x86_microsoft.windows.c..-controls.resources_6595b64144ccf1df_6.0.26100.1591_sr-..-ba_e02a293c7ef392ee.FullName to C:\scratchdir\Windows\WinSxS_edit\x86_microsoft.windows.c..-controls.resources_6595b64144ccf1df_6.0.26100.1591_sr-..-ba_e02a293c7ef392ee
Copying x86_microsoft.windows.c..-controls.resources_6595b64144ccf1df_6.0.26100.1591_sr-..-rs_2946d232e01acbdb.FullName to C:\scratchdir\Windows\WinSxS_edit\x86_microsoft.windows.c..-controls.resources_6595b64144ccf1df_6.0.26100.1591_sr-..-rs_2946d232e01acbdb
Copying x86_microsoft.windows.c..-controls.resources_6595b64144ccf1df_6.0.26100.1591_sr-..-rs_e67ffd847af5d250.FullName to C:\scratchdir\Windows\WinSxS_edit\x86_microsoft.windows.c..-controls.resources_6595b64144ccf1df_6.0.26100.1591_sr-..-rs_e67ffd847af5d250
Copying x86_microsoft.windows.c..-controls.resources_6595b64144ccf1df_6.0.26100.1591_sv-se_80e42dfe6c7e29f8.FullName to C:\scratchdir\Windows\WinSxS_edit\x86_microsoft.windows.c..-controls.resources_6595b64144ccf1df_6.0.26100.1591_sv-se_80e42dfe6c7e29f8
Copying x86_microsoft.windows.c..-controls.resources_6595b64144ccf1df_6.0.26100.1591_ta-in_28e424d15bd324e1.FullName to C:\scratchdir\Windows\WinSxS_edit\x86_microsoft.windows.c..-controls.resources_6595b64144ccf1df_6.0.26100.1591_ta-in_28e424d15bd324e1
Copying x86_microsoft.windows.c..-controls.resources_6595b64144ccf1df_6.0.26100.1591_te-in_28b8e5215bf394a5.FullName to C:\scratchdir\Windows\WinSxS_edit\x86_microsoft.windows.c..-controls.resources_6595b64144ccf1df_6.0.26100.1591_te-in_28b8e5215bf394a5
Copying x86_microsoft.windows.c..-controls.resources_6595b64144ccf1df_6.0.26100.1591_th-th_25ee4fb15dc2e739.FullName to C:\scratchdir\Windows\WinSxS_edit\x86_microsoft.windows.c..-controls.resources_6595b64144ccf1df_6.0.26100.1591_th-th_25ee4fb15dc2e739
Copying x86_microsoft.windows.c..-controls.resources_6595b64144ccf1df_6.0.26100.1591_tr-tr_29f178455b3a2be9.FullName to C:\scratchdir\Windows\WinSxS_edit\x86_microsoft.windows.c..-controls.resources_6595b64144ccf1df_6.0.26100.1591_tr-tr_29f178455b3a2be9
Copying x86_microsoft.windows.c..-controls.resources_6595b64144ccf1df_6.0.26100.1591_tt-ru_2b309b875a6f3e1e.FullName to C:\scratchdir\Windows\WinSxS_edit\x86_microsoft.windows.c..-controls.resources_6595b64144ccf1df_6.0.26100.1591_tt-ru_2b309b875a6f3e1e
Copying x86_microsoft.windows.c..-controls.resources_6595b64144ccf1df_6.0.26100.1591_ug-cn_cbc212024e944ffa.FullName to C:\scratchdir\Windows\WinSxS_edit\x86_microsoft.windows.c..-controls.resources_6595b64144ccf1df_6.0.26100.1591_ug-cn_cbc212024e944ffa
Copying x86_microsoft.windows.c..-controls.resources_6595b64144ccf1df_6.0.26100.1591_uk-ua_c5d15aec526b5235.FullName to C:\scratchdir\Windows\WinSxS_edit\x86_microsoft.windows.c..-controls.resources_6595b64144ccf1df_6.0.26100.1591_uk-ua_c5d15aec526b5235
Copying x86_microsoft.windows.c..-controls.resources_6595b64144ccf1df_6.0.26100.1591_ur-pk_c9f5652c4fc9c2ed.FullName to C:\scratchdir\Windows\WinSxS_edit\x86_microsoft.windows.c..-controls.resources_6595b64144ccf1df_6.0.26100.1591_ur-pk_c9f5652c4fc9c2ed
Copying x86_microsoft.windows.c..-controls.resources_6595b64144ccf1df_6.0.26100.1591_uz-..-uz_0d8c615670109a9d.FullName to C:\scratchdir\Windows\WinSxS_edit\x86_microsoft.windows.c..-controls.resources_6595b64144ccf1df_6.0.26100.1591_uz-..-uz_0d8c615670109a9d
Copying x86_microsoft.windows.c..-controls.resources_6595b64144ccf1df_6.0.26100.1591_vi-vn_6ec9055b41378c08.FullName to C:\scratchdir\Windows\WinSxS_edit\x86_microsoft.windows.c..-controls.resources_6595b64144ccf1df_6.0.26100.1591_vi-vn_6ec9055b41378c08
Copying x86_microsoft.windows.c..-controls.resources_6595b64144ccf1df_6.0.26100.1591_zh-cn_fb4e96430b71fe08.FullName to C:\scratchdir\Windows\WinSxS_edit\x86_microsoft.windows.c..-controls.resources_6595b64144ccf1df_6.0.26100.1591_zh-cn_fb4e96430b71fe08
Copying x86_microsoft.windows.c..-controls.resources_6595b64144ccf1df_6.0.26100.1591_zh-tw_ff4ad39908e2da78.FullName to C:\scratchdir\Windows\WinSxS_edit\x86_microsoft.windows.c..-controls.resources_6595b64144ccf1df_6.0.26100.1591_zh-tw_ff4ad39908e2da78
Copying x86_microsoft.windows.common-controls_6595b64144ccf1df_5.82.26100.8037_none_cf98fbe08eabc758.FullName to C:\scratchdir\Windows\WinSxS_edit\x86_microsoft.windows.common-controls_6595b64144ccf1df_5.82.26100.8037_none_cf98fbe08eabc758
Copying x86_microsoft.windows.common-controls_6595b64144ccf1df_6.0.26100.8037_none_85b66681f7afde41.FullName to C:\scratchdir\Windows\WinSxS_edit\x86_microsoft.windows.common-controls_6595b64144ccf1df_6.0.26100.8037_none_85b66681f7afde41
Copying x86_microsoft.windows.gdiplus_6595b64144ccf1df_1.0.26100.8036_none_c750014ab93c64c7.FullName to C:\scratchdir\Windows\WinSxS_edit\x86_microsoft.windows.gdiplus_6595b64144ccf1df_1.0.26100.8036_none_c750014ab93c64c7
Copying x86_microsoft.windows.gdiplus_6595b64144ccf1df_1.1.26100.8036_none_b6a1702f52423e6e.FullName to C:\scratchdir\Windows\WinSxS_edit\x86_microsoft.windows.gdiplus_6595b64144ccf1df_1.1.26100.8036_none_b6a1702f52423e6e
Copying x86_microsoft.windows.i..utomation.proxystub_6595b64144ccf1df_1.0.26100.5074_none_e0bda70384ff7581.FullName to C:\scratchdir\Windows\WinSxS_edit\x86_microsoft.windows.i..utomation.proxystub_6595b64144ccf1df_1.0.26100.5074_none_e0bda70384ff7581
Copying x86_microsoft.windows.isolationautomation_6595b64144ccf1df_1.0.26100.5074_none_374655d025f55b6d.FullName to C:\scratchdir\Windows\WinSxS_edit\x86_microsoft.windows.isolationautomation_6595b64144ccf1df_1.0.26100.5074_none_374655d025f55b6d
Copying x86_microsoft-windows-s..ngstack-onecorebase_31bf3856ad364e35_10.0.26100.1_none_915a02a692134624.FullName to C:\scratchdir\Windows\WinSxS_edit\x86_microsoft-windows-s..ngstack-onecorebase_31bf3856ad364e35_10.0.26100.1_none_915a02a692134624
Copying x86_microsoft-windows-s..ngstack-onecorebase_31bf3856ad364e35_10.0.26100.8035_none_30561576d96ab1b9.FullName to C:\scratchdir\Windows\WinSxS_edit\x86_microsoft-windows-s..ngstack-onecorebase_31bf3856ad364e35_10.0.26100.8035_none_30561576d96ab1b9
Copying x86_microsoft-windows-s..stack-termsrv-extra_31bf3856ad364e35_10.0.26100.1_none_b3a5df5befe29a8a.FullName to C:\scratchdir\Windows\WinSxS_edit\x86_microsoft-windows-s..stack-termsrv-extra_31bf3856ad364e35_10.0.26100.1_none_b3a5df5befe29a8a
Copying x86_microsoft-windows-s..stack-termsrv-extra_31bf3856ad364e35_10.0.26100.8035_none_52a1f22c373a061f.FullName to C:\scratchdir\Windows\WinSxS_edit\x86_microsoft-windows-s..stack-termsrv-extra_31bf3856ad364e35_10.0.26100.8035_none_52a1f22c373a061f
Copying x86_microsoft-windows-servicingstack_31bf3856ad364e35_10.0.26100.1_none_aa346e257779a3b3.FullName to C:\scratchdir\Windows\WinSxS_edit\x86_microsoft-windows-servicingstack_31bf3856ad364e35_10.0.26100.1_none_aa346e257779a3b3
Copying x86_microsoft-windows-servicingstack_31bf3856ad364e35_10.0.26100.8035_none_493080f5bed10f48.FullName to C:\scratchdir\Windows\WinSxS_edit\x86_microsoft-windows-servicingstack_31bf3856ad364e35_10.0.26100.8035_none_493080f5bed10f48
Copying x86_microsoft-windows-servicingstack-inetsrv_31bf3856ad364e35_10.0.26100.1_none_d6023c941726efdb.FullName to C:\scratchdir\Windows\WinSxS_edit\x86_microsoft-windows-servicingstack-inetsrv_31bf3856ad364e35_10.0.26100.1_none_d6023c941726efdb
Copying x86_microsoft-windows-servicingstack-inetsrv_31bf3856ad364e35_10.0.26100.8035_none_74fe4f645e7e5b70.FullName to C:\scratchdir\Windows\WinSxS_edit\x86_microsoft-windows-servicingstack-inetsrv_31bf3856ad364e35_10.0.26100.8035_none_74fe4f645e7e5b70
Copying x86_microsoft-windows-servicingstack-onecore_31bf3856ad364e35_10.0.26100.1_none_df260336cf7cc149.FullName to C:\scratchdir\Windows\WinSxS_edit\x86_microsoft-windows-servicingstack-onecore_31bf3856ad364e35_10.0.26100.1_none_df260336cf7cc149
Copying x86_microsoft-windows-servicingstack-onecore_31bf3856ad364e35_10.0.26100.8035_none_7e22160716d42cde.FullName to C:\scratchdir\Windows\WinSxS_edit\x86_microsoft-windows-servicingstack-onecore_31bf3856ad364e35_10.0.26100.8035_none_7e22160716d42cde
Copying amd64_microsoft.vc80.crt_1fc8b3b9a1e18e3b_8.0.50727.9680_none_88e394a52fab6222.FullName to C:\scratchdir\Windows\WinSxS_edit\amd64_microsoft.vc80.crt_1fc8b3b9a1e18e3b_8.0.50727.9680_none_88e394a52fab6222
Copying amd64_microsoft.vc90.crt_1fc8b3b9a1e18e3b_9.0.30729.9635_none_08e2c157a83ed5da.FullName to C:\scratchdir\Windows\WinSxS_edit\amd64_microsoft.vc90.crt_1fc8b3b9a1e18e3b_9.0.30729.9635_none_08e2c157a83ed5da
Copying amd64_microsoft.windows.c..-controls.resources_6595b64144ccf1df_5.82.26100.1591_af-za_09dcf860e16ed1d2.FullName to C:\scratchdir\Windows\WinSxS_edit\amd64_microsoft.windows.c..-controls.resources_6595b64144ccf1df_5.82.26100.1591_af-za_09dcf860e16ed1d2
Copying amd64_microsoft.windows.c..-controls.resources_6595b64144ccf1df_5.82.26100.1591_am-et_12002fbedc3ad139.FullName to C:\scratchdir\Windows\WinSxS_edit\amd64_microsoft.windows.c..-controls.resources_6595b64144ccf1df_5.82.26100.1591_am-et_12002fbedc3ad139
Copying amd64_microsoft.windows.c..-controls.resources_6595b64144ccf1df_5.82.26100.1591_ar-sa_095bd8c8e1cf6db7.FullName to C:\scratchdir\Windows\WinSxS_edit\amd64_microsoft.windows.c..-controls.resources_6595b64144ccf1df_5.82.26100.1591_ar-sa_095bd8c8e1cf6db7
Copying amd64_microsoft.windows.c..-controls.resources_6595b64144ccf1df_5.82.26100.1591_as-in_0f15ca02de21c439.FullName to C:\scratchdir\Windows\WinSxS_edit\amd64_microsoft.windows.c..-controls.resources_6595b64144ccf1df_5.82.26100.1591_as-in_0f15ca02de21c439
Copying amd64_microsoft.windows.c..-controls.resources_6595b64144ccf1df_5.82.26100.1591_az-..-az_d783ad5dcd963f26.FullName to C:\scratchdir\Windows\WinSxS_edit\amd64_microsoft.windows.c..-controls.resources_6595b64144ccf1df_5.82.26100.1591_az-..-az_d783ad5dcd963f26
Copying amd64_microsoft.windows.c..-controls.resources_6595b64144ccf1df_5.82.26100.1591_be-by_b7acdb65cd1dd8aa.FullName to C:\scratchdir\Windows\WinSxS_edit\amd64_microsoft.windows.c..-controls.resources_6595b64144ccf1df_5.82.26100.1591_be-by_b7acdb65cd1dd8aa
Copying amd64_microsoft.windows.c..-controls.resources_6595b64144ccf1df_5.82.26100.1591_bg-bg_af9bba51d24fbf0e.FullName to C:\scratchdir\Windows\WinSxS_edit\amd64_microsoft.windows.c..-controls.resources_6595b64144ccf1df_5.82.26100.1591_bg-bg_af9bba51d24fbf0e
Copying amd64_microsoft.windows.c..-controls.resources_6595b64144ccf1df_5.82.26100.1591_bn-in_b26a1da7d08a55bd.FullName to C:\scratchdir\Windows\WinSxS_edit\amd64_microsoft.windows.c..-controls.resources_6595b64144ccf1df_5.82.26100.1591_bn-in_b26a1da7d08a55bd
Copying amd64_microsoft.windows.c..-controls.resources_6595b64144ccf1df_5.82.26100.1591_bs-..-ba_324b4855e70f5214.FullName to C:\scratchdir\Windows\WinSxS_edit\amd64_microsoft.windows.c..-controls.resources_6595b64144ccf1df_5.82.26100.1591_bs-..-ba_324b4855e70f5214
Copying amd64_microsoft.windows.c..-controls.resources_6595b64144ccf1df_5.82.26100.1591_ca-..cia_a965c8b2f0db9704.FullName to C:\scratchdir\Windows\WinSxS_edit\amd64_microsoft.windows.c..-controls.resources_6595b64144ccf1df_5.82.26100.1591_ca-..cia_a965c8b2f0db9704
Copying amd64_microsoft.windows.c..-controls.resources_6595b64144ccf1df_5.82.26100.1591_ca-es_584cefb2c144b7d8.FullName to C:\scratchdir\Windows\WinSxS_edit\amd64_microsoft.windows.c..-controls.resources_6595b64144ccf1df_5.82.26100.1591_ca-es_584cefb2c144b7d8
Copying amd64_microsoft.windows.c..-controls.resources_6595b64144ccf1df_5.82.26100.1591_chr..-us_6bb777be5959518c.FullName to C:\scratchdir\Windows\WinSxS_edit\amd64_microsoft.windows.c..-controls.resources_6595b64144ccf1df_5.82.26100.1591_chr..-us_6bb777be5959518c
Copying amd64_microsoft.windows.c..-controls.resources_6595b64144ccf1df_5.82.26100.1591_cs-cz_5aa530ecbfd79b39.FullName to C:\scratchdir\Windows\WinSxS_edit\amd64_microsoft.windows.c..-controls.resources_6595b64144ccf1df_5.82.26100.1591_cs-cz_5aa530ecbfd79b39
Copying amd64_microsoft.windows.c..-controls.resources_6595b64144ccf1df_5.82.26100.1591_cy-gb_4fbf49f4c6e03cbb.FullName to C:\scratchdir\Windows\WinSxS_edit\amd64_microsoft.windows.c..-controls.resources_6595b64144ccf1df_5.82.26100.1591_cy-gb_4fbf49f4c6e03cbb
Copying amd64_microsoft.windows.c..-controls.resources_6595b64144ccf1df_5.82.26100.1591_da-dk_f7df1113b61d9738.FullName to C:\scratchdir\Windows\WinSxS_edit\amd64_microsoft.windows.c..-controls.resources_6595b64144ccf1df_5.82.26100.1591_da-dk_f7df1113b61d9738
Copying amd64_microsoft.windows.c..-controls.resources_6595b64144ccf1df_5.82.26100.1591_de-de_f50aa64fb7f3ebd2.FullName to C:\scratchdir\Windows\WinSxS_edit\amd64_microsoft.windows.c..-controls.resources_6595b64144ccf1df_5.82.26100.1591_de-de_f50aa64fb7f3ebd2
Copying amd64_microsoft.windows.c..-controls.resources_6595b64144ccf1df_5.82.26100.1591_el-gr_9da0d3e2a7095460.FullName to C:\scratchdir\Windows\WinSxS_edit\amd64_microsoft.windows.c..-controls.resources_6595b64144ccf1df_5.82.26100.1591_el-gr_9da0d3e2a7095460
Copying amd64_microsoft.windows.c..-controls.resources_6595b64144ccf1df_5.82.26100.1591_en-gb_9672c12aaba943d2.FullName to C:\scratchdir\Windows\WinSxS_edit\amd64_microsoft.windows.c..-controls.resources_6595b64144ccf1df_5.82.26100.1591_en-gb_9672c12aaba943d2
Copying amd64_microsoft.windows.c..-controls.resources_6595b64144ccf1df_5.82.26100.1591_en-us_9dfb7c48a6d1f797.FullName to C:\scratchdir\Windows\WinSxS_edit\amd64_microsoft.windows.c..-controls.resources_6595b64144ccf1df_5.82.26100.1591_en-us_9dfb7c48a6d1f797
Copying amd64_microsoft.windows.c..-controls.resources_6595b64144ccf1df_5.82.26100.1591_es-es_9dc6d92ca6f8e93c.FullName to C:\scratchdir\Windows\WinSxS_edit\amd64_microsoft.windows.c..-controls.resources_6595b64144ccf1df_5.82.26100.1591_es-es_9dc6d92ca6f8e93c
Copying amd64_microsoft.windows.c..-controls.resources_6595b64144ccf1df_5.82.26100.1591_es-mx_9ffdc6d2a58ccce7.FullName to C:\scratchdir\Windows\WinSxS_edit\amd64_microsoft.windows.c..-controls.resources_6595b64144ccf1df_5.82.26100.1591_es-mx_9ffdc6d2a58ccce7
Copying amd64_microsoft.windows.c..-controls.resources_6595b64144ccf1df_5.82.26100.1591_et-ee_9786a4bcaafec5cb.FullName to C:\scratchdir\Windows\WinSxS_edit\amd64_microsoft.windows.c..-controls.resources_6595b64144ccf1df_5.82.26100.1591_et-ee_9786a4bcaafec5cb
Copying amd64_microsoft.windows.c..-controls.resources_6595b64144ccf1df_5.82.26100.1591_eu-es_9db13954a709211e.FullName to C:\scratchdir\Windows\WinSxS_edit\amd64_microsoft.windows.c..-controls.resources_6595b64144ccf1df_5.82.26100.1591_eu-es_9db13954a709211e
Copying amd64_microsoft.windows.c..-controls.resources_6595b64144ccf1df_5.82.26100.1591_fa-ir_4135d97f99417180.FullName to C:\scratchdir\Windows\WinSxS_edit\amd64_microsoft.windows.c..-controls.resources_6595b64144ccf1df_5.82.26100.1591_fa-ir_4135d97f99417180
Copying amd64_microsoft.windows.c..-controls.resources_6595b64144ccf1df_5.82.26100.1591_fi-fi_3ce1ddd99c12db66.FullName to C:\scratchdir\Windows\WinSxS_edit\amd64_microsoft.windows.c..-controls.resources_6595b64144ccf1df_5.82.26100.1591_fi-fi_3ce1ddd99c12db66
Copying amd64_microsoft.windows.c..-controls.resources_6595b64144ccf1df_5.82.26100.1591_fil-ph_e11cdce5e130671d.FullName to C:\scratchdir\Windows\WinSxS_edit\amd64_microsoft.windows.c..-controls.resources_6595b64144ccf1df_5.82.26100.1591_fil-ph_e11cdce5e130671d
Copying amd64_microsoft.windows.c..-controls.resources_6595b64144ccf1df_5.82.26100.1591_fr-ca_38f499759ea365c4.FullName to C:\scratchdir\Windows\WinSxS_edit\amd64_microsoft.windows.c..-controls.resources_6595b64144ccf1df_5.82.26100.1591_fr-ca_38f499759ea365c4
Copying amd64_microsoft.windows.c..-controls.resources_6595b64144ccf1df_5.82.26100.1591_fr-fr_407e4f2b99caff9e.FullName to C:\scratchdir\Windows\WinSxS_edit\amd64_microsoft.windows.c..-controls.resources_6595b64144ccf1df_5.82.26100.1591_fr-fr_407e4f2b99caff9e
Copying amd64_microsoft.windows.c..-controls.resources_6595b64144ccf1df_5.82.26100.1591_ga-ie_de9040328f8753de.FullName to C:\scratchdir\Windows\WinSxS_edit\amd64_microsoft.windows.c..-controls.resources_6595b64144ccf1df_5.82.26100.1591_ga-ie_de9040328f8753de
Copying amd64_microsoft.windows.c..-controls.resources_6595b64144ccf1df_5.82.26100.1591_gd-gb_dd1b6874907a66da.FullName to C:\scratchdir\Windows\WinSxS_edit\amd64_microsoft.windows.c..-controls.resources_6595b64144ccf1df_5.82.26100.1591_gd-gb_dd1b6874907a66da
Copying amd64_microsoft.windows.c..-controls.resources_6595b64144ccf1df_5.82.26100.1591_gl-es_e44f10b28be26017.FullName to C:\scratchdir\Windows\WinSxS_edit\amd64_microsoft.windows.c..-controls.resources_6595b64144ccf1df_5.82.26100.1591_gl-es_e44f10b28be26017
Copying amd64_microsoft.windows.c..-controls.resources_6595b64144ccf1df_5.82.26100.1591_gu-in_e1b5c2608d98ab71.FullName to C:\scratchdir\Windows\WinSxS_edit\amd64_microsoft.windows.c..-controls.resources_6595b64144ccf1df_5.82.26100.1591_gu-in_e1b5c2608d98ab71
Copying amd64_microsoft.windows.c..-controls.resources_6595b64144ccf1df_5.82.26100.1591_he-il_849df6cd803a008c.FullName to C:\scratchdir\Windows\WinSxS_edit\amd64_microsoft.windows.c..-controls.resources_6595b64144ccf1df_5.82.26100.1591_he-il_849df6cd803a008c
Copying amd64_microsoft.windows.c..-controls.resources_6595b64144ccf1df_5.82.26100.1591_hi-in_8555c5797fc8795e.FullName to C:\scratchdir\Windows\WinSxS_edit\amd64_microsoft.windows.c..-controls.resources_6595b64144ccf1df_5.82.26100.1591_hi-in_8555c5797fc8795e
Copying amd64_microsoft.windows.c..-controls.resources_6595b64144ccf1df_5.82.26100.1591_hr-hr_86baa9ad7eed6d52.FullName to C:\scratchdir\Windows\WinSxS_edit\amd64_microsoft.windows.c..-controls.resources_6595b64144ccf1df_5.82.26100.1591_hr-hr_86baa9ad7eed6d52
Copying amd64_microsoft.windows.c..-controls.resources_6595b64144ccf1df_5.82.26100.1591_hu-hu_87eecf737e2aceba.FullName to C:\scratchdir\Windows\WinSxS_edit\amd64_microsoft.windows.c..-controls.resources_6595b64144ccf1df_5.82.26100.1591_hu-hu_87eecf737e2aceba
Copying amd64_microsoft.windows.c..-controls.resources_6595b64144ccf1df_5.82.26100.1591_hy-am_8437f5cb809266df.FullName to C:\scratchdir\Windows\WinSxS_edit\amd64_microsoft.windows.c..-controls.resources_6595b64144ccf1df_5.82.26100.1591_hy-am_8437f5cb809266df
Copying amd64_microsoft.windows.c..-controls.resources_6595b64144ccf1df_5.82.26100.1591_id-id_243ad152750add9c.FullName to C:\scratchdir\Windows\WinSxS_edit\amd64_microsoft.windows.c..-controls.resources_6595b64144ccf1df_5.82.26100.1591_id-id_243ad152750add9c
Copying amd64_microsoft.windows.c..-controls.resources_6595b64144ccf1df_5.82.26100.1591_is-is_2a3f8e30713dc4a4.FullName to C:\scratchdir\Windows\WinSxS_edit\amd64_microsoft.windows.c..-controls.resources_6595b64144ccf1df_5.82.26100.1591_is-is_2a3f8e30713dc4a4
Copying amd64_microsoft.windows.c..-controls.resources_6595b64144ccf1df_5.82.26100.1591_it-it_2aa6457270fce51c.FullName to C:\scratchdir\Windows\WinSxS_edit\amd64_microsoft.windows.c..-controls.resources_6595b64144ccf1df_5.82.26100.1591_it-it_2aa6457270fce51c
Copying amd64_microsoft.windows.c..-controls.resources_6595b64144ccf1df_5.82.26100.1591_ja-jp_cccbc47f6417f6f7.FullName to C:\scratchdir\Windows\WinSxS_edit\amd64_microsoft.windows.c..-controls.resources_6595b64144ccf1df_5.82.26100.1591_ja-jp_cccbc47f6417f6f7
Copying amd64_microsoft.windows.c..-controls.resources_6595b64144ccf1df_5.82.26100.1591_ka-ge_6b097de659cb9580.FullName to C:\scratchdir\Windows\WinSxS_edit\amd64_microsoft.windows.c..-controls.resources_6595b64144ccf1df_5.82.26100.1591_ka-ge_6b097de659cb9580
Copying amd64_microsoft.windows.c..-controls.resources_6595b64144ccf1df_5.82.26100.1591_kk-kz_73ed1a5454207281.FullName to C:\scratchdir\Windows\WinSxS_edit\amd64_microsoft.windows.c..-controls.resources_6595b64144ccf1df_5.82.26100.1591_kk-kz_73ed1a5454207281
Copying amd64_microsoft.windows.c..-controls.resources_6595b64144ccf1df_5.82.26100.1591_km-kh_6bdbf940595258e5.FullName to C:\scratchdir\Windows\WinSxS_edit\amd64_microsoft.windows.c..-controls.resources_6595b64144ccf1df_5.82.26100.1591_km-kh_6bdbf940595258e5
Copying amd64_microsoft.windows.c..-controls.resources_6595b64144ccf1df_5.82.26100.1591_kn-in_6e7a81f857a45cbe.FullName to C:\scratchdir\Windows\WinSxS_edit\amd64_microsoft.windows.c..-controls.resources_6595b64144ccf1df_5.82.26100.1591_kn-in_6e7a81f857a45cbe
Copying amd64_microsoft.windows.c..-controls.resources_6595b64144ccf1df_5.82.26100.1591_ko-kr_7035a1345688be0d.FullName to C:\scratchdir\Windows\WinSxS_edit\amd64_microsoft.windows.c..-controls.resources_6595b64144ccf1df_5.82.26100.1591_ko-kr_7035a1345688be0d
Copying amd64_microsoft.windows.c..-controls.resources_6595b64144ccf1df_5.82.26100.1591_kok-in_1dd89cb753d5a9b2.FullName to C:\scratchdir\Windows\WinSxS_edit\amd64_microsoft.windows.c..-controls.resources_6595b64144ccf1df_5.82.26100.1591_kok-in_1dd89cb753d5a9b2
Copying amd64_microsoft.windows.c..-controls.resources_6595b64144ccf1df_5.82.26100.1591_lb-lu_1534f2fb47d5973f.FullName to C:\scratchdir\Windows\WinSxS_edit\amd64_microsoft.windows.c..-controls.resources_6595b64144ccf1df_5.82.26100.1591_lb-lu_1534f2fb47d5973f
Copying amd64_microsoft.windows.c..-controls.resources_6595b64144ccf1df_5.82.26100.1591_lo-la_0bc9d4674df2a7f0.FullName to C:\scratchdir\Windows\WinSxS_edit\amd64_microsoft.windows.c..-controls.resources_6595b64144ccf1df_5.82.26100.1591_lo-la_0bc9d4674df2a7f0
Copying amd64_microsoft.windows.c..-controls.resources_6595b64144ccf1df_5.82.26100.1591_lt-lt_1400cd3548b089aa.FullName to C:\scratchdir\Windows\WinSxS_edit\amd64_microsoft.windows.c..-controls.resources_6595b64144ccf1df_5.82.26100.1591_lt-lt_1400cd3548b089aa
Copying amd64_microsoft.windows.c..-controls.resources_6595b64144ccf1df_5.82.26100.1591_lv-lv_14ce3bb9482eca9a.FullName to C:\scratchdir\Windows\WinSxS_edit\amd64_microsoft.windows.c..-controls.resources_6595b64144ccf1df_5.82.26100.1591_lv-lv_14ce3bb9482eca9a
Copying amd64_microsoft.windows.c..-controls.resources_6595b64144ccf1df_5.82.26100.1591_mi-nz_ba3efde63932c1f4.FullName to C:\scratchdir\Windows\WinSxS_edit\amd64_microsoft.windows.c..-controls.resources_6595b64144ccf1df_5.82.26100.1591_mi-nz_ba3efde63932c1f4
Copying amd64_microsoft.windows.c..-controls.resources_6595b64144ccf1df_5.82.26100.1591_mk-mk_b38289243d899c4c.FullName to C:\scratchdir\Windows\WinSxS_edit\amd64_microsoft.windows.c..-controls.resources_6595b64144ccf1df_5.82.26100.1591_mk-mk_b38289243d899c4c
Copying amd64_microsoft.windows.c..-controls.resources_6595b64144ccf1df_5.82.26100.1591_ml-in_b4cca9e23cb65f4e.FullName to C:\scratchdir\Windows\WinSxS_edit\amd64_microsoft.windows.c..-controls.resources_6595b64144ccf1df_5.82.26100.1591_ml-in_b4cca9e23cb65f4e
Copying amd64_microsoft.windows.c..-controls.resources_6595b64144ccf1df_5.82.26100.1591_mr-in_b48bca5a3ce706f4.FullName to C:\scratchdir\Windows\WinSxS_edit\amd64_microsoft.windows.c..-controls.resources_6595b64144ccf1df_5.82.26100.1591_mr-in_b48bca5a3ce706f4
Copying amd64_microsoft.windows.c..-controls.resources_6595b64144ccf1df_5.82.26100.1591_ms-my_b9616e4839ccbb36.FullName to C:\scratchdir\Windows\WinSxS_edit\amd64_microsoft.windows.c..-controls.resources_6595b64144ccf1df_5.82.26100.1591_ms-my_b9616e4839ccbb36
Copying amd64_microsoft.windows.c..-controls.resources_6595b64144ccf1df_5.82.26100.1591_mt-mt_b71efa763b41c084.FullName to C:\scratchdir\Windows\WinSxS_edit\amd64_microsoft.windows.c..-controls.resources_6595b64144ccf1df_5.82.26100.1591_mt-mt_b71efa763b41c084
Copying amd64_microsoft.windows.c..-controls.resources_6595b64144ccf1df_5.82.26100.1591_nb-no_58c822692eade9c9.FullName to C:\scratchdir\Windows\WinSxS_edit\amd64_microsoft.windows.c..-controls.resources_6595b64144ccf1df_5.82.26100.1591_nb-no_58c822692eade9c9
Copying amd64_microsoft.windows.c..-controls.resources_6595b64144ccf1df_5.82.26100.1591_ne-np_591939d32e7d4223.FullName to C:\scratchdir\Windows\WinSxS_edit\amd64_microsoft.windows.c..-controls.resources_6595b64144ccf1df_5.82.26100.1591_ne-np_591939d32e7d4223
Copying amd64_microsoft.windows.c..-controls.resources_6595b64144ccf1df_5.82.26100.1591_nl-nl_57076da72fd9f39e.FullName to C:\scratchdir\Windows\WinSxS_edit\amd64_microsoft.windows.c..-controls.resources_6595b64144ccf1df_5.82.26100.1591_nl-nl_57076da72fd9f39e
Copying amd64_microsoft.windows.c..-controls.resources_6595b64144ccf1df_5.82.26100.1591_nn-no_584663592f0f3915.FullName to C:\scratchdir\Windows\WinSxS_edit\amd64_microsoft.windows.c..-controls.resources_6595b64144ccf1df_5.82.26100.1591_nn-no_584663592f0f3915
Copying amd64_microsoft.windows.c..-controls.resources_6595b64144ccf1df_5.82.26100.1591_or-in_fac8526c22094166.FullName to C:\scratchdir\Windows\WinSxS_edit\amd64_microsoft.windows.c..-controls.resources_6595b64144ccf1df_5.82.26100.1591_or-in_fac8526c22094166
Copying amd64_microsoft.windows.c..-controls.resources_6595b64144ccf1df_5.82.26100.1591_pa-in_9e9e65211410839e.FullName to C:\scratchdir\Windows\WinSxS_edit\amd64_microsoft.windows.c..-controls.resources_6595b64144ccf1df_5.82.26100.1591_pa-in_9e9e65211410839e
Copying amd64_microsoft.windows.c..-controls.resources_6595b64144ccf1df_5.82.26100.1591_pl-pl_9d43c82914fc6152.FullName to C:\scratchdir\Windows\WinSxS_edit\amd64_microsoft.windows.c..-controls.resources_6595b64144ccf1df_5.82.26100.1591_pl-pl_9d43c82914fc6152
Copying amd64_microsoft.windows.c..-controls.resources_6595b64144ccf1df_5.82.26100.1591_pt-br_9f97b2cd1385f536.FullName to C:\scratchdir\Windows\WinSxS_edit\amd64_microsoft.windows.c..-controls.resources_6595b64144ccf1df_5.82.26100.1591_pt-br_9f97b2cd1385f536
Copying amd64_microsoft.windows.c..-controls.resources_6595b64144ccf1df_5.82.26100.1591_pt-pt_a079823912f56512.FullName to C:\scratchdir\Windows\WinSxS_edit\amd64_microsoft.windows.c..-controls.resources_6595b64144ccf1df_5.82.26100.1591_pt-pt_a079823912f56512
Copying amd64_microsoft.windows.c..-controls.resources_6595b64144ccf1df_5.82.26100.1591_qps-ploc_5c9773f9ea1ce396.FullName to C:\scratchdir\Windows\WinSxS_edit\amd64_microsoft.windows.c..-controls.resources_6595b64144ccf1df_5.82.26100.1591_qps-ploc_5c9773f9ea1ce396
Copying amd64_microsoft.windows.c..-controls.resources_6595b64144ccf1df_5.82.26100.1591_qps..ocm_f6f4a1af4ffb5cdf.FullName to C:\scratchdir\Windows\WinSxS_edit\amd64_microsoft.windows.c..-controls.resources_6595b64144ccf1df_5.82.26100.1591_qps..ocm_f6f4a1af4ffb5cdf
Copying amd64_microsoft.windows.c..-controls.resources_6595b64144ccf1df_5.82.26100.1591_quz-pe_049a3889b4863b33.FullName to C:\scratchdir\Windows\WinSxS_edit\amd64_microsoft.windows.c..-controls.resources_6595b64144ccf1df_5.82.26100.1591_quz-pe_049a3889b4863b33
Copying amd64_microsoft.windows.c..-controls.resources_6595b64144ccf1df_5.82.26100.1591_ro-ro_e4b44870f95c306e.FullName to C:\scratchdir\Windows\WinSxS_edit\amd64_microsoft.windows.c..-controls.resources_6595b64144ccf1df_5.82.26100.1591_ro-ro_e4b44870f95c306e
Copying amd64_microsoft.windows.c..-controls.resources_6595b64144ccf1df_5.82.26100.1591_ru-ru_e71c93fcf7d6f33e.FullName to C:\scratchdir\Windows\WinSxS_edit\amd64_microsoft.windows.c..-controls.resources_6595b64144ccf1df_5.82.26100.1591_ru-ru_e71c93fcf7d6f33e
Copying amd64_microsoft.windows.c..-controls.resources_6595b64144ccf1df_5.82.26100.1591_sk-sk_863798a9ecf0e568.FullName to C:\scratchdir\Windows\WinSxS_edit\amd64_microsoft.windows.c..-controls.resources_6595b64144ccf1df_5.82.26100.1591_sk-sk_863798a9ecf0e568
Copying amd64_microsoft.windows.c..-controls.resources_6595b64144ccf1df_5.82.26100.1591_sl-si_8549ba61ed8af84b.FullName to C:\scratchdir\Windows\WinSxS_edit\amd64_microsoft.windows.c..-controls.resources_6595b64144ccf1df_5.82.26100.1591_sl-si_8549ba61ed8af84b
Copying amd64_microsoft.windows.c..-controls.resources_6595b64144ccf1df_5.82.26100.1591_sq-al_8669da5fecd6c443.FullName to C:\scratchdir\Windows\WinSxS_edit\amd64_microsoft.windows.c..-controls.resources_6595b64144ccf1df_5.82.26100.1591_sq-al_8669da5fecd6c443
Copying amd64_microsoft.windows.c..-controls.resources_6595b64144ccf1df_5.82.26100.1591_sr-..-ba_e25d79b00175668f.FullName to C:\scratchdir\Windows\WinSxS_edit\amd64_microsoft.windows.c..-controls.resources_6595b64144ccf1df_5.82.26100.1591_sr-..-ba_e25d79b00175668f
Copying amd64_microsoft.windows.c..-controls.resources_6595b64144ccf1df_5.82.26100.1591_sr-..-rs_2b7a22a6629c9f7c.FullName to C:\scratchdir\Windows\WinSxS_edit\amd64_microsoft.windows.c..-controls.resources_6595b64144ccf1df_5.82.26100.1591_sr-..-rs_2b7a22a6629c9f7c
Copying amd64_microsoft.windows.c..-controls.resources_6595b64144ccf1df_5.82.26100.1591_sr-..-rs_e8b34df7fd77a5f1.FullName to C:\scratchdir\Windows\WinSxS_edit\amd64_microsoft.windows.c..-controls.resources_6595b64144ccf1df_5.82.26100.1591_sr-..-rs_e8b34df7fd77a5f1
Copying amd64_microsoft.windows.c..-controls.resources_6595b64144ccf1df_5.82.26100.1591_sv-se_83177e71eefffd99.FullName to C:\scratchdir\Windows\WinSxS_edit\amd64_microsoft.windows.c..-controls.resources_6595b64144ccf1df_5.82.26100.1591_sv-se_83177e71eefffd99
Copying amd64_microsoft.windows.c..-controls.resources_6595b64144ccf1df_5.82.26100.1591_ta-in_2b177544de54f882.FullName to C:\scratchdir\Windows\WinSxS_edit\amd64_microsoft.windows.c..-controls.resources_6595b64144ccf1df_5.82.26100.1591_ta-in_2b177544de54f882
Copying amd64_microsoft.windows.c..-controls.resources_6595b64144ccf1df_5.82.26100.1591_te-in_2aec3594de756846.FullName to C:\scratchdir\Windows\WinSxS_edit\amd64_microsoft.windows.c..-controls.resources_6595b64144ccf1df_5.82.26100.1591_te-in_2aec3594de756846
Copying amd64_microsoft.windows.c..-controls.resources_6595b64144ccf1df_5.82.26100.1591_th-th_2821a024e044bada.FullName to C:\scratchdir\Windows\WinSxS_edit\amd64_microsoft.windows.c..-controls.resources_6595b64144ccf1df_5.82.26100.1591_th-th_2821a024e044bada
Copying amd64_microsoft.windows.c..-controls.resources_6595b64144ccf1df_5.82.26100.1591_tr-tr_2c24c8b8ddbbff8a.FullName to C:\scratchdir\Windows\WinSxS_edit\amd64_microsoft.windows.c..-controls.resources_6595b64144ccf1df_5.82.26100.1591_tr-tr_2c24c8b8ddbbff8a
Copying amd64_microsoft.windows.c..-controls.resources_6595b64144ccf1df_5.82.26100.1591_tt-ru_2d63ebfadcf111bf.FullName to C:\scratchdir\Windows\WinSxS_edit\amd64_microsoft.windows.c..-controls.resources_6595b64144ccf1df_5.82.26100.1591_tt-ru_2d63ebfadcf111bf
Copying amd64_microsoft.windows.c..-controls.resources_6595b64144ccf1df_5.82.26100.1591_ug-cn_cdf56275d116239b.FullName to C:\scratchdir\Windows\WinSxS_edit\amd64_microsoft.windows.c..-controls.resources_6595b64144ccf1df_5.82.26100.1591_ug-cn_cdf56275d116239b
Copying amd64_microsoft.windows.c..-controls.resources_6595b64144ccf1df_5.82.26100.1591_uk-ua_c804ab5fd4ed25d6.FullName to C:\scratchdir\Windows\WinSxS_edit\amd64_microsoft.windows.c..-controls.resources_6595b64144ccf1df_5.82.26100.1591_uk-ua_c804ab5fd4ed25d6
Copying amd64_microsoft.windows.c..-controls.resources_6595b64144ccf1df_5.82.26100.1591_ur-pk_cc28b59fd24b968e.FullName to C:\scratchdir\Windows\WinSxS_edit\amd64_microsoft.windows.c..-controls.resources_6595b64144ccf1df_5.82.26100.1591_ur-pk_cc28b59fd24b968e
Copying amd64_microsoft.windows.c..-controls.resources_6595b64144ccf1df_5.82.26100.1591_uz-..-uz_0fbfb1c9f2926e3e.FullName to C:\scratchdir\Windows\WinSxS_edit\amd64_microsoft.windows.c..-controls.resources_6595b64144ccf1df_5.82.26100.1591_uz-..-uz_0fbfb1c9f2926e3e
Copying amd64_microsoft.windows.c..-controls.resources_6595b64144ccf1df_5.82.26100.1591_vi-vn_70fc55cec3b95fa9.FullName to C:\scratchdir\Windows\WinSxS_edit\amd64_microsoft.windows.c..-controls.resources_6595b64144ccf1df_5.82.26100.1591_vi-vn_70fc55cec3b95fa9
Copying amd64_microsoft.windows.c..-controls.resources_6595b64144ccf1df_5.82.26100.1591_zh-cn_fd81e6b68df3d1a9.FullName to C:\scratchdir\Windows\WinSxS_edit\amd64_microsoft.windows.c..-controls.resources_6595b64144ccf1df_5.82.26100.1591_zh-cn_fd81e6b68df3d1a9
Copying amd64_microsoft.windows.c..-controls.resources_6595b64144ccf1df_5.82.26100.1591_zh-tw_017e240c8b64ae19.FullName to C:\scratchdir\Windows\WinSxS_edit\amd64_microsoft.windows.c..-controls.resources_6595b64144ccf1df_5.82.26100.1591_zh-tw_017e240c8b64ae19
Copying amd64_microsoft.windows.c..-controls.resources_6595b64144ccf1df_6.0.26100.1591_af-za_bffc71164a70d52b.FullName to C:\scratchdir\Windows\WinSxS_edit\amd64_microsoft.windows.c..-controls.resources_6595b64144ccf1df_6.0.26100.1591_af-za_bffc71164a70d52b
Copying amd64_microsoft.windows.c..-controls.resources_6595b64144ccf1df_6.0.26100.1591_am-et_c81fa874453cd492.FullName to C:\scratchdir\Windows\WinSxS_edit\amd64_microsoft.windows.c..-controls.resources_6595b64144ccf1df_6.0.26100.1591_am-et_c81fa874453cd492
Copying amd64_microsoft.windows.c..-controls.resources_6595b64144ccf1df_6.0.26100.1591_ar-sa_bf7b517e4ad17110.FullName to C:\scratchdir\Windows\WinSxS_edit\amd64_microsoft.windows.c..-controls.resources_6595b64144ccf1df_6.0.26100.1591_ar-sa_bf7b517e4ad17110
Copying amd64_microsoft.windows.c..-controls.resources_6595b64144ccf1df_6.0.26100.1591_as-in_c53542b84723c792.FullName to C:\scratchdir\Windows\WinSxS_edit\amd64_microsoft.windows.c..-controls.resources_6595b64144ccf1df_6.0.26100.1591_as-in_c53542b84723c792
Copying amd64_microsoft.windows.c..-controls.resources_6595b64144ccf1df_6.0.26100.1591_az-..-az_8da326133698427f.FullName to C:\scratchdir\Windows\WinSxS_edit\amd64_microsoft.windows.c..-controls.resources_6595b64144ccf1df_6.0.26100.1591_az-..-az_8da326133698427f
Copying amd64_microsoft.windows.c..-controls.resources_6595b64144ccf1df_6.0.26100.1591_be-by_6dcc541b361fdc03.FullName to C:\scratchdir\Windows\WinSxS_edit\amd64_microsoft.windows.c..-controls.resources_6595b64144ccf1df_6.0.26100.1591_be-by_6dcc541b361fdc03
Copying amd64_microsoft.windows.c..-controls.resources_6595b64144ccf1df_6.0.26100.1591_bg-bg_65bb33073b51c267.FullName to C:\scratchdir\Windows\WinSxS_edit\amd64_microsoft.windows.c..-controls.resources_6595b64144ccf1df_6.0.26100.1591_bg-bg_65bb33073b51c267
Copying amd64_microsoft.windows.c..-controls.resources_6595b64144ccf1df_6.0.26100.1591_bn-in_6889965d398c5916.FullName to C:\scratchdir\Windows\WinSxS_edit\amd64_microsoft.windows.c..-controls.resources_6595b64144ccf1df_6.0.26100.1591_bn-in_6889965d398c5916
Copying amd64_microsoft.windows.c..-controls.resources_6595b64144ccf1df_6.0.26100.1591_bs-..-ba_e86ac10b5011556d.FullName to C:\scratchdir\Windows\WinSxS_edit\amd64_microsoft.windows.c..-controls.resources_6595b64144ccf1df_6.0.26100.1591_bs-..-ba_e86ac10b5011556d
Copying amd64_microsoft.windows.c..-controls.resources_6595b64144ccf1df_6.0.26100.1591_ca-..cia_5f85416859dd9a5d.FullName to C:\scratchdir\Windows\WinSxS_edit\amd64_microsoft.windows.c..-controls.resources_6595b64144ccf1df_6.0.26100.1591_ca-..cia_5f85416859dd9a5d
Copying amd64_microsoft.windows.c..-controls.resources_6595b64144ccf1df_6.0.26100.1591_ca-es_0e6c68682a46bb31.FullName to C:\scratchdir\Windows\WinSxS_edit\amd64_microsoft.windows.c..-controls.resources_6595b64144ccf1df_6.0.26100.1591_ca-es_0e6c68682a46bb31
Copying amd64_microsoft.windows.c..-controls.resources_6595b64144ccf1df_6.0.26100.1591_chr..-us_21d6f073c25b54e5.FullName to C:\scratchdir\Windows\WinSxS_edit\amd64_microsoft.windows.c..-controls.resources_6595b64144ccf1df_6.0.26100.1591_chr..-us_21d6f073c25b54e5
Copying amd64_microsoft.windows.c..-controls.resources_6595b64144ccf1df_6.0.26100.1591_cs-cz_10c4a9a228d99e92.FullName to C:\scratchdir\Windows\WinSxS_edit\amd64_microsoft.windows.c..-controls.resources_6595b64144ccf1df_6.0.26100.1591_cs-cz_10c4a9a228d99e92
Copying amd64_microsoft.windows.c..-controls.resources_6595b64144ccf1df_6.0.26100.1591_cy-gb_05dec2aa2fe24014.FullName to C:\scratchdir\Windows\WinSxS_edit\amd64_microsoft.windows.c..-controls.resources_6595b64144ccf1df_6.0.26100.1591_cy-gb_05dec2aa2fe24014
Copying amd64_microsoft.windows.c..-controls.resources_6595b64144ccf1df_6.0.26100.1591_da-dk_adfe89c91f1f9a91.FullName to C:\scratchdir\Windows\WinSxS_edit\amd64_microsoft.windows.c..-controls.resources_6595b64144ccf1df_6.0.26100.1591_da-dk_adfe89c91f1f9a91
Copying amd64_microsoft.windows.c..-controls.resources_6595b64144ccf1df_6.0.26100.1591_de-de_ab2a1f0520f5ef2b.FullName to C:\scratchdir\Windows\WinSxS_edit\amd64_microsoft.windows.c..-controls.resources_6595b64144ccf1df_6.0.26100.1591_de-de_ab2a1f0520f5ef2b
Copying amd64_microsoft.windows.c..-controls.resources_6595b64144ccf1df_6.0.26100.1591_el-gr_53c04c98100b57b9.FullName to C:\scratchdir\Windows\WinSxS_edit\amd64_microsoft.windows.c..-controls.resources_6595b64144ccf1df_6.0.26100.1591_el-gr_53c04c98100b57b9
Copying amd64_microsoft.windows.c..-controls.resources_6595b64144ccf1df_6.0.26100.1591_en-gb_4c9239e014ab472b.FullName to C:\scratchdir\Windows\WinSxS_edit\amd64_microsoft.windows.c..-controls.resources_6595b64144ccf1df_6.0.26100.1591_en-gb_4c9239e014ab472b
Copying amd64_microsoft.windows.c..-controls.resources_6595b64144ccf1df_6.0.26100.1591_en-us_541af4fe0fd3faf0.FullName to C:\scratchdir\Windows\WinSxS_edit\amd64_microsoft.windows.c..-controls.resources_6595b64144ccf1df_6.0.26100.1591_en-us_541af4fe0fd3faf0
Copying amd64_microsoft.windows.c..-controls.resources_6595b64144ccf1df_6.0.26100.1591_es-es_53e651e20ffaec95.FullName to C:\scratchdir\Windows\WinSxS_edit\amd64_microsoft.windows.c..-controls.resources_6595b64144ccf1df_6.0.26100.1591_es-es_53e651e20ffaec95
Copying amd64_microsoft.windows.c..-controls.resources_6595b64144ccf1df_6.0.26100.1591_es-mx_561d3f880e8ed040.FullName to C:\scratchdir\Windows\WinSxS_edit\amd64_microsoft.windows.c..-controls.resources_6595b64144ccf1df_6.0.26100.1591_es-mx_561d3f880e8ed040
Copying amd64_microsoft.windows.c..-controls.resources_6595b64144ccf1df_6.0.26100.1591_et-ee_4da61d721400c924.FullName to C:\scratchdir\Windows\WinSxS_edit\amd64_microsoft.windows.c..-controls.resources_6595b64144ccf1df_6.0.26100.1591_et-ee_4da61d721400c924
Copying amd64_microsoft.windows.c..-controls.resources_6595b64144ccf1df_6.0.26100.1591_eu-es_53d0b20a100b2477.FullName to C:\scratchdir\Windows\WinSxS_edit\amd64_microsoft.windows.c..-controls.resources_6595b64144ccf1df_6.0.26100.1591_eu-es_53d0b20a100b2477
Copying amd64_microsoft.windows.c..-controls.resources_6595b64144ccf1df_6.0.26100.1591_fa-ir_f7555235024374d9.FullName to C:\scratchdir\Windows\WinSxS_edit\amd64_microsoft.windows.c..-controls.resources_6595b64144ccf1df_6.0.26100.1591_fa-ir_f7555235024374d9
Copying amd64_microsoft.windows.c..-controls.resources_6595b64144ccf1df_6.0.26100.1591_fi-fi_f301568f0514debf.FullName to C:\scratchdir\Windows\WinSxS_edit\amd64_microsoft.windows.c..-controls.resources_6595b64144ccf1df_6.0.26100.1591_fi-fi_f301568f0514debf
Copying amd64_microsoft.windows.c..-controls.resources_6595b64144ccf1df_6.0.26100.1591_fil-ph_973c559b4a326a76.FullName to C:\scratchdir\Windows\WinSxS_edit\amd64_microsoft.windows.c..-controls.resources_6595b64144ccf1df_6.0.26100.1591_fil-ph_973c559b4a326a76
Copying amd64_microsoft.windows.c..-controls.resources_6595b64144ccf1df_6.0.26100.1591_fr-ca_ef14122b07a5691d.FullName to C:\scratchdir\Windows\WinSxS_edit\amd64_microsoft.windows.c..-controls.resources_6595b64144ccf1df_6.0.26100.1591_fr-ca_ef14122b07a5691d
Copying amd64_microsoft.windows.c..-controls.resources_6595b64144ccf1df_6.0.26100.1591_fr-fr_f69dc7e102cd02f7.FullName to C:\scratchdir\Windows\WinSxS_edit\amd64_microsoft.windows.c..-controls.resources_6595b64144ccf1df_6.0.26100.1591_fr-fr_f69dc7e102cd02f7
Copying amd64_microsoft.windows.c..-controls.resources_6595b64144ccf1df_6.0.26100.1591_ga-ie_94afb8e7f8895737.FullName to C:\scratchdir\Windows\WinSxS_edit\amd64_microsoft.windows.c..-controls.resources_6595b64144ccf1df_6.0.26100.1591_ga-ie_94afb8e7f8895737
Copying amd64_microsoft.windows.c..-controls.resources_6595b64144ccf1df_6.0.26100.1591_gd-gb_933ae129f97c6a33.FullName to C:\scratchdir\Windows\WinSxS_edit\amd64_microsoft.windows.c..-controls.resources_6595b64144ccf1df_6.0.26100.1591_gd-gb_933ae129f97c6a33
Copying amd64_microsoft.windows.c..-controls.resources_6595b64144ccf1df_6.0.26100.1591_gl-es_9a6e8967f4e46370.FullName to C:\scratchdir\Windows\WinSxS_edit\amd64_microsoft.windows.c..-controls.resources_6595b64144ccf1df_6.0.26100.1591_gl-es_9a6e8967f4e46370
Copying amd64_microsoft.windows.c..-controls.resources_6595b64144ccf1df_6.0.26100.1591_gu-in_97d53b15f69aaeca.FullName to C:\scratchdir\Windows\WinSxS_edit\amd64_microsoft.windows.c..-controls.resources_6595b64144ccf1df_6.0.26100.1591_gu-in_97d53b15f69aaeca
Copying amd64_microsoft.windows.c..-controls.resources_6595b64144ccf1df_6.0.26100.1591_he-il_3abd6f82e93c03e5.FullName to C:\scratchdir\Windows\WinSxS_edit\amd64_microsoft.windows.c..-controls.resources_6595b64144ccf1df_6.0.26100.1591_he-il_3abd6f82e93c03e5
Copying amd64_microsoft.windows.c..-controls.resources_6595b64144ccf1df_6.0.26100.1591_hi-in_3b753e2ee8ca7cb7.FullName to C:\scratchdir\Windows\WinSxS_edit\amd64_microsoft.windows.c..-controls.resources_6595b64144ccf1df_6.0.26100.1591_hi-in_3b753e2ee8ca7cb7
Copying amd64_microsoft.windows.c..-controls.resources_6595b64144ccf1df_6.0.26100.1591_hr-hr_3cda2262e7ef70ab.FullName to C:\scratchdir\Windows\WinSxS_edit\amd64_microsoft.windows.c..-controls.resources_6595b64144ccf1df_6.0.26100.1591_hr-hr_3cda2262e7ef70ab
Copying amd64_microsoft.windows.c..-controls.resources_6595b64144ccf1df_6.0.26100.1591_hu-hu_3e0e4828e72cd213.FullName to C:\scratchdir\Windows\WinSxS_edit\amd64_microsoft.windows.c..-controls.resources_6595b64144ccf1df_6.0.26100.1591_hu-hu_3e0e4828e72cd213
Copying amd64_microsoft.windows.c..-controls.resources_6595b64144ccf1df_6.0.26100.1591_hy-am_3a576e80e9946a38.FullName to C:\scratchdir\Windows\WinSxS_edit\amd64_microsoft.windows.c..-controls.resources_6595b64144ccf1df_6.0.26100.1591_hy-am_3a576e80e9946a38
Copying amd64_microsoft.windows.c..-controls.resources_6595b64144ccf1df_6.0.26100.1591_id-id_da5a4a07de0ce0f5.FullName to C:\scratchdir\Windows\WinSxS_edit\amd64_microsoft.windows.c..-controls.resources_6595b64144ccf1df_6.0.26100.1591_id-id_da5a4a07de0ce0f5
Copying amd64_microsoft.windows.c..-controls.resources_6595b64144ccf1df_6.0.26100.1591_is-is_e05f06e5da3fc7fd.FullName to C:\scratchdir\Windows\WinSxS_edit\amd64_microsoft.windows.c..-controls.resources_6595b64144ccf1df_6.0.26100.1591_is-is_e05f06e5da3fc7fd
Copying amd64_microsoft.windows.c..-controls.resources_6595b64144ccf1df_6.0.26100.1591_it-it_e0c5be27d9fee875.FullName to C:\scratchdir\Windows\WinSxS_edit\amd64_microsoft.windows.c..-controls.resources_6595b64144ccf1df_6.0.26100.1591_it-it_e0c5be27d9fee875
Copying amd64_microsoft.windows.c..-controls.resources_6595b64144ccf1df_6.0.26100.1591_ja-jp_82eb3d34cd19fa50.FullName to C:\scratchdir\Windows\WinSxS_edit\amd64_microsoft.windows.c..-controls.resources_6595b64144ccf1df_6.0.26100.1591_ja-jp_82eb3d34cd19fa50
Copying amd64_microsoft.windows.c..-controls.resources_6595b64144ccf1df_6.0.26100.1591_ka-ge_2128f69bc2cd98d9.FullName to C:\scratchdir\Windows\WinSxS_edit\amd64_microsoft.windows.c..-controls.resources_6595b64144ccf1df_6.0.26100.1591_ka-ge_2128f69bc2cd98d9
Copying amd64_microsoft.windows.c..-controls.resources_6595b64144ccf1df_6.0.26100.1591_kk-kz_2a0c9309bd2275da.FullName to C:\scratchdir\Windows\WinSxS_edit\amd64_microsoft.windows.c..-controls.resources_6595b64144ccf1df_6.0.26100.1591_kk-kz_2a0c9309bd2275da
Copying amd64_microsoft.windows.c..-controls.resources_6595b64144ccf1df_6.0.26100.1591_km-kh_21fb71f5c2545c3e.FullName to C:\scratchdir\Windows\WinSxS_edit\amd64_microsoft.windows.c..-controls.resources_6595b64144ccf1df_6.0.26100.1591_km-kh_21fb71f5c2545c3e
Copying amd64_microsoft.windows.c..-controls.resources_6595b64144ccf1df_6.0.26100.1591_kn-in_2499faadc0a66017.FullName to C:\scratchdir\Windows\WinSxS_edit\amd64_microsoft.windows.c..-controls.resources_6595b64144ccf1df_6.0.26100.1591_kn-in_2499faadc0a66017
Copying amd64_microsoft.windows.c..-controls.resources_6595b64144ccf1df_6.0.26100.1591_ko-kr_265519e9bf8ac166.FullName to C:\scratchdir\Windows\WinSxS_edit\amd64_microsoft.windows.c..-controls.resources_6595b64144ccf1df_6.0.26100.1591_ko-kr_265519e9bf8ac166
Copying amd64_microsoft.windows.c..-controls.resources_6595b64144ccf1df_6.0.26100.1591_kok-in_d3f8156cbcd7ad0b.FullName to C:\scratchdir\Windows\WinSxS_edit\amd64_microsoft.windows.c..-controls.resources_6595b64144ccf1df_6.0.26100.1591_kok-in_d3f8156cbcd7ad0b
Copying amd64_microsoft.windows.c..-controls.resources_6595b64144ccf1df_6.0.26100.1591_lb-lu_cb546bb0b0d79a98.FullName to C:\scratchdir\Windows\WinSxS_edit\amd64_microsoft.windows.c..-controls.resources_6595b64144ccf1df_6.0.26100.1591_lb-lu_cb546bb0b0d79a98
Copying amd64_microsoft.windows.c..-controls.resources_6595b64144ccf1df_6.0.26100.1591_lo-la_c1e94d1cb6f4ab49.FullName to C:\scratchdir\Windows\WinSxS_edit\amd64_microsoft.windows.c..-controls.resources_6595b64144ccf1df_6.0.26100.1591_lo-la_c1e94d1cb6f4ab49
Copying amd64_microsoft.windows.c..-controls.resources_6595b64144ccf1df_6.0.26100.1591_lt-lt_ca2045eab1b28d03.FullName to C:\scratchdir\Windows\WinSxS_edit\amd64_microsoft.windows.c..-controls.resources_6595b64144ccf1df_6.0.26100.1591_lt-lt_ca2045eab1b28d03
Copying amd64_microsoft.windows.c..-controls.resources_6595b64144ccf1df_6.0.26100.1591_lv-lv_caedb46eb130cdf3.FullName to C:\scratchdir\Windows\WinSxS_edit\amd64_microsoft.windows.c..-controls.resources_6595b64144ccf1df_6.0.26100.1591_lv-lv_caedb46eb130cdf3
Copying amd64_microsoft.windows.c..-controls.resources_6595b64144ccf1df_6.0.26100.1591_mi-nz_705e769ba234c54d.FullName to C:\scratchdir\Windows\WinSxS_edit\amd64_microsoft.windows.c..-controls.resources_6595b64144ccf1df_6.0.26100.1591_mi-nz_705e769ba234c54d
Copying amd64_microsoft.windows.c..-controls.resources_6595b64144ccf1df_6.0.26100.1591_mk-mk_69a201d9a68b9fa5.FullName to C:\scratchdir\Windows\WinSxS_edit\amd64_microsoft.windows.c..-controls.resources_6595b64144ccf1df_6.0.26100.1591_mk-mk_69a201d9a68b9fa5
Copying amd64_microsoft.windows.c..-controls.resources_6595b64144ccf1df_6.0.26100.1591_ml-in_6aec2297a5b862a7.FullName to C:\scratchdir\Windows\WinSxS_edit\amd64_microsoft.windows.c..-controls.resources_6595b64144ccf1df_6.0.26100.1591_ml-in_6aec2297a5b862a7
Copying amd64_microsoft.windows.c..-controls.resources_6595b64144ccf1df_6.0.26100.1591_mr-in_6aab430fa5e90a4d.FullName to C:\scratchdir\Windows\WinSxS_edit\amd64_microsoft.windows.c..-controls.resources_6595b64144ccf1df_6.0.26100.1591_mr-in_6aab430fa5e90a4d
Copying amd64_microsoft.windows.c..-controls.resources_6595b64144ccf1df_6.0.26100.1591_ms-my_6f80e6fda2cebe8f.FullName to C:\scratchdir\Windows\WinSxS_edit\amd64_microsoft.windows.c..-controls.resources_6595b64144ccf1df_6.0.26100.1591_ms-my_6f80e6fda2cebe8f
Copying amd64_microsoft.windows.c..-controls.resources_6595b64144ccf1df_6.0.26100.1591_mt-mt_6d3e732ba443c3dd.FullName to C:\scratchdir\Windows\WinSxS_edit\amd64_microsoft.windows.c..-controls.resources_6595b64144ccf1df_6.0.26100.1591_mt-mt_6d3e732ba443c3dd
Copying amd64_microsoft.windows.c..-controls.resources_6595b64144ccf1df_6.0.26100.1591_nb-no_0ee79b1e97afed22.FullName to C:\scratchdir\Windows\WinSxS_edit\amd64_microsoft.windows.c..-controls.resources_6595b64144ccf1df_6.0.26100.1591_nb-no_0ee79b1e97afed22
Copying amd64_microsoft.windows.c..-controls.resources_6595b64144ccf1df_6.0.26100.1591_ne-np_0f38b288977f457c.FullName to C:\scratchdir\Windows\WinSxS_edit\amd64_microsoft.windows.c..-controls.resources_6595b64144ccf1df_6.0.26100.1591_ne-np_0f38b288977f457c
Copying amd64_microsoft.windows.c..-controls.resources_6595b64144ccf1df_6.0.26100.1591_nl-nl_0d26e65c98dbf6f7.FullName to C:\scratchdir\Windows\WinSxS_edit\amd64_microsoft.windows.c..-controls.resources_6595b64144ccf1df_6.0.26100.1591_nl-nl_0d26e65c98dbf6f7
Copying amd64_microsoft.windows.c..-controls.resources_6595b64144ccf1df_6.0.26100.1591_nn-no_0e65dc0e98113c6e.FullName to C:\scratchdir\Windows\WinSxS_edit\amd64_microsoft.windows.c..-controls.resources_6595b64144ccf1df_6.0.26100.1591_nn-no_0e65dc0e98113c6e
Copying amd64_microsoft.windows.c..-controls.resources_6595b64144ccf1df_6.0.26100.1591_or-in_b0e7cb218b0b44bf.FullName to C:\scratchdir\Windows\WinSxS_edit\amd64_microsoft.windows.c..-controls.resources_6595b64144ccf1df_6.0.26100.1591_or-in_b0e7cb218b0b44bf
Copying amd64_microsoft.windows.c..-controls.resources_6595b64144ccf1df_6.0.26100.1591_pa-in_54bdddd67d1286f7.FullName to C:\scratchdir\Windows\WinSxS_edit\amd64_microsoft.windows.c..-controls.resources_6595b64144ccf1df_6.0.26100.1591_pa-in_54bdddd67d1286f7
Copying amd64_microsoft.windows.c..-controls.resources_6595b64144ccf1df_6.0.26100.1591_pl-pl_536340de7dfe64ab.FullName to C:\scratchdir\Windows\WinSxS_edit\amd64_microsoft.windows.c..-controls.resources_6595b64144ccf1df_6.0.26100.1591_pl-pl_536340de7dfe64ab
Copying amd64_microsoft.windows.c..-controls.resources_6595b64144ccf1df_6.0.26100.1591_pt-br_55b72b827c87f88f.FullName to C:\scratchdir\Windows\WinSxS_edit\amd64_microsoft.windows.c..-controls.resources_6595b64144ccf1df_6.0.26100.1591_pt-br_55b72b827c87f88f
Copying amd64_microsoft.windows.c..-controls.resources_6595b64144ccf1df_6.0.26100.1591_pt-pt_5698faee7bf7686b.FullName to C:\scratchdir\Windows\WinSxS_edit\amd64_microsoft.windows.c..-controls.resources_6595b64144ccf1df_6.0.26100.1591_pt-pt_5698faee7bf7686b
Copying amd64_microsoft.windows.c..-controls.resources_6595b64144ccf1df_6.0.26100.1591_qps-ploc_12b6ecaf531ee6ef.FullName to C:\scratchdir\Windows\WinSxS_edit\amd64_microsoft.windows.c..-controls.resources_6595b64144ccf1df_6.0.26100.1591_qps-ploc_12b6ecaf531ee6ef
Copying amd64_microsoft.windows.c..-controls.resources_6595b64144ccf1df_6.0.26100.1591_qps..ocm_ad141a64b8fd6038.FullName to C:\scratchdir\Windows\WinSxS_edit\amd64_microsoft.windows.c..-controls.resources_6595b64144ccf1df_6.0.26100.1591_qps..ocm_ad141a64b8fd6038
Copying amd64_microsoft.windows.c..-controls.resources_6595b64144ccf1df_6.0.26100.1591_quz-pe_bab9b13f1d883e8c.FullName to C:\scratchdir\Windows\WinSxS_edit\amd64_microsoft.windows.c..-controls.resources_6595b64144ccf1df_6.0.26100.1591_quz-pe_bab9b13f1d883e8c
Copying amd64_microsoft.windows.c..-controls.resources_6595b64144ccf1df_6.0.26100.1591_ro-ro_9ad3c126625e33c7.FullName to C:\scratchdir\Windows\WinSxS_edit\amd64_microsoft.windows.c..-controls.resources_6595b64144ccf1df_6.0.26100.1591_ro-ro_9ad3c126625e33c7
Copying amd64_microsoft.windows.c..-controls.resources_6595b64144ccf1df_6.0.26100.1591_ru-ru_9d3c0cb260d8f697.FullName to C:\scratchdir\Windows\WinSxS_edit\amd64_microsoft.windows.c..-controls.resources_6595b64144ccf1df_6.0.26100.1591_ru-ru_9d3c0cb260d8f697
Copying amd64_microsoft.windows.c..-controls.resources_6595b64144ccf1df_6.0.26100.1591_sk-sk_3c57115f55f2e8c1.FullName to C:\scratchdir\Windows\WinSxS_edit\amd64_microsoft.windows.c..-controls.resources_6595b64144ccf1df_6.0.26100.1591_sk-sk_3c57115f55f2e8c1
Copying amd64_microsoft.windows.c..-controls.resources_6595b64144ccf1df_6.0.26100.1591_sl-si_3b693317568cfba4.FullName to C:\scratchdir\Windows\WinSxS_edit\amd64_microsoft.windows.c..-controls.resources_6595b64144ccf1df_6.0.26100.1591_sl-si_3b693317568cfba4
Copying amd64_microsoft.windows.c..-controls.resources_6595b64144ccf1df_6.0.26100.1591_sq-al_3c89531555d8c79c.FullName to C:\scratchdir\Windows\WinSxS_edit\amd64_microsoft.windows.c..-controls.resources_6595b64144ccf1df_6.0.26100.1591_sq-al_3c89531555d8c79c
Copying amd64_microsoft.windows.c..-controls.resources_6595b64144ccf1df_6.0.26100.1591_sr-..-ba_987cf2656a7769e8.FullName to C:\scratchdir\Windows\WinSxS_edit\amd64_microsoft.windows.c..-controls.resources_6595b64144ccf1df_6.0.26100.1591_sr-..-ba_987cf2656a7769e8
Copying amd64_microsoft.windows.c..-controls.resources_6595b64144ccf1df_6.0.26100.1591_sr-..-rs_9ed2c6ad6679a94a.FullName to C:\scratchdir\Windows\WinSxS_edit\amd64_microsoft.windows.c..-controls.resources_6595b64144ccf1df_6.0.26100.1591_sr-..-rs_9ed2c6ad6679a94a
Copying amd64_microsoft.windows.c..-controls.resources_6595b64144ccf1df_6.0.26100.1591_sr-..-rs_e1999b5bcb9ea2d5.FullName to C:\scratchdir\Windows\WinSxS_edit\amd64_microsoft.windows.c..-controls.resources_6595b64144ccf1df_6.0.26100.1591_sr-..-rs_e1999b5bcb9ea2d5
Copying amd64_microsoft.windows.c..-controls.resources_6595b64144ccf1df_6.0.26100.1591_sv-se_3936f727580200f2.FullName to C:\scratchdir\Windows\WinSxS_edit\amd64_microsoft.windows.c..-controls.resources_6595b64144ccf1df_6.0.26100.1591_sv-se_3936f727580200f2
Copying amd64_microsoft.windows.c..-controls.resources_6595b64144ccf1df_6.0.26100.1591_ta-in_e136edfa4756fbdb.FullName to C:\scratchdir\Windows\WinSxS_edit\amd64_microsoft.windows.c..-controls.resources_6595b64144ccf1df_6.0.26100.1591_ta-in_e136edfa4756fbdb
Copying amd64_microsoft.windows.c..-controls.resources_6595b64144ccf1df_6.0.26100.1591_te-in_e10bae4a47776b9f.FullName to C:\scratchdir\Windows\WinSxS_edit\amd64_microsoft.windows.c..-controls.resources_6595b64144ccf1df_6.0.26100.1591_te-in_e10bae4a47776b9f
Copying amd64_microsoft.windows.c..-controls.resources_6595b64144ccf1df_6.0.26100.1591_th-th_de4118da4946be33.FullName to C:\scratchdir\Windows\WinSxS_edit\amd64_microsoft.windows.c..-controls.resources_6595b64144ccf1df_6.0.26100.1591_th-th_de4118da4946be33
Copying amd64_microsoft.windows.c..-controls.resources_6595b64144ccf1df_6.0.26100.1591_tr-tr_e244416e46be02e3.FullName to C:\scratchdir\Windows\WinSxS_edit\amd64_microsoft.windows.c..-controls.resources_6595b64144ccf1df_6.0.26100.1591_tr-tr_e244416e46be02e3
Copying amd64_microsoft.windows.c..-controls.resources_6595b64144ccf1df_6.0.26100.1591_tt-ru_e38364b045f31518.FullName to C:\scratchdir\Windows\WinSxS_edit\amd64_microsoft.windows.c..-controls.resources_6595b64144ccf1df_6.0.26100.1591_tt-ru_e38364b045f31518
Copying amd64_microsoft.windows.c..-controls.resources_6595b64144ccf1df_6.0.26100.1591_ug-cn_8414db2b3a1826f4.FullName to C:\scratchdir\Windows\WinSxS_edit\amd64_microsoft.windows.c..-controls.resources_6595b64144ccf1df_6.0.26100.1591_ug-cn_8414db2b3a1826f4
Copying amd64_microsoft.windows.c..-controls.resources_6595b64144ccf1df_6.0.26100.1591_uk-ua_7e2424153def292f.FullName to C:\scratchdir\Windows\WinSxS_edit\amd64_microsoft.windows.c..-controls.resources_6595b64144ccf1df_6.0.26100.1591_uk-ua_7e2424153def292f
Copying amd64_microsoft.windows.c..-controls.resources_6595b64144ccf1df_6.0.26100.1591_ur-pk_82482e553b4d99e7.FullName to C:\scratchdir\Windows\WinSxS_edit\amd64_microsoft.windows.c..-controls.resources_6595b64144ccf1df_6.0.26100.1591_ur-pk_82482e553b4d99e7
Copying amd64_microsoft.windows.c..-controls.resources_6595b64144ccf1df_6.0.26100.1591_uz-..-uz_c5df2a7f5b947197.FullName to C:\scratchdir\Windows\WinSxS_edit\amd64_microsoft.windows.c..-controls.resources_6595b64144ccf1df_6.0.26100.1591_uz-..-uz_c5df2a7f5b947197
Copying amd64_microsoft.windows.c..-controls.resources_6595b64144ccf1df_6.0.26100.1591_vi-vn_271bce842cbb6302.FullName to C:\scratchdir\Windows\WinSxS_edit\amd64_microsoft.windows.c..-controls.resources_6595b64144ccf1df_6.0.26100.1591_vi-vn_271bce842cbb6302
Copying amd64_microsoft.windows.c..-controls.resources_6595b64144ccf1df_6.0.26100.1591_zh-cn_b3a15f6bf6f5d502.FullName to C:\scratchdir\Windows\WinSxS_edit\amd64_microsoft.windows.c..-controls.resources_6595b64144ccf1df_6.0.26100.1591_zh-cn_b3a15f6bf6f5d502
Copying amd64_microsoft.windows.c..-controls.resources_6595b64144ccf1df_6.0.26100.1591_zh-tw_b79d9cc1f466b172.FullName to C:\scratchdir\Windows\WinSxS_edit\amd64_microsoft.windows.c..-controls.resources_6595b64144ccf1df_6.0.26100.1591_zh-tw_b79d9cc1f466b172
Copying amd64_microsoft.windows.common-controls_6595b64144ccf1df_5.82.26100.8037_none_87ebc5097a2f9e52.FullName to C:\scratchdir\Windows\WinSxS_edit\amd64_microsoft.windows.common-controls_6595b64144ccf1df_5.82.26100.8037_none_87ebc5097a2f9e52
Copying amd64_microsoft.windows.common-controls_6595b64144ccf1df_6.0.26100.8037_none_3e092faae333b53b.FullName to C:\scratchdir\Windows\WinSxS_edit\amd64_microsoft.windows.common-controls_6595b64144ccf1df_6.0.26100.8037_none_3e092faae333b53b
Copying amd64_microsoft.windows.gdiplus_6595b64144ccf1df_1.0.26100.8036_none_7fa2ca73a4c03bc1.FullName to C:\scratchdir\Windows\WinSxS_edit\amd64_microsoft.windows.gdiplus_6595b64144ccf1df_1.0.26100.8036_none_7fa2ca73a4c03bc1
Copying amd64_microsoft.windows.gdiplus_6595b64144ccf1df_1.1.26100.8036_none_6ef439583dc61568.FullName to C:\scratchdir\Windows\WinSxS_edit\amd64_microsoft.windows.gdiplus_6595b64144ccf1df_1.1.26100.8036_none_6ef439583dc61568
Copying amd64_microsoft.windows.i..utomation.proxystub_6595b64144ccf1df_1.0.26100.5074_none_9910702c70834c7b.FullName to C:\scratchdir\Windows\WinSxS_edit\amd64_microsoft.windows.i..utomation.proxystub_6595b64144ccf1df_1.0.26100.5074_none_9910702c70834c7b
Copying amd64_microsoft.windows.isolationautomation_6595b64144ccf1df_1.0.26100.5074_none_ef991ef911793267.FullName to C:\scratchdir\Windows\WinSxS_edit\amd64_microsoft.windows.isolationautomation_6595b64144ccf1df_1.0.26100.5074_none_ef991ef911793267
Copying amd64_microsoft-windows-s..stack-inetsrv-extra_31bf3856ad364e35_10.0.26100.1_none_3623c33a0a3667ee.FullName to C:\scratchdir\Windows\WinSxS_edit\amd64_microsoft-windows-s..stack-inetsrv-extra_31bf3856ad364e35_10.0.26100.1_none_3623c33a0a3667ee
Copying amd64_microsoft-windows-s..stack-inetsrv-extra_31bf3856ad364e35_10.0.26100.8035_none_d51fd60a518dd383.FullName to C:\scratchdir\Windows\WinSxS_edit\amd64_microsoft-windows-s..stack-inetsrv-extra_31bf3856ad364e35_10.0.26100.8035_none_d51fd60a518dd383
Copying amd64_microsoft-windows-s..stack-msg.resources_31bf3856ad364e35_10.0.26100.1_en-gb_57b07bce00b748db.FullName to C:\scratchdir\Windows\WinSxS_edit\amd64_microsoft-windows-s..stack-msg.resources_31bf3856ad364e35_10.0.26100.1_en-gb_57b07bce00b748db
Copying amd64_microsoft-windows-s..stack-termsrv-extra_31bf3856ad364e35_10.0.26100.1_none_0fc47adfa8400bc0.FullName to C:\scratchdir\Windows\WinSxS_edit\amd64_microsoft-windows-s..stack-termsrv-extra_31bf3856ad364e35_10.0.26100.1_none_0fc47adfa8400bc0
Copying amd64_microsoft-windows-s..stack-termsrv-extra_31bf3856ad364e35_10.0.26100.8035_none_aec08dafef977755.FullName to C:\scratchdir\Windows\WinSxS_edit\amd64_microsoft-windows-s..stack-termsrv-extra_31bf3856ad364e35_10.0.26100.8035_none_aec08dafef977755
Copying amd64_microsoft-windows-servicingstack_31bf3856ad364e35_10.0.26100.1_none_065309a92fd714e9.FullName to C:\scratchdir\Windows\WinSxS_edit\amd64_microsoft-windows-servicingstack_31bf3856ad364e35_10.0.26100.1_none_065309a92fd714e9
Copying amd64_microsoft-windows-servicingstack_31bf3856ad364e35_10.0.26100.8035_none_a54f1c79772e807e.FullName to C:\scratchdir\Windows\WinSxS_edit\amd64_microsoft-windows-servicingstack_31bf3856ad364e35_10.0.26100.8035_none_a54f1c79772e807e
Copying amd64_microsoft-windows-servicingstack-inetsrv_31bf3856ad364e35_10.0.26100.1_none_3220d817cf846111.FullName to C:\scratchdir\Windows\WinSxS_edit\amd64_microsoft-windows-servicingstack-inetsrv_31bf3856ad364e35_10.0.26100.1_none_3220d817cf846111
Copying amd64_microsoft-windows-servicingstack-inetsrv_31bf3856ad364e35_10.0.26100.8035_none_d11ceae816dbcca6.FullName to C:\scratchdir\Windows\WinSxS_edit\amd64_microsoft-windows-servicingstack-inetsrv_31bf3856ad364e35_10.0.26100.8035_none_d11ceae816dbcca6
Copying amd64_microsoft-windows-servicingstack-msg_31bf3856ad364e35_10.0.26100.1882_none_da3dde43db2792e7.FullName to C:\scratchdir\Windows\WinSxS_edit\amd64_microsoft-windows-servicingstack-msg_31bf3856ad364e35_10.0.26100.1882_none_da3dde43db2792e7
Copying amd64_microsoft-windows-servicingstack-msg_31bf3856ad364e35_10.0.26100.1_none_3b9312539394020b.FullName to C:\scratchdir\Windows\WinSxS_edit\amd64_microsoft-windows-servicingstack-msg_31bf3856ad364e35_10.0.26100.1_none_3b9312539394020b
Copying amd64_microsoft-windows-servicingstack-onecore_31bf3856ad364e35_10.0.26100.1_none_3b449eba87da327f.FullName to C:\scratchdir\Windows\WinSxS_edit\amd64_microsoft-windows-servicingstack-onecore_31bf3856ad364e35_10.0.26100.1_none_3b449eba87da327f
Copying amd64_microsoft-windows-servicingstack-onecore_31bf3856ad364e35_10.0.26100.8035_none_da40b18acf319e14.FullName to C:\scratchdir\Windows\WinSxS_edit\amd64_microsoft-windows-servicingstack-onecore_31bf3856ad364e35_10.0.26100.8035_none_da40b18acf319e14
Copying Catalogs.FullName to C:\scratchdir\Windows\WinSxS_edit\Catalogs
Copying FileMaps.FullName to C:\scratchdir\Windows\WinSxS_edit\FileMaps
Copying Fusion.FullName to C:\scratchdir\Windows\WinSxS_edit\Fusion
Copying InstallTemp.FullName to C:\scratchdir\Windows\WinSxS_edit\InstallTemp
Copying Manifests.FullName to C:\scratchdir\Windows\WinSxS_edit\Manifests
Copying x86_microsoft.vc80.crt_1fc8b3b9a1e18e3b_8.0.50727.9680_none_d090cb7c44278b28.FullName to C:\scratchdir\Windows\WinSxS_edit\x86_microsoft.vc80.crt_1fc8b3b9a1e18e3b_8.0.50727.9680_none_d090cb7c44278b28
Copying x86_microsoft.vc90.crt_1fc8b3b9a1e18e3b_9.0.30729.9635_none_508ff82ebcbafee0.FullName to C:\scratchdir\Windows\WinSxS_edit\x86_microsoft.vc90.crt_1fc8b3b9a1e18e3b_9.0.30729.9635_none_508ff82ebcbafee0
Copying x86_microsoft.windows.c..-controls.resources_6595b64144ccf1df_5.82.26100.1591_af-za_518a2f37f5eafad8.FullName to C:\scratchdir\Windows\WinSxS_edit\x86_microsoft.windows.c..-controls.resources_6595b64144ccf1df_5.82.26100.1591_af-za_518a2f37f5eafad8
Copying x86_microsoft.windows.c..-controls.resources_6595b64144ccf1df_5.82.26100.1591_am-et_59ad6695f0b6fa3f.FullName to C:\scratchdir\Windows\WinSxS_edit\x86_microsoft.windows.c..-controls.resources_6595b64144ccf1df_5.82.26100.1591_am-et_59ad6695f0b6fa3f
Copying x86_microsoft.windows.c..-controls.resources_6595b64144ccf1df_5.82.26100.1591_ar-sa_51090f9ff64b96bd.FullName to C:\scratchdir\Windows\WinSxS_edit\x86_microsoft.windows.c..-controls.resources_6595b64144ccf1df_5.82.26100.1591_ar-sa_51090f9ff64b96bd
Copying x86_microsoft.windows.c..-controls.resources_6595b64144ccf1df_5.82.26100.1591_as-in_56c300d9f29ded3f.FullName to C:\scratchdir\Windows\WinSxS_edit\x86_microsoft.windows.c..-controls.resources_6595b64144ccf1df_5.82.26100.1591_as-in_56c300d9f29ded3f
Copying x86_microsoft.windows.c..-controls.resources_6595b64144ccf1df_5.82.26100.1591_az-..-az_1f30e434e212682c.FullName to C:\scratchdir\Windows\WinSxS_edit\x86_microsoft.windows.c..-controls.resources_6595b64144ccf1df_5.82.26100.1591_az-..-az_1f30e434e212682c
Copying x86_microsoft.windows.c..-controls.resources_6595b64144ccf1df_5.82.26100.1591_be-by_ff5a123ce19a01b0.FullName to C:\scratchdir\Windows\WinSxS_edit\x86_microsoft.windows.c..-controls.resources_6595b64144ccf1df_5.82.26100.1591_be-by_ff5a123ce19a01b0
Copying x86_microsoft.windows.c..-controls.resources_6595b64144ccf1df_5.82.26100.1591_bg-bg_f748f128e6cbe814.FullName to C:\scratchdir\Windows\WinSxS_edit\x86_microsoft.windows.c..-controls.resources_6595b64144ccf1df_5.82.26100.1591_bg-bg_f748f128e6cbe814
Copying x86_microsoft.windows.c..-controls.resources_6595b64144ccf1df_5.82.26100.1591_bn-in_fa17547ee5067ec3.FullName to C:\scratchdir\Windows\WinSxS_edit\x86_microsoft.windows.c..-controls.resources_6595b64144ccf1df_5.82.26100.1591_bn-in_fa17547ee5067ec3
Copying x86_microsoft.windows.c..-controls.resources_6595b64144ccf1df_5.82.26100.1591_bs-..-ba_79f87f2cfb8b7b1a.FullName to C:\scratchdir\Windows\WinSxS_edit\x86_microsoft.windows.c..-controls.resources_6595b64144ccf1df_5.82.26100.1591_bs-..-ba_79f87f2cfb8b7b1a
Copying x86_microsoft.windows.c..-controls.resources_6595b64144ccf1df_5.82.26100.1591_ca-..cia_f112ff8a0557c00a.FullName to C:\scratchdir\Windows\WinSxS_edit\x86_microsoft.windows.c..-controls.resources_6595b64144ccf1df_5.82.26100.1591_ca-..cia_f112ff8a0557c00a
Copying x86_microsoft.windows.c..-controls.resources_6595b64144ccf1df_5.82.26100.1591_ca-es_9ffa2689d5c0e0de.FullName to C:\scratchdir\Windows\WinSxS_edit\x86_microsoft.windows.c..-controls.resources_6595b64144ccf1df_5.82.26100.1591_ca-es_9ffa2689d5c0e0de
Copying x86_microsoft.windows.c..-controls.resources_6595b64144ccf1df_5.82.26100.1591_chr..-us_b364ae956dd57a92.FullName to C:\scratchdir\Windows\WinSxS_edit\x86_microsoft.windows.c..-controls.resources_6595b64144ccf1df_5.82.26100.1591_chr..-us_b364ae956dd57a92
Copying x86_microsoft.windows.c..-controls.resources_6595b64144ccf1df_5.82.26100.1591_cs-cz_a25267c3d453c43f.FullName to C:\scratchdir\Windows\WinSxS_edit\x86_microsoft.windows.c..-controls.resources_6595b64144ccf1df_5.82.26100.1591_cs-cz_a25267c3d453c43f
Copying x86_microsoft.windows.c..-controls.resources_6595b64144ccf1df_5.82.26100.1591_cy-gb_976c80cbdb5c65c1.FullName to C:\scratchdir\Windows\WinSxS_edit\x86_microsoft.windows.c..-controls.resources_6595b64144ccf1df_5.82.26100.1591_cy-gb_976c80cbdb5c65c1
Copying x86_microsoft.windows.c..-controls.resources_6595b64144ccf1df_5.82.26100.1591_da-dk_3f8c47eaca99c03e.FullName to C:\scratchdir\Windows\WinSxS_edit\x86_microsoft.windows.c..-controls.resources_6595b64144ccf1df_5.82.26100.1591_da-dk_3f8c47eaca99c03e
Copying x86_microsoft.windows.c..-controls.resources_6595b64144ccf1df_5.82.26100.1591_de-de_3cb7dd26cc7014d8.FullName to C:\scratchdir\Windows\WinSxS_edit\x86_microsoft.windows.c..-controls.resources_6595b64144ccf1df_5.82.26100.1591_de-de_3cb7dd26cc7014d8
Copying x86_microsoft.windows.c..-controls.resources_6595b64144ccf1df_5.82.26100.1591_el-gr_e54e0ab9bb857d66.FullName to C:\scratchdir\Windows\WinSxS_edit\x86_microsoft.windows.c..-controls.resources_6595b64144ccf1df_5.82.26100.1591_el-gr_e54e0ab9bb857d66
Copying x86_microsoft.windows.c..-controls.resources_6595b64144ccf1df_5.82.26100.1591_en-gb_de1ff801c0256cd8.FullName to C:\scratchdir\Windows\WinSxS_edit\x86_microsoft.windows.c..-controls.resources_6595b64144ccf1df_5.82.26100.1591_en-gb_de1ff801c0256cd8
Copying x86_microsoft.windows.c..-controls.resources_6595b64144ccf1df_5.82.26100.1591_en-us_e5a8b31fbb4e209d.FullName to C:\scratchdir\Windows\WinSxS_edit\x86_microsoft.windows.c..-controls.resources_6595b64144ccf1df_5.82.26100.1591_en-us_e5a8b31fbb4e209d
Copying x86_microsoft.windows.c..-controls.resources_6595b64144ccf1df_5.82.26100.1591_es-es_e5741003bb751242.FullName to C:\scratchdir\Windows\WinSxS_edit\x86_microsoft.windows.c..-controls.resources_6595b64144ccf1df_5.82.26100.1591_es-es_e5741003bb751242
Copying x86_microsoft.windows.c..-controls.resources_6595b64144ccf1df_5.82.26100.1591_es-mx_e7aafda9ba08f5ed.FullName to C:\scratchdir\Windows\WinSxS_edit\x86_microsoft.windows.c..-controls.resources_6595b64144ccf1df_5.82.26100.1591_es-mx_e7aafda9ba08f5ed
Copying x86_microsoft.windows.c..-controls.resources_6595b64144ccf1df_5.82.26100.1591_et-ee_df33db93bf7aeed1.FullName to C:\scratchdir\Windows\WinSxS_edit\x86_microsoft.windows.c..-controls.resources_6595b64144ccf1df_5.82.26100.1591_et-ee_df33db93bf7aeed1
Copying x86_microsoft.windows.c..-controls.resources_6595b64144ccf1df_5.82.26100.1591_eu-es_e55e702bbb854a24.FullName to C:\scratchdir\Windows\WinSxS_edit\x86_microsoft.windows.c..-controls.resources_6595b64144ccf1df_5.82.26100.1591_eu-es_e55e702bbb854a24
Copying x86_microsoft.windows.c..-controls.resources_6595b64144ccf1df_5.82.26100.1591_fa-ir_88e31056adbd9a86.FullName to C:\scratchdir\Windows\WinSxS_edit\x86_microsoft.windows.c..-controls.resources_6595b64144ccf1df_5.82.26100.1591_fa-ir_88e31056adbd9a86
Copying x86_microsoft.windows.c..-controls.resources_6595b64144ccf1df_5.82.26100.1591_fi-fi_848f14b0b08f046c.FullName to C:\scratchdir\Windows\WinSxS_edit\x86_microsoft.windows.c..-controls.resources_6595b64144ccf1df_5.82.26100.1591_fi-fi_848f14b0b08f046c
Copying x86_microsoft.windows.c..-controls.resources_6595b64144ccf1df_5.82.26100.1591_fil-ph_28ca13bcf5ac9023.FullName to C:\scratchdir\Windows\WinSxS_edit\x86_microsoft.windows.c..-controls.resources_6595b64144ccf1df_5.82.26100.1591_fil-ph_28ca13bcf5ac9023
Copying x86_microsoft.windows.c..-controls.resources_6595b64144ccf1df_5.82.26100.1591_fr-ca_80a1d04cb31f8eca.FullName to C:\scratchdir\Windows\WinSxS_edit\x86_microsoft.windows.c..-controls.resources_6595b64144ccf1df_5.82.26100.1591_fr-ca_80a1d04cb31f8eca
Copying x86_microsoft.windows.c..-controls.resources_6595b64144ccf1df_5.82.26100.1591_fr-fr_882b8602ae4728a4.FullName to C:\scratchdir\Windows\WinSxS_edit\x86_microsoft.windows.c..-controls.resources_6595b64144ccf1df_5.82.26100.1591_fr-fr_882b8602ae4728a4
Copying x86_microsoft.windows.c..-controls.resources_6595b64144ccf1df_5.82.26100.1591_ga-ie_263d7709a4037ce4.FullName to C:\scratchdir\Windows\WinSxS_edit\x86_microsoft.windows.c..-controls.resources_6595b64144ccf1df_5.82.26100.1591_ga-ie_263d7709a4037ce4
Copying x86_microsoft.windows.c..-controls.resources_6595b64144ccf1df_5.82.26100.1591_gd-gb_24c89f4ba4f68fe0.FullName to C:\scratchdir\Windows\WinSxS_edit\x86_microsoft.windows.c..-controls.resources_6595b64144ccf1df_5.82.26100.1591_gd-gb_24c89f4ba4f68fe0
Copying x86_microsoft.windows.c..-controls.resources_6595b64144ccf1df_5.82.26100.1591_gl-es_2bfc4789a05e891d.FullName to C:\scratchdir\Windows\WinSxS_edit\x86_microsoft.windows.c..-controls.resources_6595b64144ccf1df_5.82.26100.1591_gl-es_2bfc4789a05e891d
Copying x86_microsoft.windows.c..-controls.resources_6595b64144ccf1df_5.82.26100.1591_gu-in_2962f937a214d477.FullName to C:\scratchdir\Windows\WinSxS_edit\x86_microsoft.windows.c..-controls.resources_6595b64144ccf1df_5.82.26100.1591_gu-in_2962f937a214d477
Copying x86_microsoft.windows.c..-controls.resources_6595b64144ccf1df_5.82.26100.1591_he-il_cc4b2da494b62992.FullName to C:\scratchdir\Windows\WinSxS_edit\x86_microsoft.windows.c..-controls.resources_6595b64144ccf1df_5.82.26100.1591_he-il_cc4b2da494b62992
Copying x86_microsoft.windows.c..-controls.resources_6595b64144ccf1df_5.82.26100.1591_hi-in_cd02fc509444a264.FullName to C:\scratchdir\Windows\WinSxS_edit\x86_microsoft.windows.c..-controls.resources_6595b64144ccf1df_5.82.26100.1591_hi-in_cd02fc509444a264
Copying x86_microsoft.windows.c..-controls.resources_6595b64144ccf1df_5.82.26100.1591_hr-hr_ce67e08493699658.FullName to C:\scratchdir\Windows\WinSxS_edit\x86_microsoft.windows.c..-controls.resources_6595b64144ccf1df_5.82.26100.1591_hr-hr_ce67e08493699658
Copying x86_microsoft.windows.c..-controls.resources_6595b64144ccf1df_5.82.26100.1591_hu-hu_cf9c064a92a6f7c0.FullName to C:\scratchdir\Windows\WinSxS_edit\x86_microsoft.windows.c..-controls.resources_6595b64144ccf1df_5.82.26100.1591_hu-hu_cf9c064a92a6f7c0
Copying x86_microsoft.windows.c..-controls.resources_6595b64144ccf1df_5.82.26100.1591_hy-am_cbe52ca2950e8fe5.FullName to C:\scratchdir\Windows\WinSxS_edit\x86_microsoft.windows.c..-controls.resources_6595b64144ccf1df_5.82.26100.1591_hy-am_cbe52ca2950e8fe5
Copying x86_microsoft.windows.c..-controls.resources_6595b64144ccf1df_5.82.26100.1591_id-id_6be80829898706a2.FullName to C:\scratchdir\Windows\WinSxS_edit\x86_microsoft.windows.c..-controls.resources_6595b64144ccf1df_5.82.26100.1591_id-id_6be80829898706a2
Copying x86_microsoft.windows.c..-controls.resources_6595b64144ccf1df_5.82.26100.1591_is-is_71ecc50785b9edaa.FullName to C:\scratchdir\Windows\WinSxS_edit\x86_microsoft.windows.c..-controls.resources_6595b64144ccf1df_5.82.26100.1591_is-is_71ecc50785b9edaa
Copying x86_microsoft.windows.c..-controls.resources_6595b64144ccf1df_5.82.26100.1591_it-it_72537c4985790e22.FullName to C:\scratchdir\Windows\WinSxS_edit\x86_microsoft.windows.c..-controls.resources_6595b64144ccf1df_5.82.26100.1591_it-it_72537c4985790e22
Copying x86_microsoft.windows.c..-controls.resources_6595b64144ccf1df_5.82.26100.1591_ja-jp_1478fb5678941ffd.FullName to C:\scratchdir\Windows\WinSxS_edit\x86_microsoft.windows.c..-controls.resources_6595b64144ccf1df_5.82.26100.1591_ja-jp_1478fb5678941ffd
Copying x86_microsoft.windows.c..-controls.resources_6595b64144ccf1df_5.82.26100.1591_ka-ge_b2b6b4bd6e47be86.FullName to C:\scratchdir\Windows\WinSxS_edit\x86_microsoft.windows.c..-controls.resources_6595b64144ccf1df_5.82.26100.1591_ka-ge_b2b6b4bd6e47be86
Copying x86_microsoft.windows.c..-controls.resources_6595b64144ccf1df_5.82.26100.1591_kk-kz_bb9a512b689c9b87.FullName to C:\scratchdir\Windows\WinSxS_edit\x86_microsoft.windows.c..-controls.resources_6595b64144ccf1df_5.82.26100.1591_kk-kz_bb9a512b689c9b87
Copying x86_microsoft.windows.c..-controls.resources_6595b64144ccf1df_5.82.26100.1591_km-kh_b38930176dce81eb.FullName to C:\scratchdir\Windows\WinSxS_edit\x86_microsoft.windows.c..-controls.resources_6595b64144ccf1df_5.82.26100.1591_km-kh_b38930176dce81eb
Copying x86_microsoft.windows.c..-controls.resources_6595b64144ccf1df_5.82.26100.1591_kn-in_b627b8cf6c2085c4.FullName to C:\scratchdir\Windows\WinSxS_edit\x86_microsoft.windows.c..-controls.resources_6595b64144ccf1df_5.82.26100.1591_kn-in_b627b8cf6c2085c4
Copying x86_microsoft.windows.c..-controls.resources_6595b64144ccf1df_5.82.26100.1591_ko-kr_b7e2d80b6b04e713.FullName to C:\scratchdir\Windows\WinSxS_edit\x86_microsoft.windows.c..-controls.resources_6595b64144ccf1df_5.82.26100.1591_ko-kr_b7e2d80b6b04e713
Copying x86_microsoft.windows.c..-controls.resources_6595b64144ccf1df_5.82.26100.1591_kok-in_6585d38e6851d2b8.FullName to C:\scratchdir\Windows\WinSxS_edit\x86_microsoft.windows.c..-controls.resources_6595b64144ccf1df_5.82.26100.1591_kok-in_6585d38e6851d2b8
Copying x86_microsoft.windows.c..-controls.resources_6595b64144ccf1df_5.82.26100.1591_lb-lu_5ce229d25c51c045.FullName to C:\scratchdir\Windows\WinSxS_edit\x86_microsoft.windows.c..-controls.resources_6595b64144ccf1df_5.82.26100.1591_lb-lu_5ce229d25c51c045
Copying x86_microsoft.windows.c..-controls.resources_6595b64144ccf1df_5.82.26100.1591_lo-la_53770b3e626ed0f6.FullName to C:\scratchdir\Windows\WinSxS_edit\x86_microsoft.windows.c..-controls.resources_6595b64144ccf1df_5.82.26100.1591_lo-la_53770b3e626ed0f6
Copying x86_microsoft.windows.c..-controls.resources_6595b64144ccf1df_5.82.26100.1591_lt-lt_5bae040c5d2cb2b0.FullName to C:\scratchdir\Windows\WinSxS_edit\x86_microsoft.windows.c..-controls.resources_6595b64144ccf1df_5.82.26100.1591_lt-lt_5bae040c5d2cb2b0
Copying x86_microsoft.windows.c..-controls.resources_6595b64144ccf1df_5.82.26100.1591_lv-lv_5c7b72905caaf3a0.FullName to C:\scratchdir\Windows\WinSxS_edit\x86_microsoft.windows.c..-controls.resources_6595b64144ccf1df_5.82.26100.1591_lv-lv_5c7b72905caaf3a0
Copying x86_microsoft.windows.c..-controls.resources_6595b64144ccf1df_5.82.26100.1591_mi-nz_01ec34bd4daeeafa.FullName to C:\scratchdir\Windows\WinSxS_edit\x86_microsoft.windows.c..-controls.resources_6595b64144ccf1df_5.82.26100.1591_mi-nz_01ec34bd4daeeafa
Copying x86_microsoft.windows.c..-controls.resources_6595b64144ccf1df_5.82.26100.1591_mk-mk_fb2fbffb5205c552.FullName to C:\scratchdir\Windows\WinSxS_edit\x86_microsoft.windows.c..-controls.resources_6595b64144ccf1df_5.82.26100.1591_mk-mk_fb2fbffb5205c552
Copying x86_microsoft.windows.c..-controls.resources_6595b64144ccf1df_5.82.26100.1591_ml-in_fc79e0b951328854.FullName to C:\scratchdir\Windows\WinSxS_edit\x86_microsoft.windows.c..-controls.resources_6595b64144ccf1df_5.82.26100.1591_ml-in_fc79e0b951328854
Copying x86_microsoft.windows.c..-controls.resources_6595b64144ccf1df_5.82.26100.1591_mr-in_fc39013151632ffa.FullName to C:\scratchdir\Windows\WinSxS_edit\x86_microsoft.windows.c..-controls.resources_6595b64144ccf1df_5.82.26100.1591_mr-in_fc39013151632ffa
Copying x86_microsoft.windows.c..-controls.resources_6595b64144ccf1df_5.82.26100.1591_ms-my_010ea51f4e48e43c.FullName to C:\scratchdir\Windows\WinSxS_edit\x86_microsoft.windows.c..-controls.resources_6595b64144ccf1df_5.82.26100.1591_ms-my_010ea51f4e48e43c
Copying x86_microsoft.windows.c..-controls.resources_6595b64144ccf1df_5.82.26100.1591_mt-mt_fecc314d4fbde98a.FullName to C:\scratchdir\Windows\WinSxS_edit\x86_microsoft.windows.c..-controls.resources_6595b64144ccf1df_5.82.26100.1591_mt-mt_fecc314d4fbde98a
Copying x86_microsoft.windows.c..-controls.resources_6595b64144ccf1df_5.82.26100.1591_nb-no_a0755940432a12cf.FullName to C:\scratchdir\Windows\WinSxS_edit\x86_microsoft.windows.c..-controls.resources_6595b64144ccf1df_5.82.26100.1591_nb-no_a0755940432a12cf
Copying x86_microsoft.windows.c..-controls.resources_6595b64144ccf1df_5.82.26100.1591_ne-np_a0c670aa42f96b29.FullName to C:\scratchdir\Windows\WinSxS_edit\x86_microsoft.windows.c..-controls.resources_6595b64144ccf1df_5.82.26100.1591_ne-np_a0c670aa42f96b29
Copying x86_microsoft.windows.c..-controls.resources_6595b64144ccf1df_5.82.26100.1591_nl-nl_9eb4a47e44561ca4.FullName to C:\scratchdir\Windows\WinSxS_edit\x86_microsoft.windows.c..-controls.resources_6595b64144ccf1df_5.82.26100.1591_nl-nl_9eb4a47e44561ca4
Copying x86_microsoft.windows.c..-controls.resources_6595b64144ccf1df_5.82.26100.1591_nn-no_9ff39a30438b621b.FullName to C:\scratchdir\Windows\WinSxS_edit\x86_microsoft.windows.c..-controls.resources_6595b64144ccf1df_5.82.26100.1591_nn-no_9ff39a30438b621b
Copying x86_microsoft.windows.c..-controls.resources_6595b64144ccf1df_5.82.26100.1591_or-in_4275894336856a6c.FullName to C:\scratchdir\Windows\WinSxS_edit\x86_microsoft.windows.c..-controls.resources_6595b64144ccf1df_5.82.26100.1591_or-in_4275894336856a6c
Copying x86_microsoft.windows.c..-controls.resources_6595b64144ccf1df_5.82.26100.1591_pa-in_e64b9bf8288caca4.FullName to C:\scratchdir\Windows\WinSxS_edit\x86_microsoft.windows.c..-controls.resources_6595b64144ccf1df_5.82.26100.1591_pa-in_e64b9bf8288caca4
Copying x86_microsoft.windows.c..-controls.resources_6595b64144ccf1df_5.82.26100.1591_pl-pl_e4f0ff0029788a58.FullName to C:\scratchdir\Windows\WinSxS_edit\x86_microsoft.windows.c..-controls.resources_6595b64144ccf1df_5.82.26100.1591_pl-pl_e4f0ff0029788a58
Copying x86_microsoft.windows.c..-controls.resources_6595b64144ccf1df_5.82.26100.1591_pt-br_e744e9a428021e3c.FullName to C:\scratchdir\Windows\WinSxS_edit\x86_microsoft.windows.c..-controls.resources_6595b64144ccf1df_5.82.26100.1591_pt-br_e744e9a428021e3c
Copying x86_microsoft.windows.c..-controls.resources_6595b64144ccf1df_5.82.26100.1591_pt-pt_e826b91027718e18.FullName to C:\scratchdir\Windows\WinSxS_edit\x86_microsoft.windows.c..-controls.resources_6595b64144ccf1df_5.82.26100.1591_pt-pt_e826b91027718e18
Copying x86_microsoft.windows.c..-controls.resources_6595b64144ccf1df_5.82.26100.1591_qps-ploc_a444aad0fe990c9c.FullName to C:\scratchdir\Windows\WinSxS_edit\x86_microsoft.windows.c..-controls.resources_6595b64144ccf1df_5.82.26100.1591_qps-ploc_a444aad0fe990c9c
Copying x86_microsoft.windows.c..-controls.resources_6595b64144ccf1df_5.82.26100.1591_qps..ocm_3ea1d886647785e5.FullName to C:\scratchdir\Windows\WinSxS_edit\x86_microsoft.windows.c..-controls.resources_6595b64144ccf1df_5.82.26100.1591_qps..ocm_3ea1d886647785e5
Copying x86_microsoft.windows.c..-controls.resources_6595b64144ccf1df_5.82.26100.1591_quz-pe_4c476f60c9026439.FullName to C:\scratchdir\Windows\WinSxS_edit\x86_microsoft.windows.c..-controls.resources_6595b64144ccf1df_5.82.26100.1591_quz-pe_4c476f60c9026439
Copying x86_microsoft.windows.c..-controls.resources_6595b64144ccf1df_5.82.26100.1591_ro-ro_2c617f480dd85974.FullName to C:\scratchdir\Windows\WinSxS_edit\x86_microsoft.windows.c..-controls.resources_6595b64144ccf1df_5.82.26100.1591_ro-ro_2c617f480dd85974
Copying x86_microsoft.windows.c..-controls.resources_6595b64144ccf1df_5.82.26100.1591_ru-ru_2ec9cad40c531c44.FullName to C:\scratchdir\Windows\WinSxS_edit\x86_microsoft.windows.c..-controls.resources_6595b64144ccf1df_5.82.26100.1591_ru-ru_2ec9cad40c531c44
Copying x86_microsoft.windows.c..-controls.resources_6595b64144ccf1df_5.82.26100.1591_sk-sk_cde4cf81016d0e6e.FullName to C:\scratchdir\Windows\WinSxS_edit\x86_microsoft.windows.c..-controls.resources_6595b64144ccf1df_5.82.26100.1591_sk-sk_cde4cf81016d0e6e
Copying x86_microsoft.windows.c..-controls.resources_6595b64144ccf1df_5.82.26100.1591_sl-si_ccf6f13902072151.FullName to C:\scratchdir\Windows\WinSxS_edit\x86_microsoft.windows.c..-controls.resources_6595b64144ccf1df_5.82.26100.1591_sl-si_ccf6f13902072151
Copying x86_microsoft.windows.c..-controls.resources_6595b64144ccf1df_5.82.26100.1591_sq-al_ce1711370152ed49.FullName to C:\scratchdir\Windows\WinSxS_edit\x86_microsoft.windows.c..-controls.resources_6595b64144ccf1df_5.82.26100.1591_sq-al_ce1711370152ed49
Copying x86_microsoft.windows.c..-controls.resources_6595b64144ccf1df_5.82.26100.1591_sr-..-ba_2a0ab08715f18f95.FullName to C:\scratchdir\Windows\WinSxS_edit\x86_microsoft.windows.c..-controls.resources_6595b64144ccf1df_5.82.26100.1591_sr-..-ba_2a0ab08715f18f95
Copying x86_microsoft.windows.c..-controls.resources_6595b64144ccf1df_5.82.26100.1591_sr-..-rs_306084cf11f3cef7.FullName to C:\scratchdir\Windows\WinSxS_edit\x86_microsoft.windows.c..-controls.resources_6595b64144ccf1df_5.82.26100.1591_sr-..-rs_306084cf11f3cef7
Copying x86_microsoft.windows.c..-controls.resources_6595b64144ccf1df_5.82.26100.1591_sr-..-rs_7327597d7718c882.FullName to C:\scratchdir\Windows\WinSxS_edit\x86_microsoft.windows.c..-controls.resources_6595b64144ccf1df_5.82.26100.1591_sr-..-rs_7327597d7718c882
Copying x86_microsoft.windows.c..-controls.resources_6595b64144ccf1df_5.82.26100.1591_sv-se_cac4b549037c269f.FullName to C:\scratchdir\Windows\WinSxS_edit\x86_microsoft.windows.c..-controls.resources_6595b64144ccf1df_5.82.26100.1591_sv-se_cac4b549037c269f
Copying x86_microsoft.windows.c..-controls.resources_6595b64144ccf1df_5.82.26100.1591_ta-in_72c4ac1bf2d12188.FullName to C:\scratchdir\Windows\WinSxS_edit\x86_microsoft.windows.c..-controls.resources_6595b64144ccf1df_5.82.26100.1591_ta-in_72c4ac1bf2d12188
Copying x86_microsoft.windows.c..-controls.resources_6595b64144ccf1df_5.82.26100.1591_te-in_72996c6bf2f1914c.FullName to C:\scratchdir\Windows\WinSxS_edit\x86_microsoft.windows.c..-controls.resources_6595b64144ccf1df_5.82.26100.1591_te-in_72996c6bf2f1914c
Copying x86_microsoft.windows.c..-controls.resources_6595b64144ccf1df_5.82.26100.1591_th-th_6fced6fbf4c0e3e0.FullName to C:\scratchdir\Windows\WinSxS_edit\x86_microsoft.windows.c..-controls.resources_6595b64144ccf1df_5.82.26100.1591_th-th_6fced6fbf4c0e3e0
Copying x86_microsoft.windows.c..-controls.resources_6595b64144ccf1df_5.82.26100.1591_tr-tr_73d1ff8ff2382890.FullName to C:\scratchdir\Windows\WinSxS_edit\x86_microsoft.windows.c..-controls.resources_6595b64144ccf1df_5.82.26100.1591_tr-tr_73d1ff8ff2382890
Copying x86_microsoft.windows.c..-controls.resources_6595b64144ccf1df_5.82.26100.1591_tt-ru_751122d1f16d3ac5.FullName to C:\scratchdir\Windows\WinSxS_edit\x86_microsoft.windows.c..-controls.resources_6595b64144ccf1df_5.82.26100.1591_tt-ru_751122d1f16d3ac5
Copying x86_microsoft.windows.c..-controls.resources_6595b64144ccf1df_5.82.26100.1591_ug-cn_15a2994ce5924ca1.FullName to C:\scratchdir\Windows\WinSxS_edit\x86_microsoft.windows.c..-controls.resources_6595b64144ccf1df_5.82.26100.1591_ug-cn_15a2994ce5924ca1
Copying x86_microsoft.windows.c..-controls.resources_6595b64144ccf1df_5.82.26100.1591_uk-ua_0fb1e236e9694edc.FullName to C:\scratchdir\Windows\WinSxS_edit\x86_microsoft.windows.c..-controls.resources_6595b64144ccf1df_5.82.26100.1591_uk-ua_0fb1e236e9694edc
Copying x86_microsoft.windows.c..-controls.resources_6595b64144ccf1df_5.82.26100.1591_ur-pk_13d5ec76e6c7bf94.FullName to C:\scratchdir\Windows\WinSxS_edit\x86_microsoft.windows.c..-controls.resources_6595b64144ccf1df_5.82.26100.1591_ur-pk_13d5ec76e6c7bf94
Copying x86_microsoft.windows.c..-controls.resources_6595b64144ccf1df_5.82.26100.1591_uz-..-uz_576ce8a1070e9744.FullName to C:\scratchdir\Windows\WinSxS_edit\x86_microsoft.windows.c..-controls.resources_6595b64144ccf1df_5.82.26100.1591_uz-..-uz_576ce8a1070e9744
Copying x86_microsoft.windows.c..-controls.resources_6595b64144ccf1df_5.82.26100.1591_vi-vn_b8a98ca5d83588af.FullName to C:\scratchdir\Windows\WinSxS_edit\x86_microsoft.windows.c..-controls.resources_6595b64144ccf1df_5.82.26100.1591_vi-vn_b8a98ca5d83588af
Copying x86_microsoft.windows.c..-controls.resources_6595b64144ccf1df_5.82.26100.1591_zh-cn_452f1d8da26ffaaf.FullName to C:\scratchdir\Windows\WinSxS_edit\x86_microsoft.windows.c..-controls.resources_6595b64144ccf1df_5.82.26100.1591_zh-cn_452f1d8da26ffaaf
Copying x86_microsoft.windows.c..-controls.resources_6595b64144ccf1df_5.82.26100.1591_zh-tw_492b5ae39fe0d71f.FullName to C:\scratchdir\Windows\WinSxS_edit\x86_microsoft.windows.c..-controls.resources_6595b64144ccf1df_5.82.26100.1591_zh-tw_492b5ae39fe0d71f
Copying x86_microsoft.windows.c..-controls.resources_6595b64144ccf1df_6.0.26100.1591_af-za_07a9a7ed5eecfe31.FullName to C:\scratchdir\Windows\WinSxS_edit\x86_microsoft.windows.c..-controls.resources_6595b64144ccf1df_6.0.26100.1591_af-za_07a9a7ed5eecfe31
Copying x86_microsoft.windows.c..-controls.resources_6595b64144ccf1df_6.0.26100.1591_am-et_0fccdf4b59b8fd98.FullName to C:\scratchdir\Windows\WinSxS_edit\x86_microsoft.windows.c..-controls.resources_6595b64144ccf1df_6.0.26100.1591_am-et_0fccdf4b59b8fd98
Copying x86_microsoft.windows.c..-controls.resources_6595b64144ccf1df_6.0.26100.1591_ar-sa_072888555f4d9a16.FullName to C:\scratchdir\Windows\WinSxS_edit\x86_microsoft.windows.c..-controls.resources_6595b64144ccf1df_6.0.26100.1591_ar-sa_072888555f4d9a16
Copying x86_microsoft.windows.c..-controls.resources_6595b64144ccf1df_6.0.26100.1591_as-in_0ce2798f5b9ff098.FullName to C:\scratchdir\Windows\WinSxS_edit\x86_microsoft.windows.c..-controls.resources_6595b64144ccf1df_6.0.26100.1591_as-in_0ce2798f5b9ff098
Copying x86_microsoft.windows.c..-controls.resources_6595b64144ccf1df_6.0.26100.1591_az-..-az_d5505cea4b146b85.FullName to C:\scratchdir\Windows\WinSxS_edit\x86_microsoft.windows.c..-controls.resources_6595b64144ccf1df_6.0.26100.1591_az-..-az_d5505cea4b146b85
Copying x86_microsoft.windows.c..-controls.resources_6595b64144ccf1df_6.0.26100.1591_be-by_b5798af24a9c0509.FullName to C:\scratchdir\Windows\WinSxS_edit\x86_microsoft.windows.c..-controls.resources_6595b64144ccf1df_6.0.26100.1591_be-by_b5798af24a9c0509
Copying x86_microsoft.windows.c..-controls.resources_6595b64144ccf1df_6.0.26100.1591_bg-bg_ad6869de4fcdeb6d.FullName to C:\scratchdir\Windows\WinSxS_edit\x86_microsoft.windows.c..-controls.resources_6595b64144ccf1df_6.0.26100.1591_bg-bg_ad6869de4fcdeb6d
Copying x86_microsoft.windows.c..-controls.resources_6595b64144ccf1df_6.0.26100.1591_bn-in_b036cd344e08821c.FullName to C:\scratchdir\Windows\WinSxS_edit\x86_microsoft.windows.c..-controls.resources_6595b64144ccf1df_6.0.26100.1591_bn-in_b036cd344e08821c
Copying x86_microsoft.windows.c..-controls.resources_6595b64144ccf1df_6.0.26100.1591_bs-..-ba_3017f7e2648d7e73.FullName to C:\scratchdir\Windows\WinSxS_edit\x86_microsoft.windows.c..-controls.resources_6595b64144ccf1df_6.0.26100.1591_bs-..-ba_3017f7e2648d7e73
Copying x86_microsoft.windows.c..-controls.resources_6595b64144ccf1df_6.0.26100.1591_ca-..cia_a732783f6e59c363.FullName to C:\scratchdir\Windows\WinSxS_edit\x86_microsoft.windows.c..-controls.resources_6595b64144ccf1df_6.0.26100.1591_ca-..cia_a732783f6e59c363
Copying x86_microsoft.windows.c..-controls.resources_6595b64144ccf1df_6.0.26100.1591_ca-es_56199f3f3ec2e437.FullName to C:\scratchdir\Windows\WinSxS_edit\x86_microsoft.windows.c..-controls.resources_6595b64144ccf1df_6.0.26100.1591_ca-es_56199f3f3ec2e437
Copying x86_microsoft.windows.c..-controls.resources_6595b64144ccf1df_6.0.26100.1591_chr..-us_6984274ad6d77deb.FullName to C:\scratchdir\Windows\WinSxS_edit\x86_microsoft.windows.c..-controls.resources_6595b64144ccf1df_6.0.26100.1591_chr..-us_6984274ad6d77deb
Copying x86_microsoft.windows.c..-controls.resources_6595b64144ccf1df_6.0.26100.1591_cs-cz_5871e0793d55c798.FullName to C:\scratchdir\Windows\WinSxS_edit\x86_microsoft.windows.c..-controls.resources_6595b64144ccf1df_6.0.26100.1591_cs-cz_5871e0793d55c798
Copying x86_microsoft.windows.c..-controls.resources_6595b64144ccf1df_6.0.26100.1591_cy-gb_4d8bf981445e691a.FullName to C:\scratchdir\Windows\WinSxS_edit\x86_microsoft.windows.c..-controls.resources_6595b64144ccf1df_6.0.26100.1591_cy-gb_4d8bf981445e691a
Copying x86_microsoft.windows.c..-controls.resources_6595b64144ccf1df_6.0.26100.1591_da-dk_f5abc0a0339bc397.FullName to C:\scratchdir\Windows\WinSxS_edit\x86_microsoft.windows.c..-controls.resources_6595b64144ccf1df_6.0.26100.1591_da-dk_f5abc0a0339bc397
Copying x86_microsoft.windows.c..-controls.resources_6595b64144ccf1df_6.0.26100.1591_de-de_f2d755dc35721831.FullName to C:\scratchdir\Windows\WinSxS_edit\x86_microsoft.windows.c..-controls.resources_6595b64144ccf1df_6.0.26100.1591_de-de_f2d755dc35721831
Copying x86_microsoft.windows.c..-controls.resources_6595b64144ccf1df_6.0.26100.1591_el-gr_9b6d836f248780bf.FullName to C:\scratchdir\Windows\WinSxS_edit\x86_microsoft.windows.c..-controls.resources_6595b64144ccf1df_6.0.26100.1591_el-gr_9b6d836f248780bf
Copying x86_microsoft.windows.c..-controls.resources_6595b64144ccf1df_6.0.26100.1591_en-gb_943f70b729277031.FullName to C:\scratchdir\Windows\WinSxS_edit\x86_microsoft.windows.c..-controls.resources_6595b64144ccf1df_6.0.26100.1591_en-gb_943f70b729277031
Copying x86_microsoft.windows.c..-controls.resources_6595b64144ccf1df_6.0.26100.1591_en-us_9bc82bd5245023f6.FullName to C:\scratchdir\Windows\WinSxS_edit\x86_microsoft.windows.c..-controls.resources_6595b64144ccf1df_6.0.26100.1591_en-us_9bc82bd5245023f6
Copying x86_microsoft.windows.c..-controls.resources_6595b64144ccf1df_6.0.26100.1591_es-es_9b9388b92477159b.FullName to C:\scratchdir\Windows\WinSxS_edit\x86_microsoft.windows.c..-controls.resources_6595b64144ccf1df_6.0.26100.1591_es-es_9b9388b92477159b
Copying x86_microsoft.windows.c..-controls.resources_6595b64144ccf1df_6.0.26100.1591_es-mx_9dca765f230af946.FullName to C:\scratchdir\Windows\WinSxS_edit\x86_microsoft.windows.c..-controls.resources_6595b64144ccf1df_6.0.26100.1591_es-mx_9dca765f230af946
Copying x86_microsoft.windows.c..-controls.resources_6595b64144ccf1df_6.0.26100.1591_et-ee_95535449287cf22a.FullName to C:\scratchdir\Windows\WinSxS_edit\x86_microsoft.windows.c..-controls.resources_6595b64144ccf1df_6.0.26100.1591_et-ee_95535449287cf22a
Copying x86_microsoft.windows.c..-controls.resources_6595b64144ccf1df_6.0.26100.1591_eu-es_9b7de8e124874d7d.FullName to C:\scratchdir\Windows\WinSxS_edit\x86_microsoft.windows.c..-controls.resources_6595b64144ccf1df_6.0.26100.1591_eu-es_9b7de8e124874d7d
Copying x86_microsoft.windows.c..-controls.resources_6595b64144ccf1df_6.0.26100.1591_fa-ir_3f02890c16bf9ddf.FullName to C:\scratchdir\Windows\WinSxS_edit\x86_microsoft.windows.c..-controls.resources_6595b64144ccf1df_6.0.26100.1591_fa-ir_3f02890c16bf9ddf
Copying x86_microsoft.windows.c..-controls.resources_6595b64144ccf1df_6.0.26100.1591_fi-fi_3aae8d66199107c5.FullName to C:\scratchdir\Windows\WinSxS_edit\x86_microsoft.windows.c..-controls.resources_6595b64144ccf1df_6.0.26100.1591_fi-fi_3aae8d66199107c5
Copying x86_microsoft.windows.c..-controls.resources_6595b64144ccf1df_6.0.26100.1591_fil-ph_dee98c725eae937c.FullName to C:\scratchdir\Windows\WinSxS_edit\x86_microsoft.windows.c..-controls.resources_6595b64144ccf1df_6.0.26100.1591_fil-ph_dee98c725eae937c
Copying x86_microsoft.windows.c..-controls.resources_6595b64144ccf1df_6.0.26100.1591_fr-ca_36c149021c219223.FullName to C:\scratchdir\Windows\WinSxS_edit\x86_microsoft.windows.c..-controls.resources_6595b64144ccf1df_6.0.26100.1591_fr-ca_36c149021c219223
Copying x86_microsoft.windows.c..-controls.resources_6595b64144ccf1df_6.0.26100.1591_fr-fr_3e4afeb817492bfd.FullName to C:\scratchdir\Windows\WinSxS_edit\x86_microsoft.windows.c..-controls.resources_6595b64144ccf1df_6.0.26100.1591_fr-fr_3e4afeb817492bfd
Copying x86_microsoft.windows.c..-controls.resources_6595b64144ccf1df_6.0.26100.1591_ga-ie_dc5cefbf0d05803d.FullName to C:\scratchdir\Windows\WinSxS_edit\x86_microsoft.windows.c..-controls.resources_6595b64144ccf1df_6.0.26100.1591_ga-ie_dc5cefbf0d05803d
Copying x86_microsoft.windows.c..-controls.resources_6595b64144ccf1df_6.0.26100.1591_gd-gb_dae818010df89339.FullName to C:\scratchdir\Windows\WinSxS_edit\x86_microsoft.windows.c..-controls.resources_6595b64144ccf1df_6.0.26100.1591_gd-gb_dae818010df89339
Copying x86_microsoft.windows.c..-controls.resources_6595b64144ccf1df_6.0.26100.1591_gl-es_e21bc03f09608c76.FullName to C:\scratchdir\Windows\WinSxS_edit\x86_microsoft.windows.c..-controls.resources_6595b64144ccf1df_6.0.26100.1591_gl-es_e21bc03f09608c76
Copying x86_microsoft.windows.c..-controls.resources_6595b64144ccf1df_6.0.26100.1591_gu-in_df8271ed0b16d7d0.FullName to C:\scratchdir\Windows\WinSxS_edit\x86_microsoft.windows.c..-controls.resources_6595b64144ccf1df_6.0.26100.1591_gu-in_df8271ed0b16d7d0
Copying x86_microsoft.windows.c..-controls.resources_6595b64144ccf1df_6.0.26100.1591_he-il_826aa659fdb82ceb.FullName to C:\scratchdir\Windows\WinSxS_edit\x86_microsoft.windows.c..-controls.resources_6595b64144ccf1df_6.0.26100.1591_he-il_826aa659fdb82ceb
Copying x86_microsoft.windows.c..-controls.resources_6595b64144ccf1df_6.0.26100.1591_hi-in_83227505fd46a5bd.FullName to C:\scratchdir\Windows\WinSxS_edit\x86_microsoft.windows.c..-controls.resources_6595b64144ccf1df_6.0.26100.1591_hi-in_83227505fd46a5bd
Copying x86_microsoft.windows.c..-controls.resources_6595b64144ccf1df_6.0.26100.1591_hr-hr_84875939fc6b99b1.FullName to C:\scratchdir\Windows\WinSxS_edit\x86_microsoft.windows.c..-controls.resources_6595b64144ccf1df_6.0.26100.1591_hr-hr_84875939fc6b99b1
Copying x86_microsoft.windows.c..-controls.resources_6595b64144ccf1df_6.0.26100.1591_hu-hu_85bb7efffba8fb19.FullName to C:\scratchdir\Windows\WinSxS_edit\x86_microsoft.windows.c..-controls.resources_6595b64144ccf1df_6.0.26100.1591_hu-hu_85bb7efffba8fb19
Copying x86_microsoft.windows.c..-controls.resources_6595b64144ccf1df_6.0.26100.1591_hy-am_8204a557fe10933e.FullName to C:\scratchdir\Windows\WinSxS_edit\x86_microsoft.windows.c..-controls.resources_6595b64144ccf1df_6.0.26100.1591_hy-am_8204a557fe10933e
Copying x86_microsoft.windows.c..-controls.resources_6595b64144ccf1df_6.0.26100.1591_id-id_220780def28909fb.FullName to C:\scratchdir\Windows\WinSxS_edit\x86_microsoft.windows.c..-controls.resources_6595b64144ccf1df_6.0.26100.1591_id-id_220780def28909fb
Copying x86_microsoft.windows.c..-controls.resources_6595b64144ccf1df_6.0.26100.1591_is-is_280c3dbceebbf103.FullName to C:\scratchdir\Windows\WinSxS_edit\x86_microsoft.windows.c..-controls.resources_6595b64144ccf1df_6.0.26100.1591_is-is_280c3dbceebbf103
Copying x86_microsoft.windows.c..-controls.resources_6595b64144ccf1df_6.0.26100.1591_it-it_2872f4feee7b117b.FullName to C:\scratchdir\Windows\WinSxS_edit\x86_microsoft.windows.c..-controls.resources_6595b64144ccf1df_6.0.26100.1591_it-it_2872f4feee7b117b
Copying x86_microsoft.windows.c..-controls.resources_6595b64144ccf1df_6.0.26100.1591_ja-jp_ca98740be1962356.FullName to C:\scratchdir\Windows\WinSxS_edit\x86_microsoft.windows.c..-controls.resources_6595b64144ccf1df_6.0.26100.1591_ja-jp_ca98740be1962356
Copying x86_microsoft.windows.c..-controls.resources_6595b64144ccf1df_6.0.26100.1591_ka-ge_68d62d72d749c1df.FullName to C:\scratchdir\Windows\WinSxS_edit\x86_microsoft.windows.c..-controls.resources_6595b64144ccf1df_6.0.26100.1591_ka-ge_68d62d72d749c1df
Copying x86_microsoft.windows.c..-controls.resources_6595b64144ccf1df_6.0.26100.1591_kk-kz_71b9c9e0d19e9ee0.FullName to C:\scratchdir\Windows\WinSxS_edit\x86_microsoft.windows.c..-controls.resources_6595b64144ccf1df_6.0.26100.1591_kk-kz_71b9c9e0d19e9ee0
Copying x86_microsoft.windows.c..-controls.resources_6595b64144ccf1df_6.0.26100.1591_km-kh_69a8a8ccd6d08544.FullName to C:\scratchdir\Windows\WinSxS_edit\x86_microsoft.windows.c..-controls.resources_6595b64144ccf1df_6.0.26100.1591_km-kh_69a8a8ccd6d08544
Copying x86_microsoft.windows.c..-controls.resources_6595b64144ccf1df_6.0.26100.1591_kn-in_6c473184d522891d.FullName to C:\scratchdir\Windows\WinSxS_edit\x86_microsoft.windows.c..-controls.resources_6595b64144ccf1df_6.0.26100.1591_kn-in_6c473184d522891d
Copying x86_microsoft.windows.c..-controls.resources_6595b64144ccf1df_6.0.26100.1591_ko-kr_6e0250c0d406ea6c.FullName to C:\scratchdir\Windows\WinSxS_edit\x86_microsoft.windows.c..-controls.resources_6595b64144ccf1df_6.0.26100.1591_ko-kr_6e0250c0d406ea6c
Copying x86_microsoft.windows.c..-controls.resources_6595b64144ccf1df_6.0.26100.1591_kok-in_1ba54c43d153d611.FullName to C:\scratchdir\Windows\WinSxS_edit\x86_microsoft.windows.c..-controls.resources_6595b64144ccf1df_6.0.26100.1591_kok-in_1ba54c43d153d611
Copying x86_microsoft.windows.c..-controls.resources_6595b64144ccf1df_6.0.26100.1591_lb-lu_1301a287c553c39e.FullName to C:\scratchdir\Windows\WinSxS_edit\x86_microsoft.windows.c..-controls.resources_6595b64144ccf1df_6.0.26100.1591_lb-lu_1301a287c553c39e
Copying x86_microsoft.windows.c..-controls.resources_6595b64144ccf1df_6.0.26100.1591_lo-la_099683f3cb70d44f.FullName to C:\scratchdir\Windows\WinSxS_edit\x86_microsoft.windows.c..-controls.resources_6595b64144ccf1df_6.0.26100.1591_lo-la_099683f3cb70d44f
Copying x86_microsoft.windows.c..-controls.resources_6595b64144ccf1df_6.0.26100.1591_lt-lt_11cd7cc1c62eb609.FullName to C:\scratchdir\Windows\WinSxS_edit\x86_microsoft.windows.c..-controls.resources_6595b64144ccf1df_6.0.26100.1591_lt-lt_11cd7cc1c62eb609
Copying x86_microsoft.windows.c..-controls.resources_6595b64144ccf1df_6.0.26100.1591_lv-lv_129aeb45c5acf6f9.FullName to C:\scratchdir\Windows\WinSxS_edit\x86_microsoft.windows.c..-controls.resources_6595b64144ccf1df_6.0.26100.1591_lv-lv_129aeb45c5acf6f9
Copying x86_microsoft.windows.c..-controls.resources_6595b64144ccf1df_6.0.26100.1591_mi-nz_b80bad72b6b0ee53.FullName to C:\scratchdir\Windows\WinSxS_edit\x86_microsoft.windows.c..-controls.resources_6595b64144ccf1df_6.0.26100.1591_mi-nz_b80bad72b6b0ee53
Copying x86_microsoft.windows.c..-controls.resources_6595b64144ccf1df_6.0.26100.1591_mk-mk_b14f38b0bb07c8ab.FullName to C:\scratchdir\Windows\WinSxS_edit\x86_microsoft.windows.c..-controls.resources_6595b64144ccf1df_6.0.26100.1591_mk-mk_b14f38b0bb07c8ab
Copying x86_microsoft.windows.c..-controls.resources_6595b64144ccf1df_6.0.26100.1591_ml-in_b299596eba348bad.FullName to C:\scratchdir\Windows\WinSxS_edit\x86_microsoft.windows.c..-controls.resources_6595b64144ccf1df_6.0.26100.1591_ml-in_b299596eba348bad
Copying x86_microsoft.windows.c..-controls.resources_6595b64144ccf1df_6.0.26100.1591_mr-in_b25879e6ba653353.FullName to C:\scratchdir\Windows\WinSxS_edit\x86_microsoft.windows.c..-controls.resources_6595b64144ccf1df_6.0.26100.1591_mr-in_b25879e6ba653353
Copying x86_microsoft.windows.c..-controls.resources_6595b64144ccf1df_6.0.26100.1591_ms-my_b72e1dd4b74ae795.FullName to C:\scratchdir\Windows\WinSxS_edit\x86_microsoft.windows.c..-controls.resources_6595b64144ccf1df_6.0.26100.1591_ms-my_b72e1dd4b74ae795
Copying x86_microsoft.windows.c..-controls.resources_6595b64144ccf1df_6.0.26100.1591_mt-mt_b4ebaa02b8bfece3.FullName to C:\scratchdir\Windows\WinSxS_edit\x86_microsoft.windows.c..-controls.resources_6595b64144ccf1df_6.0.26100.1591_mt-mt_b4ebaa02b8bfece3
Copying x86_microsoft.windows.c..-controls.resources_6595b64144ccf1df_6.0.26100.1591_nb-no_5694d1f5ac2c1628.FullName to C:\scratchdir\Windows\WinSxS_edit\x86_microsoft.windows.c..-controls.resources_6595b64144ccf1df_6.0.26100.1591_nb-no_5694d1f5ac2c1628
Copying x86_microsoft.windows.c..-controls.resources_6595b64144ccf1df_6.0.26100.1591_ne-np_56e5e95fabfb6e82.FullName to C:\scratchdir\Windows\WinSxS_edit\x86_microsoft.windows.c..-controls.resources_6595b64144ccf1df_6.0.26100.1591_ne-np_56e5e95fabfb6e82
Copying x86_microsoft.windows.c..-controls.resources_6595b64144ccf1df_6.0.26100.1591_nl-nl_54d41d33ad581ffd.FullName to C:\scratchdir\Windows\WinSxS_edit\x86_microsoft.windows.c..-controls.resources_6595b64144ccf1df_6.0.26100.1591_nl-nl_54d41d33ad581ffd
Copying x86_microsoft.windows.c..-controls.resources_6595b64144ccf1df_6.0.26100.1591_nn-no_561312e5ac8d6574.FullName to C:\scratchdir\Windows\WinSxS_edit\x86_microsoft.windows.c..-controls.resources_6595b64144ccf1df_6.0.26100.1591_nn-no_561312e5ac8d6574
Copying x86_microsoft.windows.c..-controls.resources_6595b64144ccf1df_6.0.26100.1591_or-in_f89501f89f876dc5.FullName to C:\scratchdir\Windows\WinSxS_edit\x86_microsoft.windows.c..-controls.resources_6595b64144ccf1df_6.0.26100.1591_or-in_f89501f89f876dc5
Copying x86_microsoft.windows.c..-controls.resources_6595b64144ccf1df_6.0.26100.1591_pa-in_9c6b14ad918eaffd.FullName to C:\scratchdir\Windows\WinSxS_edit\x86_microsoft.windows.c..-controls.resources_6595b64144ccf1df_6.0.26100.1591_pa-in_9c6b14ad918eaffd
Copying x86_microsoft.windows.c..-controls.resources_6595b64144ccf1df_6.0.26100.1591_pl-pl_9b1077b5927a8db1.FullName to C:\scratchdir\Windows\WinSxS_edit\x86_microsoft.windows.c..-controls.resources_6595b64144ccf1df_6.0.26100.1591_pl-pl_9b1077b5927a8db1
Copying x86_microsoft.windows.c..-controls.resources_6595b64144ccf1df_6.0.26100.1591_pt-br_9d64625991042195.FullName to C:\scratchdir\Windows\WinSxS_edit\x86_microsoft.windows.c..-controls.resources_6595b64144ccf1df_6.0.26100.1591_pt-br_9d64625991042195
Copying x86_microsoft.windows.c..-controls.resources_6595b64144ccf1df_6.0.26100.1591_pt-pt_9e4631c590739171.FullName to C:\scratchdir\Windows\WinSxS_edit\x86_microsoft.windows.c..-controls.resources_6595b64144ccf1df_6.0.26100.1591_pt-pt_9e4631c590739171
Copying x86_microsoft.windows.c..-controls.resources_6595b64144ccf1df_6.0.26100.1591_qps-ploc_5a642386679b0ff5.FullName to C:\scratchdir\Windows\WinSxS_edit\x86_microsoft.windows.c..-controls.resources_6595b64144ccf1df_6.0.26100.1591_qps-ploc_5a642386679b0ff5
Copying x86_microsoft.windows.c..-controls.resources_6595b64144ccf1df_6.0.26100.1591_qps..ocm_f4c1513bcd79893e.FullName to C:\scratchdir\Windows\WinSxS_edit\x86_microsoft.windows.c..-controls.resources_6595b64144ccf1df_6.0.26100.1591_qps..ocm_f4c1513bcd79893e
Copying x86_microsoft.windows.c..-controls.resources_6595b64144ccf1df_6.0.26100.1591_quz-pe_0266e81632046792.FullName to C:\scratchdir\Windows\WinSxS_edit\x86_microsoft.windows.c..-controls.resources_6595b64144ccf1df_6.0.26100.1591_quz-pe_0266e81632046792
Copying x86_microsoft.windows.c..-controls.resources_6595b64144ccf1df_6.0.26100.1591_ro-ro_e280f7fd76da5ccd.FullName to C:\scratchdir\Windows\WinSxS_edit\x86_microsoft.windows.c..-controls.resources_6595b64144ccf1df_6.0.26100.1591_ro-ro_e280f7fd76da5ccd
Copying x86_microsoft.windows.c..-controls.resources_6595b64144ccf1df_6.0.26100.1591_ru-ru_e4e9438975551f9d.FullName to C:\scratchdir\Windows\WinSxS_edit\x86_microsoft.windows.c..-controls.resources_6595b64144ccf1df_6.0.26100.1591_ru-ru_e4e9438975551f9d
Copying x86_microsoft.windows.c..-controls.resources_6595b64144ccf1df_6.0.26100.1591_sk-sk_840448366a6f11c7.FullName to C:\scratchdir\Windows\WinSxS_edit\x86_microsoft.windows.c..-controls.resources_6595b64144ccf1df_6.0.26100.1591_sk-sk_840448366a6f11c7
Copying x86_microsoft.windows.c..-controls.resources_6595b64144ccf1df_6.0.26100.1591_sl-si_831669ee6b0924aa.FullName to C:\scratchdir\Windows\WinSxS_edit\x86_microsoft.windows.c..-controls.resources_6595b64144ccf1df_6.0.26100.1591_sl-si_831669ee6b0924aa
Copying x86_microsoft.windows.c..-controls.resources_6595b64144ccf1df_6.0.26100.1591_sq-al_843689ec6a54f0a2.FullName to C:\scratchdir\Windows\WinSxS_edit\x86_microsoft.windows.c..-controls.resources_6595b64144ccf1df_6.0.26100.1591_sq-al_843689ec6a54f0a2
Copying x86_microsoft.windows.c..-controls.resources_6595b64144ccf1df_6.0.26100.1591_sr-..-ba_e02a293c7ef392ee.FullName to C:\scratchdir\Windows\WinSxS_edit\x86_microsoft.windows.c..-controls.resources_6595b64144ccf1df_6.0.26100.1591_sr-..-ba_e02a293c7ef392ee
Copying x86_microsoft.windows.c..-controls.resources_6595b64144ccf1df_6.0.26100.1591_sr-..-rs_2946d232e01acbdb.FullName to C:\scratchdir\Windows\WinSxS_edit\x86_microsoft.windows.c..-controls.resources_6595b64144ccf1df_6.0.26100.1591_sr-..-rs_2946d232e01acbdb
Copying x86_microsoft.windows.c..-controls.resources_6595b64144ccf1df_6.0.26100.1591_sr-..-rs_e67ffd847af5d250.FullName to C:\scratchdir\Windows\WinSxS_edit\x86_microsoft.windows.c..-controls.resources_6595b64144ccf1df_6.0.26100.1591_sr-..-rs_e67ffd847af5d250
Copying x86_microsoft.windows.c..-controls.resources_6595b64144ccf1df_6.0.26100.1591_sv-se_80e42dfe6c7e29f8.FullName to C:\scratchdir\Windows\WinSxS_edit\x86_microsoft.windows.c..-controls.resources_6595b64144ccf1df_6.0.26100.1591_sv-se_80e42dfe6c7e29f8
Copying x86_microsoft.windows.c..-controls.resources_6595b64144ccf1df_6.0.26100.1591_ta-in_28e424d15bd324e1.FullName to C:\scratchdir\Windows\WinSxS_edit\x86_microsoft.windows.c..-controls.resources_6595b64144ccf1df_6.0.26100.1591_ta-in_28e424d15bd324e1
Copying x86_microsoft.windows.c..-controls.resources_6595b64144ccf1df_6.0.26100.1591_te-in_28b8e5215bf394a5.FullName to C:\scratchdir\Windows\WinSxS_edit\x86_microsoft.windows.c..-controls.resources_6595b64144ccf1df_6.0.26100.1591_te-in_28b8e5215bf394a5
Copying x86_microsoft.windows.c..-controls.resources_6595b64144ccf1df_6.0.26100.1591_th-th_25ee4fb15dc2e739.FullName to C:\scratchdir\Windows\WinSxS_edit\x86_microsoft.windows.c..-controls.resources_6595b64144ccf1df_6.0.26100.1591_th-th_25ee4fb15dc2e739
Copying x86_microsoft.windows.c..-controls.resources_6595b64144ccf1df_6.0.26100.1591_tr-tr_29f178455b3a2be9.FullName to C:\scratchdir\Windows\WinSxS_edit\x86_microsoft.windows.c..-controls.resources_6595b64144ccf1df_6.0.26100.1591_tr-tr_29f178455b3a2be9
Copying x86_microsoft.windows.c..-controls.resources_6595b64144ccf1df_6.0.26100.1591_tt-ru_2b309b875a6f3e1e.FullName to C:\scratchdir\Windows\WinSxS_edit\x86_microsoft.windows.c..-controls.resources_6595b64144ccf1df_6.0.26100.1591_tt-ru_2b309b875a6f3e1e
Copying x86_microsoft.windows.c..-controls.resources_6595b64144ccf1df_6.0.26100.1591_ug-cn_cbc212024e944ffa.FullName to C:\scratchdir\Windows\WinSxS_edit\x86_microsoft.windows.c..-controls.resources_6595b64144ccf1df_6.0.26100.1591_ug-cn_cbc212024e944ffa
Copying x86_microsoft.windows.c..-controls.resources_6595b64144ccf1df_6.0.26100.1591_uk-ua_c5d15aec526b5235.FullName to C:\scratchdir\Windows\WinSxS_edit\x86_microsoft.windows.c..-controls.resources_6595b64144ccf1df_6.0.26100.1591_uk-ua_c5d15aec526b5235
Copying x86_microsoft.windows.c..-controls.resources_6595b64144ccf1df_6.0.26100.1591_ur-pk_c9f5652c4fc9c2ed.FullName to C:\scratchdir\Windows\WinSxS_edit\x86_microsoft.windows.c..-controls.resources_6595b64144ccf1df_6.0.26100.1591_ur-pk_c9f5652c4fc9c2ed
Copying x86_microsoft.windows.c..-controls.resources_6595b64144ccf1df_6.0.26100.1591_uz-..-uz_0d8c615670109a9d.FullName to C:\scratchdir\Windows\WinSxS_edit\x86_microsoft.windows.c..-controls.resources_6595b64144ccf1df_6.0.26100.1591_uz-..-uz_0d8c615670109a9d
Copying x86_microsoft.windows.c..-controls.resources_6595b64144ccf1df_6.0.26100.1591_vi-vn_6ec9055b41378c08.FullName to C:\scratchdir\Windows\WinSxS_edit\x86_microsoft.windows.c..-controls.resources_6595b64144ccf1df_6.0.26100.1591_vi-vn_6ec9055b41378c08
Copying x86_microsoft.windows.c..-controls.resources_6595b64144ccf1df_6.0.26100.1591_zh-cn_fb4e96430b71fe08.FullName to C:\scratchdir\Windows\WinSxS_edit\x86_microsoft.windows.c..-controls.resources_6595b64144ccf1df_6.0.26100.1591_zh-cn_fb4e96430b71fe08
Copying x86_microsoft.windows.c..-controls.resources_6595b64144ccf1df_6.0.26100.1591_zh-tw_ff4ad39908e2da78.FullName to C:\scratchdir\Windows\WinSxS_edit\x86_microsoft.windows.c..-controls.resources_6595b64144ccf1df_6.0.26100.1591_zh-tw_ff4ad39908e2da78
Copying x86_microsoft.windows.c..-controls.resources_6595b64144ccf1df_5.82.26100.1591_af-za_518a2f37f5eafad8.FullName to C:\scratchdir\Windows\WinSxS_edit\x86_microsoft.windows.c..-controls.resources_6595b64144ccf1df_5.82.26100.1591_af-za_518a2f37f5eafad8
Copying x86_microsoft.windows.c..-controls.resources_6595b64144ccf1df_5.82.26100.1591_am-et_59ad6695f0b6fa3f.FullName to C:\scratchdir\Windows\WinSxS_edit\x86_microsoft.windows.c..-controls.resources_6595b64144ccf1df_5.82.26100.1591_am-et_59ad6695f0b6fa3f
Copying x86_microsoft.windows.c..-controls.resources_6595b64144ccf1df_5.82.26100.1591_ar-sa_51090f9ff64b96bd.FullName to C:\scratchdir\Windows\WinSxS_edit\x86_microsoft.windows.c..-controls.resources_6595b64144ccf1df_5.82.26100.1591_ar-sa_51090f9ff64b96bd
Copying x86_microsoft.windows.c..-controls.resources_6595b64144ccf1df_5.82.26100.1591_as-in_56c300d9f29ded3f.FullName to C:\scratchdir\Windows\WinSxS_edit\x86_microsoft.windows.c..-controls.resources_6595b64144ccf1df_5.82.26100.1591_as-in_56c300d9f29ded3f
Copying x86_microsoft.windows.c..-controls.resources_6595b64144ccf1df_5.82.26100.1591_az-..-az_1f30e434e212682c.FullName to C:\scratchdir\Windows\WinSxS_edit\x86_microsoft.windows.c..-controls.resources_6595b64144ccf1df_5.82.26100.1591_az-..-az_1f30e434e212682c
Copying x86_microsoft.windows.c..-controls.resources_6595b64144ccf1df_5.82.26100.1591_be-by_ff5a123ce19a01b0.FullName to C:\scratchdir\Windows\WinSxS_edit\x86_microsoft.windows.c..-controls.resources_6595b64144ccf1df_5.82.26100.1591_be-by_ff5a123ce19a01b0
Copying x86_microsoft.windows.c..-controls.resources_6595b64144ccf1df_5.82.26100.1591_bg-bg_f748f128e6cbe814.FullName to C:\scratchdir\Windows\WinSxS_edit\x86_microsoft.windows.c..-controls.resources_6595b64144ccf1df_5.82.26100.1591_bg-bg_f748f128e6cbe814
Copying x86_microsoft.windows.c..-controls.resources_6595b64144ccf1df_5.82.26100.1591_bn-in_fa17547ee5067ec3.FullName to C:\scratchdir\Windows\WinSxS_edit\x86_microsoft.windows.c..-controls.resources_6595b64144ccf1df_5.82.26100.1591_bn-in_fa17547ee5067ec3
Copying x86_microsoft.windows.c..-controls.resources_6595b64144ccf1df_5.82.26100.1591_bs-..-ba_79f87f2cfb8b7b1a.FullName to C:\scratchdir\Windows\WinSxS_edit\x86_microsoft.windows.c..-controls.resources_6595b64144ccf1df_5.82.26100.1591_bs-..-ba_79f87f2cfb8b7b1a
Copying x86_microsoft.windows.c..-controls.resources_6595b64144ccf1df_5.82.26100.1591_ca-..cia_f112ff8a0557c00a.FullName to C:\scratchdir\Windows\WinSxS_edit\x86_microsoft.windows.c..-controls.resources_6595b64144ccf1df_5.82.26100.1591_ca-..cia_f112ff8a0557c00a
Copying x86_microsoft.windows.c..-controls.resources_6595b64144ccf1df_5.82.26100.1591_ca-es_9ffa2689d5c0e0de.FullName to C:\scratchdir\Windows\WinSxS_edit\x86_microsoft.windows.c..-controls.resources_6595b64144ccf1df_5.82.26100.1591_ca-es_9ffa2689d5c0e0de
Copying x86_microsoft.windows.c..-controls.resources_6595b64144ccf1df_5.82.26100.1591_chr..-us_b364ae956dd57a92.FullName to C:\scratchdir\Windows\WinSxS_edit\x86_microsoft.windows.c..-controls.resources_6595b64144ccf1df_5.82.26100.1591_chr..-us_b364ae956dd57a92
Copying x86_microsoft.windows.c..-controls.resources_6595b64144ccf1df_5.82.26100.1591_cs-cz_a25267c3d453c43f.FullName to C:\scratchdir\Windows\WinSxS_edit\x86_microsoft.windows.c..-controls.resources_6595b64144ccf1df_5.82.26100.1591_cs-cz_a25267c3d453c43f
Copying x86_microsoft.windows.c..-controls.resources_6595b64144ccf1df_5.82.26100.1591_cy-gb_976c80cbdb5c65c1.FullName to C:\scratchdir\Windows\WinSxS_edit\x86_microsoft.windows.c..-controls.resources_6595b64144ccf1df_5.82.26100.1591_cy-gb_976c80cbdb5c65c1
Copying x86_microsoft.windows.c..-controls.resources_6595b64144ccf1df_5.82.26100.1591_da-dk_3f8c47eaca99c03e.FullName to C:\scratchdir\Windows\WinSxS_edit\x86_microsoft.windows.c..-controls.resources_6595b64144ccf1df_5.82.26100.1591_da-dk_3f8c47eaca99c03e
Copying x86_microsoft.windows.c..-controls.resources_6595b64144ccf1df_5.82.26100.1591_de-de_3cb7dd26cc7014d8.FullName to C:\scratchdir\Windows\WinSxS_edit\x86_microsoft.windows.c..-controls.resources_6595b64144ccf1df_5.82.26100.1591_de-de_3cb7dd26cc7014d8
Copying x86_microsoft.windows.c..-controls.resources_6595b64144ccf1df_5.82.26100.1591_el-gr_e54e0ab9bb857d66.FullName to C:\scratchdir\Windows\WinSxS_edit\x86_microsoft.windows.c..-controls.resources_6595b64144ccf1df_5.82.26100.1591_el-gr_e54e0ab9bb857d66
Copying x86_microsoft.windows.c..-controls.resources_6595b64144ccf1df_5.82.26100.1591_en-gb_de1ff801c0256cd8.FullName to C:\scratchdir\Windows\WinSxS_edit\x86_microsoft.windows.c..-controls.resources_6595b64144ccf1df_5.82.26100.1591_en-gb_de1ff801c0256cd8
Copying x86_microsoft.windows.c..-controls.resources_6595b64144ccf1df_5.82.26100.1591_en-us_e5a8b31fbb4e209d.FullName to C:\scratchdir\Windows\WinSxS_edit\x86_microsoft.windows.c..-controls.resources_6595b64144ccf1df_5.82.26100.1591_en-us_e5a8b31fbb4e209d
Copying x86_microsoft.windows.c..-controls.resources_6595b64144ccf1df_5.82.26100.1591_es-es_e5741003bb751242.FullName to C:\scratchdir\Windows\WinSxS_edit\x86_microsoft.windows.c..-controls.resources_6595b64144ccf1df_5.82.26100.1591_es-es_e5741003bb751242
Copying x86_microsoft.windows.c..-controls.resources_6595b64144ccf1df_5.82.26100.1591_es-mx_e7aafda9ba08f5ed.FullName to C:\scratchdir\Windows\WinSxS_edit\x86_microsoft.windows.c..-controls.resources_6595b64144ccf1df_5.82.26100.1591_es-mx_e7aafda9ba08f5ed
Copying x86_microsoft.windows.c..-controls.resources_6595b64144ccf1df_5.82.26100.1591_et-ee_df33db93bf7aeed1.FullName to C:\scratchdir\Windows\WinSxS_edit\x86_microsoft.windows.c..-controls.resources_6595b64144ccf1df_5.82.26100.1591_et-ee_df33db93bf7aeed1
Copying x86_microsoft.windows.c..-controls.resources_6595b64144ccf1df_5.82.26100.1591_eu-es_e55e702bbb854a24.FullName to C:\scratchdir\Windows\WinSxS_edit\x86_microsoft.windows.c..-controls.resources_6595b64144ccf1df_5.82.26100.1591_eu-es_e55e702bbb854a24
Copying x86_microsoft.windows.c..-controls.resources_6595b64144ccf1df_5.82.26100.1591_fa-ir_88e31056adbd9a86.FullName to C:\scratchdir\Windows\WinSxS_edit\x86_microsoft.windows.c..-controls.resources_6595b64144ccf1df_5.82.26100.1591_fa-ir_88e31056adbd9a86
Copying x86_microsoft.windows.c..-controls.resources_6595b64144ccf1df_5.82.26100.1591_fi-fi_848f14b0b08f046c.FullName to C:\scratchdir\Windows\WinSxS_edit\x86_microsoft.windows.c..-controls.resources_6595b64144ccf1df_5.82.26100.1591_fi-fi_848f14b0b08f046c
Copying x86_microsoft.windows.c..-controls.resources_6595b64144ccf1df_5.82.26100.1591_fil-ph_28ca13bcf5ac9023.FullName to C:\scratchdir\Windows\WinSxS_edit\x86_microsoft.windows.c..-controls.resources_6595b64144ccf1df_5.82.26100.1591_fil-ph_28ca13bcf5ac9023
Copying x86_microsoft.windows.c..-controls.resources_6595b64144ccf1df_5.82.26100.1591_fr-ca_80a1d04cb31f8eca.FullName to C:\scratchdir\Windows\WinSxS_edit\x86_microsoft.windows.c..-controls.resources_6595b64144ccf1df_5.82.26100.1591_fr-ca_80a1d04cb31f8eca
Copying x86_microsoft.windows.c..-controls.resources_6595b64144ccf1df_5.82.26100.1591_fr-fr_882b8602ae4728a4.FullName to C:\scratchdir\Windows\WinSxS_edit\x86_microsoft.windows.c..-controls.resources_6595b64144ccf1df_5.82.26100.1591_fr-fr_882b8602ae4728a4
Copying x86_microsoft.windows.c..-controls.resources_6595b64144ccf1df_5.82.26100.1591_ga-ie_263d7709a4037ce4.FullName to C:\scratchdir\Windows\WinSxS_edit\x86_microsoft.windows.c..-controls.resources_6595b64144ccf1df_5.82.26100.1591_ga-ie_263d7709a4037ce4
Copying x86_microsoft.windows.c..-controls.resources_6595b64144ccf1df_5.82.26100.1591_gd-gb_24c89f4ba4f68fe0.FullName to C:\scratchdir\Windows\WinSxS_edit\x86_microsoft.windows.c..-controls.resources_6595b64144ccf1df_5.82.26100.1591_gd-gb_24c89f4ba4f68fe0
Copying x86_microsoft.windows.c..-controls.resources_6595b64144ccf1df_5.82.26100.1591_gl-es_2bfc4789a05e891d.FullName to C:\scratchdir\Windows\WinSxS_edit\x86_microsoft.windows.c..-controls.resources_6595b64144ccf1df_5.82.26100.1591_gl-es_2bfc4789a05e891d
Copying x86_microsoft.windows.c..-controls.resources_6595b64144ccf1df_5.82.26100.1591_gu-in_2962f937a214d477.FullName to C:\scratchdir\Windows\WinSxS_edit\x86_microsoft.windows.c..-controls.resources_6595b64144ccf1df_5.82.26100.1591_gu-in_2962f937a214d477
Copying x86_microsoft.windows.c..-controls.resources_6595b64144ccf1df_5.82.26100.1591_he-il_cc4b2da494b62992.FullName to C:\scratchdir\Windows\WinSxS_edit\x86_microsoft.windows.c..-controls.resources_6595b64144ccf1df_5.82.26100.1591_he-il_cc4b2da494b62992
Copying x86_microsoft.windows.c..-controls.resources_6595b64144ccf1df_5.82.26100.1591_hi-in_cd02fc509444a264.FullName to C:\scratchdir\Windows\WinSxS_edit\x86_microsoft.windows.c..-controls.resources_6595b64144ccf1df_5.82.26100.1591_hi-in_cd02fc509444a264
Copying x86_microsoft.windows.c..-controls.resources_6595b64144ccf1df_5.82.26100.1591_hr-hr_ce67e08493699658.FullName to C:\scratchdir\Windows\WinSxS_edit\x86_microsoft.windows.c..-controls.resources_6595b64144ccf1df_5.82.26100.1591_hr-hr_ce67e08493699658
Copying x86_microsoft.windows.c..-controls.resources_6595b64144ccf1df_5.82.26100.1591_hu-hu_cf9c064a92a6f7c0.FullName to C:\scratchdir\Windows\WinSxS_edit\x86_microsoft.windows.c..-controls.resources_6595b64144ccf1df_5.82.26100.1591_hu-hu_cf9c064a92a6f7c0
Copying x86_microsoft.windows.c..-controls.resources_6595b64144ccf1df_5.82.26100.1591_hy-am_cbe52ca2950e8fe5.FullName to C:\scratchdir\Windows\WinSxS_edit\x86_microsoft.windows.c..-controls.resources_6595b64144ccf1df_5.82.26100.1591_hy-am_cbe52ca2950e8fe5
Copying x86_microsoft.windows.c..-controls.resources_6595b64144ccf1df_5.82.26100.1591_id-id_6be80829898706a2.FullName to C:\scratchdir\Windows\WinSxS_edit\x86_microsoft.windows.c..-controls.resources_6595b64144ccf1df_5.82.26100.1591_id-id_6be80829898706a2
Copying x86_microsoft.windows.c..-controls.resources_6595b64144ccf1df_5.82.26100.1591_is-is_71ecc50785b9edaa.FullName to C:\scratchdir\Windows\WinSxS_edit\x86_microsoft.windows.c..-controls.resources_6595b64144ccf1df_5.82.26100.1591_is-is_71ecc50785b9edaa
Copying x86_microsoft.windows.c..-controls.resources_6595b64144ccf1df_5.82.26100.1591_it-it_72537c4985790e22.FullName to C:\scratchdir\Windows\WinSxS_edit\x86_microsoft.windows.c..-controls.resources_6595b64144ccf1df_5.82.26100.1591_it-it_72537c4985790e22
Copying x86_microsoft.windows.c..-controls.resources_6595b64144ccf1df_5.82.26100.1591_ja-jp_1478fb5678941ffd.FullName to C:\scratchdir\Windows\WinSxS_edit\x86_microsoft.windows.c..-controls.resources_6595b64144ccf1df_5.82.26100.1591_ja-jp_1478fb5678941ffd
Copying x86_microsoft.windows.c..-controls.resources_6595b64144ccf1df_5.82.26100.1591_ka-ge_b2b6b4bd6e47be86.FullName to C:\scratchdir\Windows\WinSxS_edit\x86_microsoft.windows.c..-controls.resources_6595b64144ccf1df_5.82.26100.1591_ka-ge_b2b6b4bd6e47be86
Copying x86_microsoft.windows.c..-controls.resources_6595b64144ccf1df_5.82.26100.1591_kk-kz_bb9a512b689c9b87.FullName to C:\scratchdir\Windows\WinSxS_edit\x86_microsoft.windows.c..-controls.resources_6595b64144ccf1df_5.82.26100.1591_kk-kz_bb9a512b689c9b87
Copying x86_microsoft.windows.c..-controls.resources_6595b64144ccf1df_5.82.26100.1591_km-kh_b38930176dce81eb.FullName to C:\scratchdir\Windows\WinSxS_edit\x86_microsoft.windows.c..-controls.resources_6595b64144ccf1df_5.82.26100.1591_km-kh_b38930176dce81eb
Copying x86_microsoft.windows.c..-controls.resources_6595b64144ccf1df_5.82.26100.1591_kn-in_b627b8cf6c2085c4.FullName to C:\scratchdir\Windows\WinSxS_edit\x86_microsoft.windows.c..-controls.resources_6595b64144ccf1df_5.82.26100.1591_kn-in_b627b8cf6c2085c4
Copying x86_microsoft.windows.c..-controls.resources_6595b64144ccf1df_5.82.26100.1591_ko-kr_b7e2d80b6b04e713.FullName to C:\scratchdir\Windows\WinSxS_edit\x86_microsoft.windows.c..-controls.resources_6595b64144ccf1df_5.82.26100.1591_ko-kr_b7e2d80b6b04e713
Copying x86_microsoft.windows.c..-controls.resources_6595b64144ccf1df_5.82.26100.1591_kok-in_6585d38e6851d2b8.FullName to C:\scratchdir\Windows\WinSxS_edit\x86_microsoft.windows.c..-controls.resources_6595b64144ccf1df_5.82.26100.1591_kok-in_6585d38e6851d2b8
Copying x86_microsoft.windows.c..-controls.resources_6595b64144ccf1df_5.82.26100.1591_lb-lu_5ce229d25c51c045.FullName to C:\scratchdir\Windows\WinSxS_edit\x86_microsoft.windows.c..-controls.resources_6595b64144ccf1df_5.82.26100.1591_lb-lu_5ce229d25c51c045
Copying x86_microsoft.windows.c..-controls.resources_6595b64144ccf1df_5.82.26100.1591_lo-la_53770b3e626ed0f6.FullName to C:\scratchdir\Windows\WinSxS_edit\x86_microsoft.windows.c..-controls.resources_6595b64144ccf1df_5.82.26100.1591_lo-la_53770b3e626ed0f6
Copying x86_microsoft.windows.c..-controls.resources_6595b64144ccf1df_5.82.26100.1591_lt-lt_5bae040c5d2cb2b0.FullName to C:\scratchdir\Windows\WinSxS_edit\x86_microsoft.windows.c..-controls.resources_6595b64144ccf1df_5.82.26100.1591_lt-lt_5bae040c5d2cb2b0
Copying x86_microsoft.windows.c..-controls.resources_6595b64144ccf1df_5.82.26100.1591_lv-lv_5c7b72905caaf3a0.FullName to C:\scratchdir\Windows\WinSxS_edit\x86_microsoft.windows.c..-controls.resources_6595b64144ccf1df_5.82.26100.1591_lv-lv_5c7b72905caaf3a0
Copying x86_microsoft.windows.c..-controls.resources_6595b64144ccf1df_5.82.26100.1591_mi-nz_01ec34bd4daeeafa.FullName to C:\scratchdir\Windows\WinSxS_edit\x86_microsoft.windows.c..-controls.resources_6595b64144ccf1df_5.82.26100.1591_mi-nz_01ec34bd4daeeafa
Copying x86_microsoft.windows.c..-controls.resources_6595b64144ccf1df_5.82.26100.1591_mk-mk_fb2fbffb5205c552.FullName to C:\scratchdir\Windows\WinSxS_edit\x86_microsoft.windows.c..-controls.resources_6595b64144ccf1df_5.82.26100.1591_mk-mk_fb2fbffb5205c552
Copying x86_microsoft.windows.c..-controls.resources_6595b64144ccf1df_5.82.26100.1591_ml-in_fc79e0b951328854.FullName to C:\scratchdir\Windows\WinSxS_edit\x86_microsoft.windows.c..-controls.resources_6595b64144ccf1df_5.82.26100.1591_ml-in_fc79e0b951328854
Copying x86_microsoft.windows.c..-controls.resources_6595b64144ccf1df_5.82.26100.1591_mr-in_fc39013151632ffa.FullName to C:\scratchdir\Windows\WinSxS_edit\x86_microsoft.windows.c..-controls.resources_6595b64144ccf1df_5.82.26100.1591_mr-in_fc39013151632ffa
Copying x86_microsoft.windows.c..-controls.resources_6595b64144ccf1df_5.82.26100.1591_ms-my_010ea51f4e48e43c.FullName to C:\scratchdir\Windows\WinSxS_edit\x86_microsoft.windows.c..-controls.resources_6595b64144ccf1df_5.82.26100.1591_ms-my_010ea51f4e48e43c
Copying x86_microsoft.windows.c..-controls.resources_6595b64144ccf1df_5.82.26100.1591_mt-mt_fecc314d4fbde98a.FullName to C:\scratchdir\Windows\WinSxS_edit\x86_microsoft.windows.c..-controls.resources_6595b64144ccf1df_5.82.26100.1591_mt-mt_fecc314d4fbde98a
Copying x86_microsoft.windows.c..-controls.resources_6595b64144ccf1df_5.82.26100.1591_nb-no_a0755940432a12cf.FullName to C:\scratchdir\Windows\WinSxS_edit\x86_microsoft.windows.c..-controls.resources_6595b64144ccf1df_5.82.26100.1591_nb-no_a0755940432a12cf
Copying x86_microsoft.windows.c..-controls.resources_6595b64144ccf1df_5.82.26100.1591_ne-np_a0c670aa42f96b29.FullName to C:\scratchdir\Windows\WinSxS_edit\x86_microsoft.windows.c..-controls.resources_6595b64144ccf1df_5.82.26100.1591_ne-np_a0c670aa42f96b29
Copying x86_microsoft.windows.c..-controls.resources_6595b64144ccf1df_5.82.26100.1591_nl-nl_9eb4a47e44561ca4.FullName to C:\scratchdir\Windows\WinSxS_edit\x86_microsoft.windows.c..-controls.resources_6595b64144ccf1df_5.82.26100.1591_nl-nl_9eb4a47e44561ca4
Copying x86_microsoft.windows.c..-controls.resources_6595b64144ccf1df_5.82.26100.1591_nn-no_9ff39a30438b621b.FullName to C:\scratchdir\Windows\WinSxS_edit\x86_microsoft.windows.c..-controls.resources_6595b64144ccf1df_5.82.26100.1591_nn-no_9ff39a30438b621b
Copying x86_microsoft.windows.c..-controls.resources_6595b64144ccf1df_5.82.26100.1591_or-in_4275894336856a6c.FullName to C:\scratchdir\Windows\WinSxS_edit\x86_microsoft.windows.c..-controls.resources_6595b64144ccf1df_5.82.26100.1591_or-in_4275894336856a6c
Copying x86_microsoft.windows.c..-controls.resources_6595b64144ccf1df_5.82.26100.1591_pa-in_e64b9bf8288caca4.FullName to C:\scratchdir\Windows\WinSxS_edit\x86_microsoft.windows.c..-controls.resources_6595b64144ccf1df_5.82.26100.1591_pa-in_e64b9bf8288caca4
Copying x86_microsoft.windows.c..-controls.resources_6595b64144ccf1df_5.82.26100.1591_pl-pl_e4f0ff0029788a58.FullName to C:\scratchdir\Windows\WinSxS_edit\x86_microsoft.windows.c..-controls.resources_6595b64144ccf1df_5.82.26100.1591_pl-pl_e4f0ff0029788a58
Copying x86_microsoft.windows.c..-controls.resources_6595b64144ccf1df_5.82.26100.1591_pt-br_e744e9a428021e3c.FullName to C:\scratchdir\Windows\WinSxS_edit\x86_microsoft.windows.c..-controls.resources_6595b64144ccf1df_5.82.26100.1591_pt-br_e744e9a428021e3c
Copying x86_microsoft.windows.c..-controls.resources_6595b64144ccf1df_5.82.26100.1591_pt-pt_e826b91027718e18.FullName to C:\scratchdir\Windows\WinSxS_edit\x86_microsoft.windows.c..-controls.resources_6595b64144ccf1df_5.82.26100.1591_pt-pt_e826b91027718e18
Copying x86_microsoft.windows.c..-controls.resources_6595b64144ccf1df_5.82.26100.1591_qps-ploc_a444aad0fe990c9c.FullName to C:\scratchdir\Windows\WinSxS_edit\x86_microsoft.windows.c..-controls.resources_6595b64144ccf1df_5.82.26100.1591_qps-ploc_a444aad0fe990c9c
Copying x86_microsoft.windows.c..-controls.resources_6595b64144ccf1df_5.82.26100.1591_qps..ocm_3ea1d886647785e5.FullName to C:\scratchdir\Windows\WinSxS_edit\x86_microsoft.windows.c..-controls.resources_6595b64144ccf1df_5.82.26100.1591_qps..ocm_3ea1d886647785e5
Copying x86_microsoft.windows.c..-controls.resources_6595b64144ccf1df_5.82.26100.1591_quz-pe_4c476f60c9026439.FullName to C:\scratchdir\Windows\WinSxS_edit\x86_microsoft.windows.c..-controls.resources_6595b64144ccf1df_5.82.26100.1591_quz-pe_4c476f60c9026439
Copying x86_microsoft.windows.c..-controls.resources_6595b64144ccf1df_5.82.26100.1591_ro-ro_2c617f480dd85974.FullName to C:\scratchdir\Windows\WinSxS_edit\x86_microsoft.windows.c..-controls.resources_6595b64144ccf1df_5.82.26100.1591_ro-ro_2c617f480dd85974
Copying x86_microsoft.windows.c..-controls.resources_6595b64144ccf1df_5.82.26100.1591_ru-ru_2ec9cad40c531c44.FullName to C:\scratchdir\Windows\WinSxS_edit\x86_microsoft.windows.c..-controls.resources_6595b64144ccf1df_5.82.26100.1591_ru-ru_2ec9cad40c531c44
Copying x86_microsoft.windows.c..-controls.resources_6595b64144ccf1df_5.82.26100.1591_sk-sk_cde4cf81016d0e6e.FullName to C:\scratchdir\Windows\WinSxS_edit\x86_microsoft.windows.c..-controls.resources_6595b64144ccf1df_5.82.26100.1591_sk-sk_cde4cf81016d0e6e
Copying x86_microsoft.windows.c..-controls.resources_6595b64144ccf1df_5.82.26100.1591_sl-si_ccf6f13902072151.FullName to C:\scratchdir\Windows\WinSxS_edit\x86_microsoft.windows.c..-controls.resources_6595b64144ccf1df_5.82.26100.1591_sl-si_ccf6f13902072151
Copying x86_microsoft.windows.c..-controls.resources_6595b64144ccf1df_5.82.26100.1591_sq-al_ce1711370152ed49.FullName to C:\scratchdir\Windows\WinSxS_edit\x86_microsoft.windows.c..-controls.resources_6595b64144ccf1df_5.82.26100.1591_sq-al_ce1711370152ed49
Copying x86_microsoft.windows.c..-controls.resources_6595b64144ccf1df_5.82.26100.1591_sr-..-ba_2a0ab08715f18f95.FullName to C:\scratchdir\Windows\WinSxS_edit\x86_microsoft.windows.c..-controls.resources_6595b64144ccf1df_5.82.26100.1591_sr-..-ba_2a0ab08715f18f95
Copying x86_microsoft.windows.c..-controls.resources_6595b64144ccf1df_5.82.26100.1591_sr-..-rs_306084cf11f3cef7.FullName to C:\scratchdir\Windows\WinSxS_edit\x86_microsoft.windows.c..-controls.resources_6595b64144ccf1df_5.82.26100.1591_sr-..-rs_306084cf11f3cef7
Copying x86_microsoft.windows.c..-controls.resources_6595b64144ccf1df_5.82.26100.1591_sr-..-rs_7327597d7718c882.FullName to C:\scratchdir\Windows\WinSxS_edit\x86_microsoft.windows.c..-controls.resources_6595b64144ccf1df_5.82.26100.1591_sr-..-rs_7327597d7718c882
Copying x86_microsoft.windows.c..-controls.resources_6595b64144ccf1df_5.82.26100.1591_sv-se_cac4b549037c269f.FullName to C:\scratchdir\Windows\WinSxS_edit\x86_microsoft.windows.c..-controls.resources_6595b64144ccf1df_5.82.26100.1591_sv-se_cac4b549037c269f
Copying x86_microsoft.windows.c..-controls.resources_6595b64144ccf1df_5.82.26100.1591_ta-in_72c4ac1bf2d12188.FullName to C:\scratchdir\Windows\WinSxS_edit\x86_microsoft.windows.c..-controls.resources_6595b64144ccf1df_5.82.26100.1591_ta-in_72c4ac1bf2d12188
Copying x86_microsoft.windows.c..-controls.resources_6595b64144ccf1df_5.82.26100.1591_te-in_72996c6bf2f1914c.FullName to C:\scratchdir\Windows\WinSxS_edit\x86_microsoft.windows.c..-controls.resources_6595b64144ccf1df_5.82.26100.1591_te-in_72996c6bf2f1914c
Copying x86_microsoft.windows.c..-controls.resources_6595b64144ccf1df_5.82.26100.1591_th-th_6fced6fbf4c0e3e0.FullName to C:\scratchdir\Windows\WinSxS_edit\x86_microsoft.windows.c..-controls.resources_6595b64144ccf1df_5.82.26100.1591_th-th_6fced6fbf4c0e3e0
Copying x86_microsoft.windows.c..-controls.resources_6595b64144ccf1df_5.82.26100.1591_tr-tr_73d1ff8ff2382890.FullName to C:\scratchdir\Windows\WinSxS_edit\x86_microsoft.windows.c..-controls.resources_6595b64144ccf1df_5.82.26100.1591_tr-tr_73d1ff8ff2382890
Copying x86_microsoft.windows.c..-controls.resources_6595b64144ccf1df_5.82.26100.1591_tt-ru_751122d1f16d3ac5.FullName to C:\scratchdir\Windows\WinSxS_edit\x86_microsoft.windows.c..-controls.resources_6595b64144ccf1df_5.82.26100.1591_tt-ru_751122d1f16d3ac5
Copying x86_microsoft.windows.c..-controls.resources_6595b64144ccf1df_5.82.26100.1591_ug-cn_15a2994ce5924ca1.FullName to C:\scratchdir\Windows\WinSxS_edit\x86_microsoft.windows.c..-controls.resources_6595b64144ccf1df_5.82.26100.1591_ug-cn_15a2994ce5924ca1
Copying x86_microsoft.windows.c..-controls.resources_6595b64144ccf1df_5.82.26100.1591_uk-ua_0fb1e236e9694edc.FullName to C:\scratchdir\Windows\WinSxS_edit\x86_microsoft.windows.c..-controls.resources_6595b64144ccf1df_5.82.26100.1591_uk-ua_0fb1e236e9694edc
Copying x86_microsoft.windows.c..-controls.resources_6595b64144ccf1df_5.82.26100.1591_ur-pk_13d5ec76e6c7bf94.FullName to C:\scratchdir\Windows\WinSxS_edit\x86_microsoft.windows.c..-controls.resources_6595b64144ccf1df_5.82.26100.1591_ur-pk_13d5ec76e6c7bf94
Copying x86_microsoft.windows.c..-controls.resources_6595b64144ccf1df_5.82.26100.1591_uz-..-uz_576ce8a1070e9744.FullName to C:\scratchdir\Windows\WinSxS_edit\x86_microsoft.windows.c..-controls.resources_6595b64144ccf1df_5.82.26100.1591_uz-..-uz_576ce8a1070e9744
Copying x86_microsoft.windows.c..-controls.resources_6595b64144ccf1df_5.82.26100.1591_vi-vn_b8a98ca5d83588af.FullName to C:\scratchdir\Windows\WinSxS_edit\x86_microsoft.windows.c..-controls.resources_6595b64144ccf1df_5.82.26100.1591_vi-vn_b8a98ca5d83588af
Copying x86_microsoft.windows.c..-controls.resources_6595b64144ccf1df_5.82.26100.1591_zh-cn_452f1d8da26ffaaf.FullName to C:\scratchdir\Windows\WinSxS_edit\x86_microsoft.windows.c..-controls.resources_6595b64144ccf1df_5.82.26100.1591_zh-cn_452f1d8da26ffaaf
Copying x86_microsoft.windows.c..-controls.resources_6595b64144ccf1df_5.82.26100.1591_zh-tw_492b5ae39fe0d71f.FullName to C:\scratchdir\Windows\WinSxS_edit\x86_microsoft.windows.c..-controls.resources_6595b64144ccf1df_5.82.26100.1591_zh-tw_492b5ae39fe0d71f
Copying x86_microsoft.windows.c..-controls.resources_6595b64144ccf1df_6.0.26100.1591_af-za_07a9a7ed5eecfe31.FullName to C:\scratchdir\Windows\WinSxS_edit\x86_microsoft.windows.c..-controls.resources_6595b64144ccf1df_6.0.26100.1591_af-za_07a9a7ed5eecfe31
Copying x86_microsoft.windows.c..-controls.resources_6595b64144ccf1df_6.0.26100.1591_am-et_0fccdf4b59b8fd98.FullName to C:\scratchdir\Windows\WinSxS_edit\x86_microsoft.windows.c..-controls.resources_6595b64144ccf1df_6.0.26100.1591_am-et_0fccdf4b59b8fd98
Copying x86_microsoft.windows.c..-controls.resources_6595b64144ccf1df_6.0.26100.1591_ar-sa_072888555f4d9a16.FullName to C:\scratchdir\Windows\WinSxS_edit\x86_microsoft.windows.c..-controls.resources_6595b64144ccf1df_6.0.26100.1591_ar-sa_072888555f4d9a16
Copying x86_microsoft.windows.c..-controls.resources_6595b64144ccf1df_6.0.26100.1591_as-in_0ce2798f5b9ff098.FullName to C:\scratchdir\Windows\WinSxS_edit\x86_microsoft.windows.c..-controls.resources_6595b64144ccf1df_6.0.26100.1591_as-in_0ce2798f5b9ff098
Copying x86_microsoft.windows.c..-controls.resources_6595b64144ccf1df_6.0.26100.1591_az-..-az_d5505cea4b146b85.FullName to C:\scratchdir\Windows\WinSxS_edit\x86_microsoft.windows.c..-controls.resources_6595b64144ccf1df_6.0.26100.1591_az-..-az_d5505cea4b146b85
Copying x86_microsoft.windows.c..-controls.resources_6595b64144ccf1df_6.0.26100.1591_be-by_b5798af24a9c0509.FullName to C:\scratchdir\Windows\WinSxS_edit\x86_microsoft.windows.c..-controls.resources_6595b64144ccf1df_6.0.26100.1591_be-by_b5798af24a9c0509
Copying x86_microsoft.windows.c..-controls.resources_6595b64144ccf1df_6.0.26100.1591_bg-bg_ad6869de4fcdeb6d.FullName to C:\scratchdir\Windows\WinSxS_edit\x86_microsoft.windows.c..-controls.resources_6595b64144ccf1df_6.0.26100.1591_bg-bg_ad6869de4fcdeb6d
Copying x86_microsoft.windows.c..-controls.resources_6595b64144ccf1df_6.0.26100.1591_bn-in_b036cd344e08821c.FullName to C:\scratchdir\Windows\WinSxS_edit\x86_microsoft.windows.c..-controls.resources_6595b64144ccf1df_6.0.26100.1591_bn-in_b036cd344e08821c
Copying x86_microsoft.windows.c..-controls.resources_6595b64144ccf1df_6.0.26100.1591_bs-..-ba_3017f7e2648d7e73.FullName to C:\scratchdir\Windows\WinSxS_edit\x86_microsoft.windows.c..-controls.resources_6595b64144ccf1df_6.0.26100.1591_bs-..-ba_3017f7e2648d7e73
Copying x86_microsoft.windows.c..-controls.resources_6595b64144ccf1df_6.0.26100.1591_ca-..cia_a732783f6e59c363.FullName to C:\scratchdir\Windows\WinSxS_edit\x86_microsoft.windows.c..-controls.resources_6595b64144ccf1df_6.0.26100.1591_ca-..cia_a732783f6e59c363
Copying x86_microsoft.windows.c..-controls.resources_6595b64144ccf1df_6.0.26100.1591_ca-es_56199f3f3ec2e437.FullName to C:\scratchdir\Windows\WinSxS_edit\x86_microsoft.windows.c..-controls.resources_6595b64144ccf1df_6.0.26100.1591_ca-es_56199f3f3ec2e437
Copying x86_microsoft.windows.c..-controls.resources_6595b64144ccf1df_6.0.26100.1591_chr..-us_6984274ad6d77deb.FullName to C:\scratchdir\Windows\WinSxS_edit\x86_microsoft.windows.c..-controls.resources_6595b64144ccf1df_6.0.26100.1591_chr..-us_6984274ad6d77deb
Copying x86_microsoft.windows.c..-controls.resources_6595b64144ccf1df_6.0.26100.1591_cs-cz_5871e0793d55c798.FullName to C:\scratchdir\Windows\WinSxS_edit\x86_microsoft.windows.c..-controls.resources_6595b64144ccf1df_6.0.26100.1591_cs-cz_5871e0793d55c798
Copying x86_microsoft.windows.c..-controls.resources_6595b64144ccf1df_6.0.26100.1591_cy-gb_4d8bf981445e691a.FullName to C:\scratchdir\Windows\WinSxS_edit\x86_microsoft.windows.c..-controls.resources_6595b64144ccf1df_6.0.26100.1591_cy-gb_4d8bf981445e691a
Copying x86_microsoft.windows.c..-controls.resources_6595b64144ccf1df_6.0.26100.1591_da-dk_f5abc0a0339bc397.FullName to C:\scratchdir\Windows\WinSxS_edit\x86_microsoft.windows.c..-controls.resources_6595b64144ccf1df_6.0.26100.1591_da-dk_f5abc0a0339bc397
Copying x86_microsoft.windows.c..-controls.resources_6595b64144ccf1df_6.0.26100.1591_de-de_f2d755dc35721831.FullName to C:\scratchdir\Windows\WinSxS_edit\x86_microsoft.windows.c..-controls.resources_6595b64144ccf1df_6.0.26100.1591_de-de_f2d755dc35721831
Copying x86_microsoft.windows.c..-controls.resources_6595b64144ccf1df_6.0.26100.1591_el-gr_9b6d836f248780bf.FullName to C:\scratchdir\Windows\WinSxS_edit\x86_microsoft.windows.c..-controls.resources_6595b64144ccf1df_6.0.26100.1591_el-gr_9b6d836f248780bf
Copying x86_microsoft.windows.c..-controls.resources_6595b64144ccf1df_6.0.26100.1591_en-gb_943f70b729277031.FullName to C:\scratchdir\Windows\WinSxS_edit\x86_microsoft.windows.c..-controls.resources_6595b64144ccf1df_6.0.26100.1591_en-gb_943f70b729277031
Copying x86_microsoft.windows.c..-controls.resources_6595b64144ccf1df_6.0.26100.1591_en-us_9bc82bd5245023f6.FullName to C:\scratchdir\Windows\WinSxS_edit\x86_microsoft.windows.c..-controls.resources_6595b64144ccf1df_6.0.26100.1591_en-us_9bc82bd5245023f6
Copying x86_microsoft.windows.c..-controls.resources_6595b64144ccf1df_6.0.26100.1591_es-es_9b9388b92477159b.FullName to C:\scratchdir\Windows\WinSxS_edit\x86_microsoft.windows.c..-controls.resources_6595b64144ccf1df_6.0.26100.1591_es-es_9b9388b92477159b
Copying x86_microsoft.windows.c..-controls.resources_6595b64144ccf1df_6.0.26100.1591_es-mx_9dca765f230af946.FullName to C:\scratchdir\Windows\WinSxS_edit\x86_microsoft.windows.c..-controls.resources_6595b64144ccf1df_6.0.26100.1591_es-mx_9dca765f230af946
Copying x86_microsoft.windows.c..-controls.resources_6595b64144ccf1df_6.0.26100.1591_et-ee_95535449287cf22a.FullName to C:\scratchdir\Windows\WinSxS_edit\x86_microsoft.windows.c..-controls.resources_6595b64144ccf1df_6.0.26100.1591_et-ee_95535449287cf22a
Copying x86_microsoft.windows.c..-controls.resources_6595b64144ccf1df_6.0.26100.1591_eu-es_9b7de8e124874d7d.FullName to C:\scratchdir\Windows\WinSxS_edit\x86_microsoft.windows.c..-controls.resources_6595b64144ccf1df_6.0.26100.1591_eu-es_9b7de8e124874d7d
Copying x86_microsoft.windows.c..-controls.resources_6595b64144ccf1df_6.0.26100.1591_fa-ir_3f02890c16bf9ddf.FullName to C:\scratchdir\Windows\WinSxS_edit\x86_microsoft.windows.c..-controls.resources_6595b64144ccf1df_6.0.26100.1591_fa-ir_3f02890c16bf9ddf
Copying x86_microsoft.windows.c..-controls.resources_6595b64144ccf1df_6.0.26100.1591_fi-fi_3aae8d66199107c5.FullName to C:\scratchdir\Windows\WinSxS_edit\x86_microsoft.windows.c..-controls.resources_6595b64144ccf1df_6.0.26100.1591_fi-fi_3aae8d66199107c5
Copying x86_microsoft.windows.c..-controls.resources_6595b64144ccf1df_6.0.26100.1591_fil-ph_dee98c725eae937c.FullName to C:\scratchdir\Windows\WinSxS_edit\x86_microsoft.windows.c..-controls.resources_6595b64144ccf1df_6.0.26100.1591_fil-ph_dee98c725eae937c
Copying x86_microsoft.windows.c..-controls.resources_6595b64144ccf1df_6.0.26100.1591_fr-ca_36c149021c219223.FullName to C:\scratchdir\Windows\WinSxS_edit\x86_microsoft.windows.c..-controls.resources_6595b64144ccf1df_6.0.26100.1591_fr-ca_36c149021c219223
Copying x86_microsoft.windows.c..-controls.resources_6595b64144ccf1df_6.0.26100.1591_fr-fr_3e4afeb817492bfd.FullName to C:\scratchdir\Windows\WinSxS_edit\x86_microsoft.windows.c..-controls.resources_6595b64144ccf1df_6.0.26100.1591_fr-fr_3e4afeb817492bfd
Copying x86_microsoft.windows.c..-controls.resources_6595b64144ccf1df_6.0.26100.1591_ga-ie_dc5cefbf0d05803d.FullName to C:\scratchdir\Windows\WinSxS_edit\x86_microsoft.windows.c..-controls.resources_6595b64144ccf1df_6.0.26100.1591_ga-ie_dc5cefbf0d05803d
Copying x86_microsoft.windows.c..-controls.resources_6595b64144ccf1df_6.0.26100.1591_gd-gb_dae818010df89339.FullName to C:\scratchdir\Windows\WinSxS_edit\x86_microsoft.windows.c..-controls.resources_6595b64144ccf1df_6.0.26100.1591_gd-gb_dae818010df89339
Copying x86_microsoft.windows.c..-controls.resources_6595b64144ccf1df_6.0.26100.1591_gl-es_e21bc03f09608c76.FullName to C:\scratchdir\Windows\WinSxS_edit\x86_microsoft.windows.c..-controls.resources_6595b64144ccf1df_6.0.26100.1591_gl-es_e21bc03f09608c76
Copying x86_microsoft.windows.c..-controls.resources_6595b64144ccf1df_6.0.26100.1591_gu-in_df8271ed0b16d7d0.FullName to C:\scratchdir\Windows\WinSxS_edit\x86_microsoft.windows.c..-controls.resources_6595b64144ccf1df_6.0.26100.1591_gu-in_df8271ed0b16d7d0
Copying x86_microsoft.windows.c..-controls.resources_6595b64144ccf1df_6.0.26100.1591_he-il_826aa659fdb82ceb.FullName to C:\scratchdir\Windows\WinSxS_edit\x86_microsoft.windows.c..-controls.resources_6595b64144ccf1df_6.0.26100.1591_he-il_826aa659fdb82ceb
Copying x86_microsoft.windows.c..-controls.resources_6595b64144ccf1df_6.0.26100.1591_hi-in_83227505fd46a5bd.FullName to C:\scratchdir\Windows\WinSxS_edit\x86_microsoft.windows.c..-controls.resources_6595b64144ccf1df_6.0.26100.1591_hi-in_83227505fd46a5bd
Copying x86_microsoft.windows.c..-controls.resources_6595b64144ccf1df_6.0.26100.1591_hr-hr_84875939fc6b99b1.FullName to C:\scratchdir\Windows\WinSxS_edit\x86_microsoft.windows.c..-controls.resources_6595b64144ccf1df_6.0.26100.1591_hr-hr_84875939fc6b99b1
Copying x86_microsoft.windows.c..-controls.resources_6595b64144ccf1df_6.0.26100.1591_hu-hu_85bb7efffba8fb19.FullName to C:\scratchdir\Windows\WinSxS_edit\x86_microsoft.windows.c..-controls.resources_6595b64144ccf1df_6.0.26100.1591_hu-hu_85bb7efffba8fb19
Copying x86_microsoft.windows.c..-controls.resources_6595b64144ccf1df_6.0.26100.1591_hy-am_8204a557fe10933e.FullName to C:\scratchdir\Windows\WinSxS_edit\x86_microsoft.windows.c..-controls.resources_6595b64144ccf1df_6.0.26100.1591_hy-am_8204a557fe10933e
Copying x86_microsoft.windows.c..-controls.resources_6595b64144ccf1df_6.0.26100.1591_id-id_220780def28909fb.FullName to C:\scratchdir\Windows\WinSxS_edit\x86_microsoft.windows.c..-controls.resources_6595b64144ccf1df_6.0.26100.1591_id-id_220780def28909fb
Copying x86_microsoft.windows.c..-controls.resources_6595b64144ccf1df_6.0.26100.1591_is-is_280c3dbceebbf103.FullName to C:\scratchdir\Windows\WinSxS_edit\x86_microsoft.windows.c..-controls.resources_6595b64144ccf1df_6.0.26100.1591_is-is_280c3dbceebbf103
Copying x86_microsoft.windows.c..-controls.resources_6595b64144ccf1df_6.0.26100.1591_it-it_2872f4feee7b117b.FullName to C:\scratchdir\Windows\WinSxS_edit\x86_microsoft.windows.c..-controls.resources_6595b64144ccf1df_6.0.26100.1591_it-it_2872f4feee7b117b
Copying x86_microsoft.windows.c..-controls.resources_6595b64144ccf1df_6.0.26100.1591_ja-jp_ca98740be1962356.FullName to C:\scratchdir\Windows\WinSxS_edit\x86_microsoft.windows.c..-controls.resources_6595b64144ccf1df_6.0.26100.1591_ja-jp_ca98740be1962356
Copying x86_microsoft.windows.c..-controls.resources_6595b64144ccf1df_6.0.26100.1591_ka-ge_68d62d72d749c1df.FullName to C:\scratchdir\Windows\WinSxS_edit\x86_microsoft.windows.c..-controls.resources_6595b64144ccf1df_6.0.26100.1591_ka-ge_68d62d72d749c1df
Copying x86_microsoft.windows.c..-controls.resources_6595b64144ccf1df_6.0.26100.1591_kk-kz_71b9c9e0d19e9ee0.FullName to C:\scratchdir\Windows\WinSxS_edit\x86_microsoft.windows.c..-controls.resources_6595b64144ccf1df_6.0.26100.1591_kk-kz_71b9c9e0d19e9ee0
Copying x86_microsoft.windows.c..-controls.resources_6595b64144ccf1df_6.0.26100.1591_km-kh_69a8a8ccd6d08544.FullName to C:\scratchdir\Windows\WinSxS_edit\x86_microsoft.windows.c..-controls.resources_6595b64144ccf1df_6.0.26100.1591_km-kh_69a8a8ccd6d08544
Copying x86_microsoft.windows.c..-controls.resources_6595b64144ccf1df_6.0.26100.1591_kn-in_6c473184d522891d.FullName to C:\scratchdir\Windows\WinSxS_edit\x86_microsoft.windows.c..-controls.resources_6595b64144ccf1df_6.0.26100.1591_kn-in_6c473184d522891d
Copying x86_microsoft.windows.c..-controls.resources_6595b64144ccf1df_6.0.26100.1591_ko-kr_6e0250c0d406ea6c.FullName to C:\scratchdir\Windows\WinSxS_edit\x86_microsoft.windows.c..-controls.resources_6595b64144ccf1df_6.0.26100.1591_ko-kr_6e0250c0d406ea6c
Copying x86_microsoft.windows.c..-controls.resources_6595b64144ccf1df_6.0.26100.1591_kok-in_1ba54c43d153d611.FullName to C:\scratchdir\Windows\WinSxS_edit\x86_microsoft.windows.c..-controls.resources_6595b64144ccf1df_6.0.26100.1591_kok-in_1ba54c43d153d611
Copying x86_microsoft.windows.c..-controls.resources_6595b64144ccf1df_6.0.26100.1591_lb-lu_1301a287c553c39e.FullName to C:\scratchdir\Windows\WinSxS_edit\x86_microsoft.windows.c..-controls.resources_6595b64144ccf1df_6.0.26100.1591_lb-lu_1301a287c553c39e
Copying x86_microsoft.windows.c..-controls.resources_6595b64144ccf1df_6.0.26100.1591_lo-la_099683f3cb70d44f.FullName to C:\scratchdir\Windows\WinSxS_edit\x86_microsoft.windows.c..-controls.resources_6595b64144ccf1df_6.0.26100.1591_lo-la_099683f3cb70d44f
Copying x86_microsoft.windows.c..-controls.resources_6595b64144ccf1df_6.0.26100.1591_lt-lt_11cd7cc1c62eb609.FullName to C:\scratchdir\Windows\WinSxS_edit\x86_microsoft.windows.c..-controls.resources_6595b64144ccf1df_6.0.26100.1591_lt-lt_11cd7cc1c62eb609
Copying x86_microsoft.windows.c..-controls.resources_6595b64144ccf1df_6.0.26100.1591_lv-lv_129aeb45c5acf6f9.FullName to C:\scratchdir\Windows\WinSxS_edit\x86_microsoft.windows.c..-controls.resources_6595b64144ccf1df_6.0.26100.1591_lv-lv_129aeb45c5acf6f9
Copying x86_microsoft.windows.c..-controls.resources_6595b64144ccf1df_6.0.26100.1591_mi-nz_b80bad72b6b0ee53.FullName to C:\scratchdir\Windows\WinSxS_edit\x86_microsoft.windows.c..-controls.resources_6595b64144ccf1df_6.0.26100.1591_mi-nz_b80bad72b6b0ee53
Copying x86_microsoft.windows.c..-controls.resources_6595b64144ccf1df_6.0.26100.1591_mk-mk_b14f38b0bb07c8ab.FullName to C:\scratchdir\Windows\WinSxS_edit\x86_microsoft.windows.c..-controls.resources_6595b64144ccf1df_6.0.26100.1591_mk-mk_b14f38b0bb07c8ab
Copying x86_microsoft.windows.c..-controls.resources_6595b64144ccf1df_6.0.26100.1591_ml-in_b299596eba348bad.FullName to C:\scratchdir\Windows\WinSxS_edit\x86_microsoft.windows.c..-controls.resources_6595b64144ccf1df_6.0.26100.1591_ml-in_b299596eba348bad
Copying x86_microsoft.windows.c..-controls.resources_6595b64144ccf1df_6.0.26100.1591_mr-in_b25879e6ba653353.FullName to C:\scratchdir\Windows\WinSxS_edit\x86_microsoft.windows.c..-controls.resources_6595b64144ccf1df_6.0.26100.1591_mr-in_b25879e6ba653353
Copying x86_microsoft.windows.c..-controls.resources_6595b64144ccf1df_6.0.26100.1591_ms-my_b72e1dd4b74ae795.FullName to C:\scratchdir\Windows\WinSxS_edit\x86_microsoft.windows.c..-controls.resources_6595b64144ccf1df_6.0.26100.1591_ms-my_b72e1dd4b74ae795
Copying x86_microsoft.windows.c..-controls.resources_6595b64144ccf1df_6.0.26100.1591_mt-mt_b4ebaa02b8bfece3.FullName to C:\scratchdir\Windows\WinSxS_edit\x86_microsoft.windows.c..-controls.resources_6595b64144ccf1df_6.0.26100.1591_mt-mt_b4ebaa02b8bfece3
Copying x86_microsoft.windows.c..-controls.resources_6595b64144ccf1df_6.0.26100.1591_nb-no_5694d1f5ac2c1628.FullName to C:\scratchdir\Windows\WinSxS_edit\x86_microsoft.windows.c..-controls.resources_6595b64144ccf1df_6.0.26100.1591_nb-no_5694d1f5ac2c1628
Copying x86_microsoft.windows.c..-controls.resources_6595b64144ccf1df_6.0.26100.1591_ne-np_56e5e95fabfb6e82.FullName to C:\scratchdir\Windows\WinSxS_edit\x86_microsoft.windows.c..-controls.resources_6595b64144ccf1df_6.0.26100.1591_ne-np_56e5e95fabfb6e82
Copying x86_microsoft.windows.c..-controls.resources_6595b64144ccf1df_6.0.26100.1591_nl-nl_54d41d33ad581ffd.FullName to C:\scratchdir\Windows\WinSxS_edit\x86_microsoft.windows.c..-controls.resources_6595b64144ccf1df_6.0.26100.1591_nl-nl_54d41d33ad581ffd
Copying x86_microsoft.windows.c..-controls.resources_6595b64144ccf1df_6.0.26100.1591_nn-no_561312e5ac8d6574.FullName to C:\scratchdir\Windows\WinSxS_edit\x86_microsoft.windows.c..-controls.resources_6595b64144ccf1df_6.0.26100.1591_nn-no_561312e5ac8d6574
Copying x86_microsoft.windows.c..-controls.resources_6595b64144ccf1df_6.0.26100.1591_or-in_f89501f89f876dc5.FullName to C:\scratchdir\Windows\WinSxS_edit\x86_microsoft.windows.c..-controls.resources_6595b64144ccf1df_6.0.26100.1591_or-in_f89501f89f876dc5
Copying x86_microsoft.windows.c..-controls.resources_6595b64144ccf1df_6.0.26100.1591_pa-in_9c6b14ad918eaffd.FullName to C:\scratchdir\Windows\WinSxS_edit\x86_microsoft.windows.c..-controls.resources_6595b64144ccf1df_6.0.26100.1591_pa-in_9c6b14ad918eaffd
Copying x86_microsoft.windows.c..-controls.resources_6595b64144ccf1df_6.0.26100.1591_pl-pl_9b1077b5927a8db1.FullName to C:\scratchdir\Windows\WinSxS_edit\x86_microsoft.windows.c..-controls.resources_6595b64144ccf1df_6.0.26100.1591_pl-pl_9b1077b5927a8db1
Copying x86_microsoft.windows.c..-controls.resources_6595b64144ccf1df_6.0.26100.1591_pt-br_9d64625991042195.FullName to C:\scratchdir\Windows\WinSxS_edit\x86_microsoft.windows.c..-controls.resources_6595b64144ccf1df_6.0.26100.1591_pt-br_9d64625991042195
Copying x86_microsoft.windows.c..-controls.resources_6595b64144ccf1df_6.0.26100.1591_pt-pt_9e4631c590739171.FullName to C:\scratchdir\Windows\WinSxS_edit\x86_microsoft.windows.c..-controls.resources_6595b64144ccf1df_6.0.26100.1591_pt-pt_9e4631c590739171
Copying x86_microsoft.windows.c..-controls.resources_6595b64144ccf1df_6.0.26100.1591_qps-ploc_5a642386679b0ff5.FullName to C:\scratchdir\Windows\WinSxS_edit\x86_microsoft.windows.c..-controls.resources_6595b64144ccf1df_6.0.26100.1591_qps-ploc_5a642386679b0ff5
Copying x86_microsoft.windows.c..-controls.resources_6595b64144ccf1df_6.0.26100.1591_qps..ocm_f4c1513bcd79893e.FullName to C:\scratchdir\Windows\WinSxS_edit\x86_microsoft.windows.c..-controls.resources_6595b64144ccf1df_6.0.26100.1591_qps..ocm_f4c1513bcd79893e
Copying x86_microsoft.windows.c..-controls.resources_6595b64144ccf1df_6.0.26100.1591_quz-pe_0266e81632046792.FullName to C:\scratchdir\Windows\WinSxS_edit\x86_microsoft.windows.c..-controls.resources_6595b64144ccf1df_6.0.26100.1591_quz-pe_0266e81632046792
Copying x86_microsoft.windows.c..-controls.resources_6595b64144ccf1df_6.0.26100.1591_ro-ro_e280f7fd76da5ccd.FullName to C:\scratchdir\Windows\WinSxS_edit\x86_microsoft.windows.c..-controls.resources_6595b64144ccf1df_6.0.26100.1591_ro-ro_e280f7fd76da5ccd
Copying x86_microsoft.windows.c..-controls.resources_6595b64144ccf1df_6.0.26100.1591_ru-ru_e4e9438975551f9d.FullName to C:\scratchdir\Windows\WinSxS_edit\x86_microsoft.windows.c..-controls.resources_6595b64144ccf1df_6.0.26100.1591_ru-ru_e4e9438975551f9d
Copying x86_microsoft.windows.c..-controls.resources_6595b64144ccf1df_6.0.26100.1591_sk-sk_840448366a6f11c7.FullName to C:\scratchdir\Windows\WinSxS_edit\x86_microsoft.windows.c..-controls.resources_6595b64144ccf1df_6.0.26100.1591_sk-sk_840448366a6f11c7
Copying x86_microsoft.windows.c..-controls.resources_6595b64144ccf1df_6.0.26100.1591_sl-si_831669ee6b0924aa.FullName to C:\scratchdir\Windows\WinSxS_edit\x86_microsoft.windows.c..-controls.resources_6595b64144ccf1df_6.0.26100.1591_sl-si_831669ee6b0924aa
Copying x86_microsoft.windows.c..-controls.resources_6595b64144ccf1df_6.0.26100.1591_sq-al_843689ec6a54f0a2.FullName to C:\scratchdir\Windows\WinSxS_edit\x86_microsoft.windows.c..-controls.resources_6595b64144ccf1df_6.0.26100.1591_sq-al_843689ec6a54f0a2
Copying x86_microsoft.windows.c..-controls.resources_6595b64144ccf1df_6.0.26100.1591_sr-..-ba_e02a293c7ef392ee.FullName to C:\scratchdir\Windows\WinSxS_edit\x86_microsoft.windows.c..-controls.resources_6595b64144ccf1df_6.0.26100.1591_sr-..-ba_e02a293c7ef392ee
Copying x86_microsoft.windows.c..-controls.resources_6595b64144ccf1df_6.0.26100.1591_sr-..-rs_2946d232e01acbdb.FullName to C:\scratchdir\Windows\WinSxS_edit\x86_microsoft.windows.c..-controls.resources_6595b64144ccf1df_6.0.26100.1591_sr-..-rs_2946d232e01acbdb
Copying x86_microsoft.windows.c..-controls.resources_6595b64144ccf1df_6.0.26100.1591_sr-..-rs_e67ffd847af5d250.FullName to C:\scratchdir\Windows\WinSxS_edit\x86_microsoft.windows.c..-controls.resources_6595b64144ccf1df_6.0.26100.1591_sr-..-rs_e67ffd847af5d250
Copying x86_microsoft.windows.c..-controls.resources_6595b64144ccf1df_6.0.26100.1591_sv-se_80e42dfe6c7e29f8.FullName to C:\scratchdir\Windows\WinSxS_edit\x86_microsoft.windows.c..-controls.resources_6595b64144ccf1df_6.0.26100.1591_sv-se_80e42dfe6c7e29f8
Copying x86_microsoft.windows.c..-controls.resources_6595b64144ccf1df_6.0.26100.1591_ta-in_28e424d15bd324e1.FullName to C:\scratchdir\Windows\WinSxS_edit\x86_microsoft.windows.c..-controls.resources_6595b64144ccf1df_6.0.26100.1591_ta-in_28e424d15bd324e1
Copying x86_microsoft.windows.c..-controls.resources_6595b64144ccf1df_6.0.26100.1591_te-in_28b8e5215bf394a5.FullName to C:\scratchdir\Windows\WinSxS_edit\x86_microsoft.windows.c..-controls.resources_6595b64144ccf1df_6.0.26100.1591_te-in_28b8e5215bf394a5
Copying x86_microsoft.windows.c..-controls.resources_6595b64144ccf1df_6.0.26100.1591_th-th_25ee4fb15dc2e739.FullName to C:\scratchdir\Windows\WinSxS_edit\x86_microsoft.windows.c..-controls.resources_6595b64144ccf1df_6.0.26100.1591_th-th_25ee4fb15dc2e739
Copying x86_microsoft.windows.c..-controls.resources_6595b64144ccf1df_6.0.26100.1591_tr-tr_29f178455b3a2be9.FullName to C:\scratchdir\Windows\WinSxS_edit\x86_microsoft.windows.c..-controls.resources_6595b64144ccf1df_6.0.26100.1591_tr-tr_29f178455b3a2be9
Copying x86_microsoft.windows.c..-controls.resources_6595b64144ccf1df_6.0.26100.1591_tt-ru_2b309b875a6f3e1e.FullName to C:\scratchdir\Windows\WinSxS_edit\x86_microsoft.windows.c..-controls.resources_6595b64144ccf1df_6.0.26100.1591_tt-ru_2b309b875a6f3e1e
Copying x86_microsoft.windows.c..-controls.resources_6595b64144ccf1df_6.0.26100.1591_ug-cn_cbc212024e944ffa.FullName to C:\scratchdir\Windows\WinSxS_edit\x86_microsoft.windows.c..-controls.resources_6595b64144ccf1df_6.0.26100.1591_ug-cn_cbc212024e944ffa
Copying x86_microsoft.windows.c..-controls.resources_6595b64144ccf1df_6.0.26100.1591_uk-ua_c5d15aec526b5235.FullName to C:\scratchdir\Windows\WinSxS_edit\x86_microsoft.windows.c..-controls.resources_6595b64144ccf1df_6.0.26100.1591_uk-ua_c5d15aec526b5235
Copying x86_microsoft.windows.c..-controls.resources_6595b64144ccf1df_6.0.26100.1591_ur-pk_c9f5652c4fc9c2ed.FullName to C:\scratchdir\Windows\WinSxS_edit\x86_microsoft.windows.c..-controls.resources_6595b64144ccf1df_6.0.26100.1591_ur-pk_c9f5652c4fc9c2ed
Copying x86_microsoft.windows.c..-controls.resources_6595b64144ccf1df_6.0.26100.1591_uz-..-uz_0d8c615670109a9d.FullName to C:\scratchdir\Windows\WinSxS_edit\x86_microsoft.windows.c..-controls.resources_6595b64144ccf1df_6.0.26100.1591_uz-..-uz_0d8c615670109a9d
Copying x86_microsoft.windows.c..-controls.resources_6595b64144ccf1df_6.0.26100.1591_vi-vn_6ec9055b41378c08.FullName to C:\scratchdir\Windows\WinSxS_edit\x86_microsoft.windows.c..-controls.resources_6595b64144ccf1df_6.0.26100.1591_vi-vn_6ec9055b41378c08
Copying x86_microsoft.windows.c..-controls.resources_6595b64144ccf1df_6.0.26100.1591_zh-cn_fb4e96430b71fe08.FullName to C:\scratchdir\Windows\WinSxS_edit\x86_microsoft.windows.c..-controls.resources_6595b64144ccf1df_6.0.26100.1591_zh-cn_fb4e96430b71fe08
Copying x86_microsoft.windows.c..-controls.resources_6595b64144ccf1df_6.0.26100.1591_zh-tw_ff4ad39908e2da78.FullName to C:\scratchdir\Windows\WinSxS_edit\x86_microsoft.windows.c..-controls.resources_6595b64144ccf1df_6.0.26100.1591_zh-tw_ff4ad39908e2da78
Deleting WinSxS. This may take a while...
Complete!
Loading registry...
Applying OEM Info and Custom Wallpapers to install.wim...
Bypassing system requirements(on the system image):
Disabling Sponsored Apps:
Enabling Local Accounts on OOBE:
Disabling Reserved Storage:
Disabling BitLocker Device Encryption
Disabling Chat icon:
Removing Edge related registries
Disabling OneDrive folder backup
Disabling Telemetry:
Prevents installation or DevHome and Outlook:
Disabling Copilot
Prevents installation of Teams:
Prevent installation of New Outlook :
Deleting scheduled task definition files...
Task files have been deleted.
Disabling Windows Update...
















Disabling Windows Defender

Tweaking complete!
Unmounting Registry...

Cleaning up image...
Cleanup complete.

Unmounting image...

Exporting image...

Windows image completed. Continuing with boot.wim.
Mounting boot image:
processed file: C:\WinAurex\sources\boot.wim
Successfully processed 1 files; Failed processing 0 files

Deployment Image Servicing and Management tool
Version: 10.0.26100.5074

Mounting image
[==========================100.0%==========================]
The operation completed successfully.
Loading registry...
The operation completed successfully.
The operation completed successfully.
The operation completed successfully.
The operation completed successfully.
The operation completed successfully.
Applying Setup Customizations to boot.wim...
Bypassing system requirements(on the setup image):
Tweaking complete!
Unmounting Registry...
Unmounting image...

Deployment Image Servicing and Management tool
Version: 10.0.26100.5074

Saving image
[==========================100.0%==========================]
Unmounting image
[==========================100.0%==========================]
The operation completed successfully.
Exporting ESD. This may take a while...
